record_type,command_code,standard_path,base_mml_code,access_type,source_candidate,resolve_method,skipped_reason
binding,LST DEVICE_INFO,Device.DeviceInfo.1588_Status,1588_STATUS,RO,LST DEVICE_INFO,parent_exact,
binding,LST DEVICE_INFO,Device.DeviceInfo.AddEndPoint,ADD_END_POINT,RO,LST DEVICE_INFO,parent_exact,
binding,LST DEVICE_INFO,Device.DeviceInfo.AmbrLimitSwitch,AMBR_LIMIT_SWITCH,RW,LST DEVICE_INFO,parent_exact,
binding,MOD DEVICE_INFO,Device.DeviceInfo.AmbrLimitSwitch,AMBR_LIMIT_SWITCH,RW,MOD DEVICE_INFO,parent_exact,
binding,LST DEVICE_INFO,Device.DeviceInfo.BDS_Status,BDS_STATUS,RO,LST DEVICE_INFO,parent_exact,
binding,LST DEVICE_INFO,Device.DeviceInfo.CloudKey,CLOUD_KEY,RO,LST DEVICE_INFO,parent_exact,
binding,LST DEVICE_INFO,Device.DeviceInfo.DNS_CONFIG_IPMODE,DNS_CONFIG_IPMODE,RW,LST DEVICE_INFO,parent_exact,
binding,MOD DEVICE_INFO,Device.DeviceInfo.DNS_CONFIG_IPMODE,DNS_CONFIG_IPMODE,RW,MOD DEVICE_INFO,parent_exact,
binding,LST DEVICE_INFO,Device.DeviceInfo.DelEndPonit,DEL_END_PONIT,RO,LST DEVICE_INFO,parent_exact,
binding,LST DEVICE_INFO,Device.DeviceInfo.ETH1_STATUS_SPEED,ETH1_STATUS_SPEED,RO,LST DEVICE_INFO,parent_exact,
binding,LST DEVICE_INFO,Device.DeviceInfo.ElectronicDowntilt,ELECTRONIC_DOWNTILT,RO,LST DEVICE_INFO,parent_exact,
binding,LST DEVICE_INFO,Device.DeviceInfo.Enable256QAM,ENABLE256QAM,RW,LST DEVICE_INFO,parent_exact,
binding,MOD DEVICE_INFO,Device.DeviceInfo.Enable256QAM,ENABLE256QAM,RW,MOD DEVICE_INFO,parent_exact,
binding,LST DEVICE_INFO,Device.DeviceInfo.FaultLogURL,FAULT_LOG_URL,RW,LST DEVICE_INFO,parent_exact,
binding,MOD DEVICE_INFO,Device.DeviceInfo.FaultLogURL,FAULT_LOG_URL,RW,MOD DEVICE_INFO,parent_exact,
binding,LST DEVICE_INFO,Device.DeviceInfo.GPS_Satellite_level,GPS_SATELLITE_LEVEL,RO,LST DEVICE_INFO,parent_exact,
binding,LST DEVICE_INFO,Device.DeviceInfo.GPS_Status,GPS_STATUS,RO,LST DEVICE_INFO,parent_exact,
binding,LST DEVICE_INFO,Device.DeviceInfo.HOST_CONFIG_DNS1,HOST_CONFIG_DNS1,RW,LST DEVICE_INFO,parent_exact,
binding,MOD DEVICE_INFO,Device.DeviceInfo.HOST_CONFIG_DNS1,HOST_CONFIG_DNS1,RW,MOD DEVICE_INFO,parent_exact,
binding,LST DEVICE_INFO,Device.DeviceInfo.HOST_CONFIG_DNS2,HOST_CONFIG_DNS2,RW,LST DEVICE_INFO,parent_exact,
binding,MOD DEVICE_INFO,Device.DeviceInfo.HOST_CONFIG_DNS2,HOST_CONFIG_DNS2,RW,MOD DEVICE_INFO,parent_exact,
binding,LST DEVICE_INFO,Device.DeviceInfo.HardwareVersion_OLD,HARDWARE_VERSION_OLD,RO,LST DEVICE_INFO,parent_exact,
binding,LST DEVICE_INFO,Device.DeviceInfo.KERNAL_Version,KERNAL_VERSION,RO,LST DEVICE_INFO,parent_exact,
binding,LST DEVICE_INFO,Device.DeviceInfo.LAN_CONFIG_IPADDR,LAN_CONFIG_IPADDR,RW,LST DEVICE_INFO,parent_exact,
binding,MOD DEVICE_INFO,Device.DeviceInfo.LAN_CONFIG_IPADDR,LAN_CONFIG_IPADDR,RW,MOD DEVICE_INFO,parent_exact,
binding,LST DEVICE_INFO,Device.DeviceInfo.LAN_CONFIG_NETMASK,LAN_CONFIG_NETMASK,RW,LST DEVICE_INFO,parent_exact,
binding,MOD DEVICE_INFO,Device.DeviceInfo.LAN_CONFIG_NETMASK,LAN_CONFIG_NETMASK,RW,MOD DEVICE_INFO,parent_exact,
binding,LST DEVICE_INFO,Device.DeviceInfo.LTE_LGW_TRANSFER_Mode,LTE_LGW_TRANSFER_MODE,RW,LST DEVICE_INFO,parent_exact,
binding,MOD DEVICE_INFO,Device.DeviceInfo.LTE_LGW_TRANSFER_Mode,LTE_LGW_TRANSFER_MODE,RW,MOD DEVICE_INFO,parent_exact,
binding,LST DEVICE_INFO,Device.DeviceInfo.LTE_S1C_IFNAME,LTE_S1C_IFNAME,RW,LST DEVICE_INFO,parent_exact,
binding,MOD DEVICE_INFO,Device.DeviceInfo.LTE_S1C_IFNAME,LTE_S1C_IFNAME,RW,MOD DEVICE_INFO,parent_exact,
binding,LST DEVICE_INFO,Device.DeviceInfo.LTE_S1U_IFNAME,LTE_S1U_IFNAME,RW,LST DEVICE_INFO,parent_exact,
binding,MOD DEVICE_INFO,Device.DeviceInfo.LTE_S1U_IFNAME,LTE_S1U_IFNAME,RW,MOD DEVICE_INFO,parent_exact,
binding,LST DEVICE_INFO,Device.DeviceInfo.LTE_TR069_IFNAME,LTE_TR069_IFNAME,RW,LST DEVICE_INFO,parent_exact,
binding,MOD DEVICE_INFO,Device.DeviceInfo.LTE_TR069_IFNAME,LTE_TR069_IFNAME,RW,MOD DEVICE_INFO,parent_exact,
binding,LST DEVICE_INFO,Device.DeviceInfo.MME_Status,MME_STATUS,RO,LST DEVICE_INFO,parent_exact,
binding,LST DEVICE_INFO,Device.DeviceInfo.MODULE_TYPE,MODULE_TYPE,RO,LST DEVICE_INFO,parent_exact,
binding,LST DEVICE_INFO,Device.DeviceInfo.MODULE_TYPE_OLD,MODULE_TYPE_OLD,RO,LST DEVICE_INFO,parent_exact,
binding,LST DEVICE_INFO,Device.DeviceInfo.NET_IFCONFIG_INTERFACE,NET_IFCONFIG_INTERFACE,RW,LST DEVICE_INFO,parent_exact,
binding,MOD DEVICE_INFO,Device.DeviceInfo.NET_IFCONFIG_INTERFACE,NET_IFCONFIG_INTERFACE,RW,MOD DEVICE_INFO,parent_exact,
binding,LST DEVICE_INFO,Device.DeviceInfo.PowerSpectralDensity,POWER_SPECTRAL_DENSITY,RW,LST DEVICE_INFO,parent_exact,
binding,MOD DEVICE_INFO,Device.DeviceInfo.PowerSpectralDensity,POWER_SPECTRAL_DENSITY,RW,MOD DEVICE_INFO,parent_exact,
binding,LST DEVICE_INFO,Device.DeviceInfo.PowerSpectralDensity1,POWER_SPECTRAL_DENSITY1,RW,LST DEVICE_INFO,parent_exact,
binding,MOD DEVICE_INFO,Device.DeviceInfo.PowerSpectralDensity1,POWER_SPECTRAL_DENSITY1,RW,MOD DEVICE_INFO,parent_exact,
binding,LST DEVICE_INFO,Device.DeviceInfo.PowerSpectralDensity2,POWER_SPECTRAL_DENSITY2,RW,LST DEVICE_INFO,parent_exact,
binding,MOD DEVICE_INFO,Device.DeviceInfo.PowerSpectralDensity2,POWER_SPECTRAL_DENSITY2,RW,MOD DEVICE_INFO,parent_exact,
binding,LST DEVICE_INFO,Device.DeviceInfo.PowerSpectralDensity3,POWER_SPECTRAL_DENSITY3,RW,LST DEVICE_INFO,parent_exact,
binding,MOD DEVICE_INFO,Device.DeviceInfo.PowerSpectralDensity3,POWER_SPECTRAL_DENSITY3,RW,MOD DEVICE_INFO,parent_exact,
binding,LST DEVICE_INFO,Device.DeviceInfo.REM_Status,REM_STATUS,RO,LST DEVICE_INFO,parent_exact,
binding,LST DEVICE_INFO,Device.DeviceInfo.ROLLBACK_CONTROL,ROLLBACK_CONTROL,RW,LST DEVICE_INFO,parent_exact,
binding,MOD DEVICE_INFO,Device.DeviceInfo.ROLLBACK_CONTROL,ROLLBACK_CONTROL,RW,MOD DEVICE_INFO,parent_exact,
binding,LST DEVICE_INFO,Device.DeviceInfo.ROLLBACK_ENABLE,ROLLBACK_ENABLE,RO,LST DEVICE_INFO,parent_exact,
binding,LST DEVICE_INFO,Device.DeviceInfo.ROUTE_CONFIG10_GW,ROUTE_CONFIG10_GW,RW,LST DEVICE_INFO,parent_exact,
binding,MOD DEVICE_INFO,Device.DeviceInfo.ROUTE_CONFIG10_GW,ROUTE_CONFIG10_GW,RW,MOD DEVICE_INFO,parent_exact,
binding,LST DEVICE_INFO,Device.DeviceInfo.ROUTE_CONFIG10_NETADDR,ROUTE_CONFIG10_NETADDR,RW,LST DEVICE_INFO,parent_exact,
binding,MOD DEVICE_INFO,Device.DeviceInfo.ROUTE_CONFIG10_NETADDR,ROUTE_CONFIG10_NETADDR,RW,MOD DEVICE_INFO,parent_exact,
binding,LST DEVICE_INFO,Device.DeviceInfo.ROUTE_CONFIG10_NETMASK,ROUTE_CONFIG10_NETMASK,RW,LST DEVICE_INFO,parent_exact,
binding,MOD DEVICE_INFO,Device.DeviceInfo.ROUTE_CONFIG10_NETMASK,ROUTE_CONFIG10_NETMASK,RW,MOD DEVICE_INFO,parent_exact,
binding,LST DEVICE_INFO,Device.DeviceInfo.ROUTE_CONFIG10_ONBOOTENB,ROUTE_CONFIG10_ONBOOTENB,RW,LST DEVICE_INFO,parent_exact,
binding,MOD DEVICE_INFO,Device.DeviceInfo.ROUTE_CONFIG10_ONBOOTENB,ROUTE_CONFIG10_ONBOOTENB,RW,MOD DEVICE_INFO,parent_exact,
binding,LST DEVICE_INFO,Device.DeviceInfo.ROUTE_CONFIG10_V6_GW,ROUTE_CONFIG10_V6_GW,RW,LST DEVICE_INFO,parent_exact,
binding,MOD DEVICE_INFO,Device.DeviceInfo.ROUTE_CONFIG10_V6_GW,ROUTE_CONFIG10_V6_GW,RW,MOD DEVICE_INFO,parent_exact,
binding,LST DEVICE_INFO,Device.DeviceInfo.ROUTE_CONFIG10_V6_NETADDR,ROUTE_CONFIG10_V6_NETADDR,RW,LST DEVICE_INFO,parent_exact,
binding,MOD DEVICE_INFO,Device.DeviceInfo.ROUTE_CONFIG10_V6_NETADDR,ROUTE_CONFIG10_V6_NETADDR,RW,MOD DEVICE_INFO,parent_exact,
binding,LST DEVICE_INFO,Device.DeviceInfo.ROUTE_CONFIG10_V6_ONBOOT,ROUTE_CONFIG10_V6_ONBOOT,RW,LST DEVICE_INFO,parent_exact,
binding,MOD DEVICE_INFO,Device.DeviceInfo.ROUTE_CONFIG10_V6_ONBOOT,ROUTE_CONFIG10_V6_ONBOOT,RW,MOD DEVICE_INFO,parent_exact,
binding,LST DEVICE_INFO,Device.DeviceInfo.ROUTE_CONFIG10_V6_PREFIX,ROUTE_CONFIG10_V6_PREFIX,RW,LST DEVICE_INFO,parent_exact,
binding,MOD DEVICE_INFO,Device.DeviceInfo.ROUTE_CONFIG10_V6_PREFIX,ROUTE_CONFIG10_V6_PREFIX,RW,MOD DEVICE_INFO,parent_exact,
binding,LST DEVICE_INFO,Device.DeviceInfo.ROUTE_CONFIG11_GW,ROUTE_CONFIG11_GW,RW,LST DEVICE_INFO,parent_exact,
binding,MOD DEVICE_INFO,Device.DeviceInfo.ROUTE_CONFIG11_GW,ROUTE_CONFIG11_GW,RW,MOD DEVICE_INFO,parent_exact,
binding,LST DEVICE_INFO,Device.DeviceInfo.ROUTE_CONFIG11_NETADDR,ROUTE_CONFIG11_NETADDR,RW,LST DEVICE_INFO,parent_exact,
binding,MOD DEVICE_INFO,Device.DeviceInfo.ROUTE_CONFIG11_NETADDR,ROUTE_CONFIG11_NETADDR,RW,MOD DEVICE_INFO,parent_exact,
binding,LST DEVICE_INFO,Device.DeviceInfo.ROUTE_CONFIG11_NETMASK,ROUTE_CONFIG11_NETMASK,RW,LST DEVICE_INFO,parent_exact,
binding,MOD DEVICE_INFO,Device.DeviceInfo.ROUTE_CONFIG11_NETMASK,ROUTE_CONFIG11_NETMASK,RW,MOD DEVICE_INFO,parent_exact,
binding,LST DEVICE_INFO,Device.DeviceInfo.ROUTE_CONFIG11_ONBOOTENB,ROUTE_CONFIG11_ONBOOTENB,RW,LST DEVICE_INFO,parent_exact,
binding,MOD DEVICE_INFO,Device.DeviceInfo.ROUTE_CONFIG11_ONBOOTENB,ROUTE_CONFIG11_ONBOOTENB,RW,MOD DEVICE_INFO,parent_exact,
binding,LST DEVICE_INFO,Device.DeviceInfo.ROUTE_CONFIG11_V6_GW,ROUTE_CONFIG11_V6_GW,RW,LST DEVICE_INFO,parent_exact,
binding,MOD DEVICE_INFO,Device.DeviceInfo.ROUTE_CONFIG11_V6_GW,ROUTE_CONFIG11_V6_GW,RW,MOD DEVICE_INFO,parent_exact,
binding,LST DEVICE_INFO,Device.DeviceInfo.ROUTE_CONFIG11_V6_NETADDR,ROUTE_CONFIG11_V6_NETADDR,RW,LST DEVICE_INFO,parent_exact,
binding,MOD DEVICE_INFO,Device.DeviceInfo.ROUTE_CONFIG11_V6_NETADDR,ROUTE_CONFIG11_V6_NETADDR,RW,MOD DEVICE_INFO,parent_exact,
binding,LST DEVICE_INFO,Device.DeviceInfo.ROUTE_CONFIG11_V6_ONBOOT,ROUTE_CONFIG11_V6_ONBOOT,RW,LST DEVICE_INFO,parent_exact,
binding,MOD DEVICE_INFO,Device.DeviceInfo.ROUTE_CONFIG11_V6_ONBOOT,ROUTE_CONFIG11_V6_ONBOOT,RW,MOD DEVICE_INFO,parent_exact,
binding,LST DEVICE_INFO,Device.DeviceInfo.ROUTE_CONFIG11_V6_PREFIX,ROUTE_CONFIG11_V6_PREFIX,RW,LST DEVICE_INFO,parent_exact,
binding,MOD DEVICE_INFO,Device.DeviceInfo.ROUTE_CONFIG11_V6_PREFIX,ROUTE_CONFIG11_V6_PREFIX,RW,MOD DEVICE_INFO,parent_exact,
binding,LST DEVICE_INFO,Device.DeviceInfo.ROUTE_CONFIG12_GW,ROUTE_CONFIG12_GW,RW,LST DEVICE_INFO,parent_exact,
binding,MOD DEVICE_INFO,Device.DeviceInfo.ROUTE_CONFIG12_GW,ROUTE_CONFIG12_GW,RW,MOD DEVICE_INFO,parent_exact,
binding,LST DEVICE_INFO,Device.DeviceInfo.ROUTE_CONFIG12_NETADDR,ROUTE_CONFIG12_NETADDR,RW,LST DEVICE_INFO,parent_exact,
binding,MOD DEVICE_INFO,Device.DeviceInfo.ROUTE_CONFIG12_NETADDR,ROUTE_CONFIG12_NETADDR,RW,MOD DEVICE_INFO,parent_exact,
binding,LST DEVICE_INFO,Device.DeviceInfo.ROUTE_CONFIG12_NETMASK,ROUTE_CONFIG12_NETMASK,RW,LST DEVICE_INFO,parent_exact,
binding,MOD DEVICE_INFO,Device.DeviceInfo.ROUTE_CONFIG12_NETMASK,ROUTE_CONFIG12_NETMASK,RW,MOD DEVICE_INFO,parent_exact,
binding,LST DEVICE_INFO,Device.DeviceInfo.ROUTE_CONFIG12_ONBOOTENB,ROUTE_CONFIG12_ONBOOTENB,RW,LST DEVICE_INFO,parent_exact,
binding,MOD DEVICE_INFO,Device.DeviceInfo.ROUTE_CONFIG12_ONBOOTENB,ROUTE_CONFIG12_ONBOOTENB,RW,MOD DEVICE_INFO,parent_exact,
binding,LST DEVICE_INFO,Device.DeviceInfo.ROUTE_CONFIG12_V6_GW,ROUTE_CONFIG12_V6_GW,RW,LST DEVICE_INFO,parent_exact,
binding,MOD DEVICE_INFO,Device.DeviceInfo.ROUTE_CONFIG12_V6_GW,ROUTE_CONFIG12_V6_GW,RW,MOD DEVICE_INFO,parent_exact,
binding,LST DEVICE_INFO,Device.DeviceInfo.ROUTE_CONFIG12_V6_NETADDR,ROUTE_CONFIG12_V6_NETADDR,RW,LST DEVICE_INFO,parent_exact,
binding,MOD DEVICE_INFO,Device.DeviceInfo.ROUTE_CONFIG12_V6_NETADDR,ROUTE_CONFIG12_V6_NETADDR,RW,MOD DEVICE_INFO,parent_exact,
binding,LST DEVICE_INFO,Device.DeviceInfo.ROUTE_CONFIG12_V6_ONBOOT,ROUTE_CONFIG12_V6_ONBOOT,RW,LST DEVICE_INFO,parent_exact,
binding,MOD DEVICE_INFO,Device.DeviceInfo.ROUTE_CONFIG12_V6_ONBOOT,ROUTE_CONFIG12_V6_ONBOOT,RW,MOD DEVICE_INFO,parent_exact,
binding,LST DEVICE_INFO,Device.DeviceInfo.ROUTE_CONFIG12_V6_PREFIX,ROUTE_CONFIG12_V6_PREFIX,RW,LST DEVICE_INFO,parent_exact,
binding,MOD DEVICE_INFO,Device.DeviceInfo.ROUTE_CONFIG12_V6_PREFIX,ROUTE_CONFIG12_V6_PREFIX,RW,MOD DEVICE_INFO,parent_exact,
binding,LST DEVICE_INFO,Device.DeviceInfo.ROUTE_CONFIG1_GW,ROUTE_CONFIG1_GW,RW,LST DEVICE_INFO,parent_exact,
binding,MOD DEVICE_INFO,Device.DeviceInfo.ROUTE_CONFIG1_GW,ROUTE_CONFIG1_GW,RW,MOD DEVICE_INFO,parent_exact,
binding,LST DEVICE_INFO,Device.DeviceInfo.ROUTE_CONFIG1_NETADDR,ROUTE_CONFIG1_NETADDR,RW,LST DEVICE_INFO,parent_exact,
binding,MOD DEVICE_INFO,Device.DeviceInfo.ROUTE_CONFIG1_NETADDR,ROUTE_CONFIG1_NETADDR,RW,MOD DEVICE_INFO,parent_exact,
binding,LST DEVICE_INFO,Device.DeviceInfo.ROUTE_CONFIG1_NETMASK,ROUTE_CONFIG1_NETMASK,RW,LST DEVICE_INFO,parent_exact,
binding,MOD DEVICE_INFO,Device.DeviceInfo.ROUTE_CONFIG1_NETMASK,ROUTE_CONFIG1_NETMASK,RW,MOD DEVICE_INFO,parent_exact,
binding,LST DEVICE_INFO,Device.DeviceInfo.ROUTE_CONFIG1_ONBOOTENB,ROUTE_CONFIG1_ONBOOTENB,RW,LST DEVICE_INFO,parent_exact,
binding,MOD DEVICE_INFO,Device.DeviceInfo.ROUTE_CONFIG1_ONBOOTENB,ROUTE_CONFIG1_ONBOOTENB,RW,MOD DEVICE_INFO,parent_exact,
binding,LST DEVICE_INFO,Device.DeviceInfo.ROUTE_CONFIG1_V6_GW,ROUTE_CONFIG1_V6_GW,RW,LST DEVICE_INFO,parent_exact,
binding,MOD DEVICE_INFO,Device.DeviceInfo.ROUTE_CONFIG1_V6_GW,ROUTE_CONFIG1_V6_GW,RW,MOD DEVICE_INFO,parent_exact,
binding,LST DEVICE_INFO,Device.DeviceInfo.ROUTE_CONFIG1_V6_NETADDR,ROUTE_CONFIG1_V6_NETADDR,RW,LST DEVICE_INFO,parent_exact,
binding,MOD DEVICE_INFO,Device.DeviceInfo.ROUTE_CONFIG1_V6_NETADDR,ROUTE_CONFIG1_V6_NETADDR,RW,MOD DEVICE_INFO,parent_exact,
binding,LST DEVICE_INFO,Device.DeviceInfo.ROUTE_CONFIG1_V6_ONBOOT,ROUTE_CONFIG1_V6_ONBOOT,RW,LST DEVICE_INFO,parent_exact,
binding,MOD DEVICE_INFO,Device.DeviceInfo.ROUTE_CONFIG1_V6_ONBOOT,ROUTE_CONFIG1_V6_ONBOOT,RW,MOD DEVICE_INFO,parent_exact,
binding,LST DEVICE_INFO,Device.DeviceInfo.ROUTE_CONFIG1_V6_PREFIX,ROUTE_CONFIG1_V6_PREFIX,RW,LST DEVICE_INFO,parent_exact,
binding,MOD DEVICE_INFO,Device.DeviceInfo.ROUTE_CONFIG1_V6_PREFIX,ROUTE_CONFIG1_V6_PREFIX,RW,MOD DEVICE_INFO,parent_exact,
binding,LST DEVICE_INFO,Device.DeviceInfo.ROUTE_CONFIG2_GW,ROUTE_CONFIG2_GW,RW,LST DEVICE_INFO,parent_exact,
binding,MOD DEVICE_INFO,Device.DeviceInfo.ROUTE_CONFIG2_GW,ROUTE_CONFIG2_GW,RW,MOD DEVICE_INFO,parent_exact,
binding,LST DEVICE_INFO,Device.DeviceInfo.ROUTE_CONFIG2_NETADDR,ROUTE_CONFIG2_NETADDR,RW,LST DEVICE_INFO,parent_exact,
binding,MOD DEVICE_INFO,Device.DeviceInfo.ROUTE_CONFIG2_NETADDR,ROUTE_CONFIG2_NETADDR,RW,MOD DEVICE_INFO,parent_exact,
binding,LST DEVICE_INFO,Device.DeviceInfo.ROUTE_CONFIG2_NETMASK,ROUTE_CONFIG2_NETMASK,RW,LST DEVICE_INFO,parent_exact,
binding,MOD DEVICE_INFO,Device.DeviceInfo.ROUTE_CONFIG2_NETMASK,ROUTE_CONFIG2_NETMASK,RW,MOD DEVICE_INFO,parent_exact,
binding,LST DEVICE_INFO,Device.DeviceInfo.ROUTE_CONFIG2_ONBOOTENB,ROUTE_CONFIG2_ONBOOTENB,RW,LST DEVICE_INFO,parent_exact,
binding,MOD DEVICE_INFO,Device.DeviceInfo.ROUTE_CONFIG2_ONBOOTENB,ROUTE_CONFIG2_ONBOOTENB,RW,MOD DEVICE_INFO,parent_exact,
binding,LST DEVICE_INFO,Device.DeviceInfo.ROUTE_CONFIG2_V6_GW,ROUTE_CONFIG2_V6_GW,RW,LST DEVICE_INFO,parent_exact,
binding,MOD DEVICE_INFO,Device.DeviceInfo.ROUTE_CONFIG2_V6_GW,ROUTE_CONFIG2_V6_GW,RW,MOD DEVICE_INFO,parent_exact,
binding,LST DEVICE_INFO,Device.DeviceInfo.ROUTE_CONFIG2_V6_NETADDR,ROUTE_CONFIG2_V6_NETADDR,RW,LST DEVICE_INFO,parent_exact,
binding,MOD DEVICE_INFO,Device.DeviceInfo.ROUTE_CONFIG2_V6_NETADDR,ROUTE_CONFIG2_V6_NETADDR,RW,MOD DEVICE_INFO,parent_exact,
binding,LST DEVICE_INFO,Device.DeviceInfo.ROUTE_CONFIG2_V6_ONBOOT,ROUTE_CONFIG2_V6_ONBOOT,RW,LST DEVICE_INFO,parent_exact,
binding,MOD DEVICE_INFO,Device.DeviceInfo.ROUTE_CONFIG2_V6_ONBOOT,ROUTE_CONFIG2_V6_ONBOOT,RW,MOD DEVICE_INFO,parent_exact,
binding,LST DEVICE_INFO,Device.DeviceInfo.ROUTE_CONFIG2_V6_PREFIX,ROUTE_CONFIG2_V6_PREFIX,RW,LST DEVICE_INFO,parent_exact,
binding,MOD DEVICE_INFO,Device.DeviceInfo.ROUTE_CONFIG2_V6_PREFIX,ROUTE_CONFIG2_V6_PREFIX,RW,MOD DEVICE_INFO,parent_exact,
binding,LST DEVICE_INFO,Device.DeviceInfo.ROUTE_CONFIG3_GW,ROUTE_CONFIG3_GW,RW,LST DEVICE_INFO,parent_exact,
binding,MOD DEVICE_INFO,Device.DeviceInfo.ROUTE_CONFIG3_GW,ROUTE_CONFIG3_GW,RW,MOD DEVICE_INFO,parent_exact,
binding,LST DEVICE_INFO,Device.DeviceInfo.ROUTE_CONFIG3_NETADDR,ROUTE_CONFIG3_NETADDR,RW,LST DEVICE_INFO,parent_exact,
binding,MOD DEVICE_INFO,Device.DeviceInfo.ROUTE_CONFIG3_NETADDR,ROUTE_CONFIG3_NETADDR,RW,MOD DEVICE_INFO,parent_exact,
binding,LST DEVICE_INFO,Device.DeviceInfo.ROUTE_CONFIG3_NETMASK,ROUTE_CONFIG3_NETMASK,RW,LST DEVICE_INFO,parent_exact,
binding,MOD DEVICE_INFO,Device.DeviceInfo.ROUTE_CONFIG3_NETMASK,ROUTE_CONFIG3_NETMASK,RW,MOD DEVICE_INFO,parent_exact,
binding,LST DEVICE_INFO,Device.DeviceInfo.ROUTE_CONFIG3_ONBOOTENB,ROUTE_CONFIG3_ONBOOTENB,RW,LST DEVICE_INFO,parent_exact,
binding,MOD DEVICE_INFO,Device.DeviceInfo.ROUTE_CONFIG3_ONBOOTENB,ROUTE_CONFIG3_ONBOOTENB,RW,MOD DEVICE_INFO,parent_exact,
binding,LST DEVICE_INFO,Device.DeviceInfo.ROUTE_CONFIG3_V6_GW,ROUTE_CONFIG3_V6_GW,RW,LST DEVICE_INFO,parent_exact,
binding,MOD DEVICE_INFO,Device.DeviceInfo.ROUTE_CONFIG3_V6_GW,ROUTE_CONFIG3_V6_GW,RW,MOD DEVICE_INFO,parent_exact,
binding,LST DEVICE_INFO,Device.DeviceInfo.ROUTE_CONFIG3_V6_NETADDR,ROUTE_CONFIG3_V6_NETADDR,RW,LST DEVICE_INFO,parent_exact,
binding,MOD DEVICE_INFO,Device.DeviceInfo.ROUTE_CONFIG3_V6_NETADDR,ROUTE_CONFIG3_V6_NETADDR,RW,MOD DEVICE_INFO,parent_exact,
binding,LST DEVICE_INFO,Device.DeviceInfo.ROUTE_CONFIG3_V6_ONBOOT,ROUTE_CONFIG3_V6_ONBOOT,RW,LST DEVICE_INFO,parent_exact,
binding,MOD DEVICE_INFO,Device.DeviceInfo.ROUTE_CONFIG3_V6_ONBOOT,ROUTE_CONFIG3_V6_ONBOOT,RW,MOD DEVICE_INFO,parent_exact,
binding,LST DEVICE_INFO,Device.DeviceInfo.ROUTE_CONFIG3_V6_PREFIX,ROUTE_CONFIG3_V6_PREFIX,RW,LST DEVICE_INFO,parent_exact,
binding,MOD DEVICE_INFO,Device.DeviceInfo.ROUTE_CONFIG3_V6_PREFIX,ROUTE_CONFIG3_V6_PREFIX,RW,MOD DEVICE_INFO,parent_exact,
binding,LST DEVICE_INFO,Device.DeviceInfo.ROUTE_CONFIG4_GW,ROUTE_CONFIG4_GW,RW,LST DEVICE_INFO,parent_exact,
binding,MOD DEVICE_INFO,Device.DeviceInfo.ROUTE_CONFIG4_GW,ROUTE_CONFIG4_GW,RW,MOD DEVICE_INFO,parent_exact,
binding,LST DEVICE_INFO,Device.DeviceInfo.ROUTE_CONFIG4_NETADDR,ROUTE_CONFIG4_NETADDR,RW,LST DEVICE_INFO,parent_exact,
binding,MOD DEVICE_INFO,Device.DeviceInfo.ROUTE_CONFIG4_NETADDR,ROUTE_CONFIG4_NETADDR,RW,MOD DEVICE_INFO,parent_exact,
binding,LST DEVICE_INFO,Device.DeviceInfo.ROUTE_CONFIG4_NETMASK,ROUTE_CONFIG4_NETMASK,RW,LST DEVICE_INFO,parent_exact,
binding,MOD DEVICE_INFO,Device.DeviceInfo.ROUTE_CONFIG4_NETMASK,ROUTE_CONFIG4_NETMASK,RW,MOD DEVICE_INFO,parent_exact,
binding,LST DEVICE_INFO,Device.DeviceInfo.ROUTE_CONFIG4_ONBOOTENB,ROUTE_CONFIG4_ONBOOTENB,RW,LST DEVICE_INFO,parent_exact,
binding,MOD DEVICE_INFO,Device.DeviceInfo.ROUTE_CONFIG4_ONBOOTENB,ROUTE_CONFIG4_ONBOOTENB,RW,MOD DEVICE_INFO,parent_exact,
binding,LST DEVICE_INFO,Device.DeviceInfo.ROUTE_CONFIG4_V6_GW,ROUTE_CONFIG4_V6_GW,RW,LST DEVICE_INFO,parent_exact,
binding,MOD DEVICE_INFO,Device.DeviceInfo.ROUTE_CONFIG4_V6_GW,ROUTE_CONFIG4_V6_GW,RW,MOD DEVICE_INFO,parent_exact,
binding,LST DEVICE_INFO,Device.DeviceInfo.ROUTE_CONFIG4_V6_NETADDR,ROUTE_CONFIG4_V6_NETADDR,RW,LST DEVICE_INFO,parent_exact,
binding,MOD DEVICE_INFO,Device.DeviceInfo.ROUTE_CONFIG4_V6_NETADDR,ROUTE_CONFIG4_V6_NETADDR,RW,MOD DEVICE_INFO,parent_exact,
binding,LST DEVICE_INFO,Device.DeviceInfo.ROUTE_CONFIG4_V6_ONBOOT,ROUTE_CONFIG4_V6_ONBOOT,RW,LST DEVICE_INFO,parent_exact,
binding,MOD DEVICE_INFO,Device.DeviceInfo.ROUTE_CONFIG4_V6_ONBOOT,ROUTE_CONFIG4_V6_ONBOOT,RW,MOD DEVICE_INFO,parent_exact,
binding,LST DEVICE_INFO,Device.DeviceInfo.ROUTE_CONFIG4_V6_PREFIX,ROUTE_CONFIG4_V6_PREFIX,RW,LST DEVICE_INFO,parent_exact,
binding,MOD DEVICE_INFO,Device.DeviceInfo.ROUTE_CONFIG4_V6_PREFIX,ROUTE_CONFIG4_V6_PREFIX,RW,MOD DEVICE_INFO,parent_exact,
binding,LST DEVICE_INFO,Device.DeviceInfo.ROUTE_CONFIG5_GW,ROUTE_CONFIG5_GW,RW,LST DEVICE_INFO,parent_exact,
binding,MOD DEVICE_INFO,Device.DeviceInfo.ROUTE_CONFIG5_GW,ROUTE_CONFIG5_GW,RW,MOD DEVICE_INFO,parent_exact,
binding,LST DEVICE_INFO,Device.DeviceInfo.ROUTE_CONFIG5_NETADDR,ROUTE_CONFIG5_NETADDR,RW,LST DEVICE_INFO,parent_exact,
binding,MOD DEVICE_INFO,Device.DeviceInfo.ROUTE_CONFIG5_NETADDR,ROUTE_CONFIG5_NETADDR,RW,MOD DEVICE_INFO,parent_exact,
binding,LST DEVICE_INFO,Device.DeviceInfo.ROUTE_CONFIG5_NETMASK,ROUTE_CONFIG5_NETMASK,RW,LST DEVICE_INFO,parent_exact,
binding,MOD DEVICE_INFO,Device.DeviceInfo.ROUTE_CONFIG5_NETMASK,ROUTE_CONFIG5_NETMASK,RW,MOD DEVICE_INFO,parent_exact,
binding,LST DEVICE_INFO,Device.DeviceInfo.ROUTE_CONFIG5_ONBOOTENB,ROUTE_CONFIG5_ONBOOTENB,RW,LST DEVICE_INFO,parent_exact,
binding,MOD DEVICE_INFO,Device.DeviceInfo.ROUTE_CONFIG5_ONBOOTENB,ROUTE_CONFIG5_ONBOOTENB,RW,MOD DEVICE_INFO,parent_exact,
binding,LST DEVICE_INFO,Device.DeviceInfo.ROUTE_CONFIG5_V6_GW,ROUTE_CONFIG5_V6_GW,RW,LST DEVICE_INFO,parent_exact,
binding,MOD DEVICE_INFO,Device.DeviceInfo.ROUTE_CONFIG5_V6_GW,ROUTE_CONFIG5_V6_GW,RW,MOD DEVICE_INFO,parent_exact,
binding,LST DEVICE_INFO,Device.DeviceInfo.ROUTE_CONFIG5_V6_NETADDR,ROUTE_CONFIG5_V6_NETADDR,RW,LST DEVICE_INFO,parent_exact,
binding,MOD DEVICE_INFO,Device.DeviceInfo.ROUTE_CONFIG5_V6_NETADDR,ROUTE_CONFIG5_V6_NETADDR,RW,MOD DEVICE_INFO,parent_exact,
binding,LST DEVICE_INFO,Device.DeviceInfo.ROUTE_CONFIG5_V6_ONBOOT,ROUTE_CONFIG5_V6_ONBOOT,RW,LST DEVICE_INFO,parent_exact,
binding,MOD DEVICE_INFO,Device.DeviceInfo.ROUTE_CONFIG5_V6_ONBOOT,ROUTE_CONFIG5_V6_ONBOOT,RW,MOD DEVICE_INFO,parent_exact,
binding,LST DEVICE_INFO,Device.DeviceInfo.ROUTE_CONFIG5_V6_PREFIX,ROUTE_CONFIG5_V6_PREFIX,RW,LST DEVICE_INFO,parent_exact,
binding,MOD DEVICE_INFO,Device.DeviceInfo.ROUTE_CONFIG5_V6_PREFIX,ROUTE_CONFIG5_V6_PREFIX,RW,MOD DEVICE_INFO,parent_exact,
binding,LST DEVICE_INFO,Device.DeviceInfo.ROUTE_CONFIG6_GW,ROUTE_CONFIG6_GW,RW,LST DEVICE_INFO,parent_exact,
binding,MOD DEVICE_INFO,Device.DeviceInfo.ROUTE_CONFIG6_GW,ROUTE_CONFIG6_GW,RW,MOD DEVICE_INFO,parent_exact,
binding,LST DEVICE_INFO,Device.DeviceInfo.ROUTE_CONFIG6_NETADDR,ROUTE_CONFIG6_NETADDR,RW,LST DEVICE_INFO,parent_exact,
binding,MOD DEVICE_INFO,Device.DeviceInfo.ROUTE_CONFIG6_NETADDR,ROUTE_CONFIG6_NETADDR,RW,MOD DEVICE_INFO,parent_exact,
binding,LST DEVICE_INFO,Device.DeviceInfo.ROUTE_CONFIG6_NETMASK,ROUTE_CONFIG6_NETMASK,RW,LST DEVICE_INFO,parent_exact,
binding,MOD DEVICE_INFO,Device.DeviceInfo.ROUTE_CONFIG6_NETMASK,ROUTE_CONFIG6_NETMASK,RW,MOD DEVICE_INFO,parent_exact,
binding,LST DEVICE_INFO,Device.DeviceInfo.ROUTE_CONFIG6_ONBOOTENB,ROUTE_CONFIG6_ONBOOTENB,RW,LST DEVICE_INFO,parent_exact,
binding,MOD DEVICE_INFO,Device.DeviceInfo.ROUTE_CONFIG6_ONBOOTENB,ROUTE_CONFIG6_ONBOOTENB,RW,MOD DEVICE_INFO,parent_exact,
binding,LST DEVICE_INFO,Device.DeviceInfo.ROUTE_CONFIG6_V6_GW,ROUTE_CONFIG6_V6_GW,RW,LST DEVICE_INFO,parent_exact,
binding,MOD DEVICE_INFO,Device.DeviceInfo.ROUTE_CONFIG6_V6_GW,ROUTE_CONFIG6_V6_GW,RW,MOD DEVICE_INFO,parent_exact,
binding,LST DEVICE_INFO,Device.DeviceInfo.ROUTE_CONFIG6_V6_NETADDR,ROUTE_CONFIG6_V6_NETADDR,RW,LST DEVICE_INFO,parent_exact,
binding,MOD DEVICE_INFO,Device.DeviceInfo.ROUTE_CONFIG6_V6_NETADDR,ROUTE_CONFIG6_V6_NETADDR,RW,MOD DEVICE_INFO,parent_exact,
binding,LST DEVICE_INFO,Device.DeviceInfo.ROUTE_CONFIG6_V6_ONBOOT,ROUTE_CONFIG6_V6_ONBOOT,RW,LST DEVICE_INFO,parent_exact,
binding,MOD DEVICE_INFO,Device.DeviceInfo.ROUTE_CONFIG6_V6_ONBOOT,ROUTE_CONFIG6_V6_ONBOOT,RW,MOD DEVICE_INFO,parent_exact,
binding,LST DEVICE_INFO,Device.DeviceInfo.ROUTE_CONFIG6_V6_PREFIX,ROUTE_CONFIG6_V6_PREFIX,RW,LST DEVICE_INFO,parent_exact,
binding,MOD DEVICE_INFO,Device.DeviceInfo.ROUTE_CONFIG6_V6_PREFIX,ROUTE_CONFIG6_V6_PREFIX,RW,MOD DEVICE_INFO,parent_exact,
binding,LST DEVICE_INFO,Device.DeviceInfo.ROUTE_CONFIG7_GW,ROUTE_CONFIG7_GW,RW,LST DEVICE_INFO,parent_exact,
binding,MOD DEVICE_INFO,Device.DeviceInfo.ROUTE_CONFIG7_GW,ROUTE_CONFIG7_GW,RW,MOD DEVICE_INFO,parent_exact,
binding,LST DEVICE_INFO,Device.DeviceInfo.ROUTE_CONFIG7_NETADDR,ROUTE_CONFIG7_NETADDR,RW,LST DEVICE_INFO,parent_exact,
binding,MOD DEVICE_INFO,Device.DeviceInfo.ROUTE_CONFIG7_NETADDR,ROUTE_CONFIG7_NETADDR,RW,MOD DEVICE_INFO,parent_exact,
binding,LST DEVICE_INFO,Device.DeviceInfo.ROUTE_CONFIG7_NETMASK,ROUTE_CONFIG7_NETMASK,RW,LST DEVICE_INFO,parent_exact,
binding,MOD DEVICE_INFO,Device.DeviceInfo.ROUTE_CONFIG7_NETMASK,ROUTE_CONFIG7_NETMASK,RW,MOD DEVICE_INFO,parent_exact,
binding,LST DEVICE_INFO,Device.DeviceInfo.ROUTE_CONFIG7_ONBOOTENB,ROUTE_CONFIG7_ONBOOTENB,RW,LST DEVICE_INFO,parent_exact,
binding,MOD DEVICE_INFO,Device.DeviceInfo.ROUTE_CONFIG7_ONBOOTENB,ROUTE_CONFIG7_ONBOOTENB,RW,MOD DEVICE_INFO,parent_exact,
binding,LST DEVICE_INFO,Device.DeviceInfo.ROUTE_CONFIG7_V6_GW,ROUTE_CONFIG7_V6_GW,RW,LST DEVICE_INFO,parent_exact,
binding,MOD DEVICE_INFO,Device.DeviceInfo.ROUTE_CONFIG7_V6_GW,ROUTE_CONFIG7_V6_GW,RW,MOD DEVICE_INFO,parent_exact,
binding,LST DEVICE_INFO,Device.DeviceInfo.ROUTE_CONFIG7_V6_NETADDR,ROUTE_CONFIG7_V6_NETADDR,RW,LST DEVICE_INFO,parent_exact,
binding,MOD DEVICE_INFO,Device.DeviceInfo.ROUTE_CONFIG7_V6_NETADDR,ROUTE_CONFIG7_V6_NETADDR,RW,MOD DEVICE_INFO,parent_exact,
binding,LST DEVICE_INFO,Device.DeviceInfo.ROUTE_CONFIG7_V6_ONBOOT,ROUTE_CONFIG7_V6_ONBOOT,RW,LST DEVICE_INFO,parent_exact,
binding,MOD DEVICE_INFO,Device.DeviceInfo.ROUTE_CONFIG7_V6_ONBOOT,ROUTE_CONFIG7_V6_ONBOOT,RW,MOD DEVICE_INFO,parent_exact,
binding,LST DEVICE_INFO,Device.DeviceInfo.ROUTE_CONFIG7_V6_PREFIX,ROUTE_CONFIG7_V6_PREFIX,RW,LST DEVICE_INFO,parent_exact,
binding,MOD DEVICE_INFO,Device.DeviceInfo.ROUTE_CONFIG7_V6_PREFIX,ROUTE_CONFIG7_V6_PREFIX,RW,MOD DEVICE_INFO,parent_exact,
binding,LST DEVICE_INFO,Device.DeviceInfo.ROUTE_CONFIG8_GW,ROUTE_CONFIG8_GW,RW,LST DEVICE_INFO,parent_exact,
binding,MOD DEVICE_INFO,Device.DeviceInfo.ROUTE_CONFIG8_GW,ROUTE_CONFIG8_GW,RW,MOD DEVICE_INFO,parent_exact,
binding,LST DEVICE_INFO,Device.DeviceInfo.ROUTE_CONFIG8_NETADDR,ROUTE_CONFIG8_NETADDR,RW,LST DEVICE_INFO,parent_exact,
binding,MOD DEVICE_INFO,Device.DeviceInfo.ROUTE_CONFIG8_NETADDR,ROUTE_CONFIG8_NETADDR,RW,MOD DEVICE_INFO,parent_exact,
binding,LST DEVICE_INFO,Device.DeviceInfo.ROUTE_CONFIG8_NETMASK,ROUTE_CONFIG8_NETMASK,RW,LST DEVICE_INFO,parent_exact,
binding,MOD DEVICE_INFO,Device.DeviceInfo.ROUTE_CONFIG8_NETMASK,ROUTE_CONFIG8_NETMASK,RW,MOD DEVICE_INFO,parent_exact,
binding,LST DEVICE_INFO,Device.DeviceInfo.ROUTE_CONFIG8_ONBOOTENB,ROUTE_CONFIG8_ONBOOTENB,RW,LST DEVICE_INFO,parent_exact,
binding,MOD DEVICE_INFO,Device.DeviceInfo.ROUTE_CONFIG8_ONBOOTENB,ROUTE_CONFIG8_ONBOOTENB,RW,MOD DEVICE_INFO,parent_exact,
binding,LST DEVICE_INFO,Device.DeviceInfo.ROUTE_CONFIG8_V6_GW,ROUTE_CONFIG8_V6_GW,RW,LST DEVICE_INFO,parent_exact,
binding,MOD DEVICE_INFO,Device.DeviceInfo.ROUTE_CONFIG8_V6_GW,ROUTE_CONFIG8_V6_GW,RW,MOD DEVICE_INFO,parent_exact,
binding,LST DEVICE_INFO,Device.DeviceInfo.ROUTE_CONFIG8_V6_NETADDR,ROUTE_CONFIG8_V6_NETADDR,RW,LST DEVICE_INFO,parent_exact,
binding,MOD DEVICE_INFO,Device.DeviceInfo.ROUTE_CONFIG8_V6_NETADDR,ROUTE_CONFIG8_V6_NETADDR,RW,MOD DEVICE_INFO,parent_exact,
binding,LST DEVICE_INFO,Device.DeviceInfo.ROUTE_CONFIG8_V6_ONBOOT,ROUTE_CONFIG8_V6_ONBOOT,RW,LST DEVICE_INFO,parent_exact,
binding,MOD DEVICE_INFO,Device.DeviceInfo.ROUTE_CONFIG8_V6_ONBOOT,ROUTE_CONFIG8_V6_ONBOOT,RW,MOD DEVICE_INFO,parent_exact,
binding,LST DEVICE_INFO,Device.DeviceInfo.ROUTE_CONFIG8_V6_PREFIX,ROUTE_CONFIG8_V6_PREFIX,RW,LST DEVICE_INFO,parent_exact,
binding,MOD DEVICE_INFO,Device.DeviceInfo.ROUTE_CONFIG8_V6_PREFIX,ROUTE_CONFIG8_V6_PREFIX,RW,MOD DEVICE_INFO,parent_exact,
binding,LST DEVICE_INFO,Device.DeviceInfo.ROUTE_CONFIG9_GW,ROUTE_CONFIG9_GW,RW,LST DEVICE_INFO,parent_exact,
binding,MOD DEVICE_INFO,Device.DeviceInfo.ROUTE_CONFIG9_GW,ROUTE_CONFIG9_GW,RW,MOD DEVICE_INFO,parent_exact,
binding,LST DEVICE_INFO,Device.DeviceInfo.ROUTE_CONFIG9_NETADDR,ROUTE_CONFIG9_NETADDR,RW,LST DEVICE_INFO,parent_exact,
binding,MOD DEVICE_INFO,Device.DeviceInfo.ROUTE_CONFIG9_NETADDR,ROUTE_CONFIG9_NETADDR,RW,MOD DEVICE_INFO,parent_exact,
binding,LST DEVICE_INFO,Device.DeviceInfo.ROUTE_CONFIG9_NETMASK,ROUTE_CONFIG9_NETMASK,RW,LST DEVICE_INFO,parent_exact,
binding,MOD DEVICE_INFO,Device.DeviceInfo.ROUTE_CONFIG9_NETMASK,ROUTE_CONFIG9_NETMASK,RW,MOD DEVICE_INFO,parent_exact,
binding,LST DEVICE_INFO,Device.DeviceInfo.ROUTE_CONFIG9_ONBOOTENB,ROUTE_CONFIG9_ONBOOTENB,RW,LST DEVICE_INFO,parent_exact,
binding,MOD DEVICE_INFO,Device.DeviceInfo.ROUTE_CONFIG9_ONBOOTENB,ROUTE_CONFIG9_ONBOOTENB,RW,MOD DEVICE_INFO,parent_exact,
binding,LST DEVICE_INFO,Device.DeviceInfo.ROUTE_CONFIG9_V6_GW,ROUTE_CONFIG9_V6_GW,RW,LST DEVICE_INFO,parent_exact,
binding,MOD DEVICE_INFO,Device.DeviceInfo.ROUTE_CONFIG9_V6_GW,ROUTE_CONFIG9_V6_GW,RW,MOD DEVICE_INFO,parent_exact,
binding,LST DEVICE_INFO,Device.DeviceInfo.ROUTE_CONFIG9_V6_NETADDR,ROUTE_CONFIG9_V6_NETADDR,RW,LST DEVICE_INFO,parent_exact,
binding,MOD DEVICE_INFO,Device.DeviceInfo.ROUTE_CONFIG9_V6_NETADDR,ROUTE_CONFIG9_V6_NETADDR,RW,MOD DEVICE_INFO,parent_exact,
binding,LST DEVICE_INFO,Device.DeviceInfo.ROUTE_CONFIG9_V6_ONBOOT,ROUTE_CONFIG9_V6_ONBOOT,RW,LST DEVICE_INFO,parent_exact,
binding,MOD DEVICE_INFO,Device.DeviceInfo.ROUTE_CONFIG9_V6_ONBOOT,ROUTE_CONFIG9_V6_ONBOOT,RW,MOD DEVICE_INFO,parent_exact,
binding,LST DEVICE_INFO,Device.DeviceInfo.ROUTE_CONFIG9_V6_PREFIX,ROUTE_CONFIG9_V6_PREFIX,RW,LST DEVICE_INFO,parent_exact,
binding,MOD DEVICE_INFO,Device.DeviceInfo.ROUTE_CONFIG9_V6_PREFIX,ROUTE_CONFIG9_V6_PREFIX,RW,MOD DEVICE_INFO,parent_exact,
binding,LST DEVICE_INFO,Device.DeviceInfo.RunningStatus,RUNNING_STATUS,RW,LST DEVICE_INFO,parent_exact,
binding,MOD DEVICE_INFO,Device.DeviceInfo.RunningStatus,RUNNING_STATUS,RW,MOD DEVICE_INFO,parent_exact,
binding,LST DEVICE_INFO,Device.DeviceInfo.SERVING_UNIT1_IPSEC_Address,SERVING_UNIT1_IPSEC_ADDRESS,RO,LST DEVICE_INFO,parent_exact,
binding,LST DEVICE_INFO,Device.DeviceInfo.STATIC_DNS_ENABLE,STATIC_DNS_ENABLE,RW,LST DEVICE_INFO,parent_exact,
binding,MOD DEVICE_INFO,Device.DeviceInfo.STATIC_DNS_ENABLE,STATIC_DNS_ENABLE,RW,MOD DEVICE_INFO,parent_exact,
binding,LST DEVICE_INFO,Device.DeviceInfo.SiteId,SITE_ID,RW,LST DEVICE_INFO,parent_exact,
binding,MOD DEVICE_INFO,Device.DeviceInfo.SiteId,SITE_ID,RW,MOD DEVICE_INFO,parent_exact,
binding,LST DEVICE_INFO,Device.DeviceInfo.SlaveInterface,SLAVE_INTERFACE,RW,LST DEVICE_INFO,parent_exact,
binding,MOD DEVICE_INFO,Device.DeviceInfo.SlaveInterface,SLAVE_INTERFACE,RW,MOD DEVICE_INFO,parent_exact,
binding,LST DEVICE_INFO,Device.DeviceInfo.SlaveInterfaceIP,SLAVE_INTERFACE_IP,RW,LST DEVICE_INFO,parent_exact,
binding,MOD DEVICE_INFO,Device.DeviceInfo.SlaveInterfaceIP,SLAVE_INTERFACE_IP,RW,MOD DEVICE_INFO,parent_exact,
binding,LST DEVICE_INFO,Device.DeviceInfo.SoftwareVersion_OLD,SOFTWARE_VERSION_OLD,RO,LST DEVICE_INFO,parent_exact,
binding,LST DEVICE_INFO,Device.DeviceInfo.SupportedPowerRange,SUPPORTED_POWER_RANGE,RW,LST DEVICE_INFO,parent_exact,
binding,MOD DEVICE_INFO,Device.DeviceInfo.SupportedPowerRange,SUPPORTED_POWER_RANGE,RW,MOD DEVICE_INFO,parent_exact,
binding,LST DEVICE_INFO,Device.DeviceInfo.UE_Count,UE_COUNT,RO,LST DEVICE_INFO,parent_exact,
binding,LST DEVICE_INFO,Device.DeviceInfo.UE_SPEED_STATISTICS,UE_SPEED_STATISTICS,RO,LST DEVICE_INFO,parent_exact,
binding,LST DEVICE_INFO,Device.DeviceInfo.U_BOOT_Version,U_BOOT_VERSION,RO,LST DEVICE_INFO,parent_exact,
binding,LST DEVICE_INFO,Device.DeviceInfo.UeAmbrDl,UE_AMBR_DL,RW,LST DEVICE_INFO,parent_exact,
binding,MOD DEVICE_INFO,Device.DeviceInfo.UeAmbrDl,UE_AMBR_DL,RW,MOD DEVICE_INFO,parent_exact,
binding,LST DEVICE_INFO,Device.DeviceInfo.UeAmbrUl,UE_AMBR_UL,RW,LST DEVICE_INFO,parent_exact,
binding,MOD DEVICE_INFO,Device.DeviceInfo.UeAmbrUl,UE_AMBR_UL,RW,MOD DEVICE_INFO,parent_exact,
binding,LST DEVICE_INFO,Device.DeviceInfo.UpTime_OLD,UP_TIME_OLD,RO,LST DEVICE_INFO,parent_exact,
binding,LST DEVICE_INFO,Device.DeviceInfo.WAN_CONFIG10_DEFAULTGW,WAN_CONFIG10_DEFAULTGW,RW,LST DEVICE_INFO,parent_exact,
binding,MOD DEVICE_INFO,Device.DeviceInfo.WAN_CONFIG10_DEFAULTGW,WAN_CONFIG10_DEFAULTGW,RW,MOD DEVICE_INFO,parent_exact,
binding,LST DEVICE_INFO,Device.DeviceInfo.WAN_CONFIG10_ENABLE,WAN_CONFIG10_ENABLE,RW,LST DEVICE_INFO,parent_exact,
binding,MOD DEVICE_INFO,Device.DeviceInfo.WAN_CONFIG10_ENABLE,WAN_CONFIG10_ENABLE,RW,MOD DEVICE_INFO,parent_exact,
binding,LST DEVICE_INFO,Device.DeviceInfo.WAN_CONFIG10_IPADDR,WAN_CONFIG10_IPADDR,RW,LST DEVICE_INFO,parent_exact,
binding,MOD DEVICE_INFO,Device.DeviceInfo.WAN_CONFIG10_IPADDR,WAN_CONFIG10_IPADDR,RW,MOD DEVICE_INFO,parent_exact,
binding,LST DEVICE_INFO,Device.DeviceInfo.WAN_CONFIG10_IPMODE,WAN_CONFIG10_IPMODE,RW,LST DEVICE_INFO,parent_exact,
binding,MOD DEVICE_INFO,Device.DeviceInfo.WAN_CONFIG10_IPMODE,WAN_CONFIG10_IPMODE,RW,MOD DEVICE_INFO,parent_exact,
binding,LST DEVICE_INFO,Device.DeviceInfo.WAN_CONFIG10_NETMASK,WAN_CONFIG10_NETMASK,RW,LST DEVICE_INFO,parent_exact,
binding,MOD DEVICE_INFO,Device.DeviceInfo.WAN_CONFIG10_NETMASK,WAN_CONFIG10_NETMASK,RW,MOD DEVICE_INFO,parent_exact,
binding,LST DEVICE_INFO,Device.DeviceInfo.WAN_CONFIG10_OPTION60,WAN_CONFIG10_OPTION60,RW,LST DEVICE_INFO,parent_exact,
binding,MOD DEVICE_INFO,Device.DeviceInfo.WAN_CONFIG10_OPTION60,WAN_CONFIG10_OPTION60,RW,MOD DEVICE_INFO,parent_exact,
binding,LST DEVICE_INFO,Device.DeviceInfo.WAN_CONFIG10_V6_GW,WAN_CONFIG10_V6_GW,RW,LST DEVICE_INFO,parent_exact,
binding,MOD DEVICE_INFO,Device.DeviceInfo.WAN_CONFIG10_V6_GW,WAN_CONFIG10_V6_GW,RW,MOD DEVICE_INFO,parent_exact,
binding,LST DEVICE_INFO,Device.DeviceInfo.WAN_CONFIG10_V6_IPADDR,WAN_CONFIG10_V6_IPADDR,RW,LST DEVICE_INFO,parent_exact,
binding,MOD DEVICE_INFO,Device.DeviceInfo.WAN_CONFIG10_V6_IPADDR,WAN_CONFIG10_V6_IPADDR,RW,MOD DEVICE_INFO,parent_exact,
binding,LST DEVICE_INFO,Device.DeviceInfo.WAN_CONFIG10_V6_PREFIX,WAN_CONFIG10_V6_PREFIX,RW,LST DEVICE_INFO,parent_exact,
binding,MOD DEVICE_INFO,Device.DeviceInfo.WAN_CONFIG10_V6_PREFIX,WAN_CONFIG10_V6_PREFIX,RW,MOD DEVICE_INFO,parent_exact,
binding,LST DEVICE_INFO,Device.DeviceInfo.WAN_CONFIG10_VLAN,WAN_CONFIG10_VLAN,RW,LST DEVICE_INFO,parent_exact,
binding,MOD DEVICE_INFO,Device.DeviceInfo.WAN_CONFIG10_VLAN,WAN_CONFIG10_VLAN,RW,MOD DEVICE_INFO,parent_exact,
binding,LST DEVICE_INFO,Device.DeviceInfo.WAN_CONFIG11_DEFAULTGW,WAN_CONFIG11_DEFAULTGW,RW,LST DEVICE_INFO,parent_exact,
binding,MOD DEVICE_INFO,Device.DeviceInfo.WAN_CONFIG11_DEFAULTGW,WAN_CONFIG11_DEFAULTGW,RW,MOD DEVICE_INFO,parent_exact,
binding,LST DEVICE_INFO,Device.DeviceInfo.WAN_CONFIG11_ENABLE,WAN_CONFIG11_ENABLE,RW,LST DEVICE_INFO,parent_exact,
binding,MOD DEVICE_INFO,Device.DeviceInfo.WAN_CONFIG11_ENABLE,WAN_CONFIG11_ENABLE,RW,MOD DEVICE_INFO,parent_exact,
binding,LST DEVICE_INFO,Device.DeviceInfo.WAN_CONFIG11_IPADDR,WAN_CONFIG11_IPADDR,RW,LST DEVICE_INFO,parent_exact,
binding,MOD DEVICE_INFO,Device.DeviceInfo.WAN_CONFIG11_IPADDR,WAN_CONFIG11_IPADDR,RW,MOD DEVICE_INFO,parent_exact,
binding,LST DEVICE_INFO,Device.DeviceInfo.WAN_CONFIG11_IPMODE,WAN_CONFIG11_IPMODE,RW,LST DEVICE_INFO,parent_exact,
binding,MOD DEVICE_INFO,Device.DeviceInfo.WAN_CONFIG11_IPMODE,WAN_CONFIG11_IPMODE,RW,MOD DEVICE_INFO,parent_exact,
binding,LST DEVICE_INFO,Device.DeviceInfo.WAN_CONFIG11_NETMASK,WAN_CONFIG11_NETMASK,RW,LST DEVICE_INFO,parent_exact,
binding,MOD DEVICE_INFO,Device.DeviceInfo.WAN_CONFIG11_NETMASK,WAN_CONFIG11_NETMASK,RW,MOD DEVICE_INFO,parent_exact,
binding,LST DEVICE_INFO,Device.DeviceInfo.WAN_CONFIG11_OPTION60,WAN_CONFIG11_OPTION60,RW,LST DEVICE_INFO,parent_exact,
binding,MOD DEVICE_INFO,Device.DeviceInfo.WAN_CONFIG11_OPTION60,WAN_CONFIG11_OPTION60,RW,MOD DEVICE_INFO,parent_exact,
binding,LST DEVICE_INFO,Device.DeviceInfo.WAN_CONFIG11_V6_GW,WAN_CONFIG11_V6_GW,RW,LST DEVICE_INFO,parent_exact,
binding,MOD DEVICE_INFO,Device.DeviceInfo.WAN_CONFIG11_V6_GW,WAN_CONFIG11_V6_GW,RW,MOD DEVICE_INFO,parent_exact,
binding,LST DEVICE_INFO,Device.DeviceInfo.WAN_CONFIG11_V6_IPADDR,WAN_CONFIG11_V6_IPADDR,RW,LST DEVICE_INFO,parent_exact,
binding,MOD DEVICE_INFO,Device.DeviceInfo.WAN_CONFIG11_V6_IPADDR,WAN_CONFIG11_V6_IPADDR,RW,MOD DEVICE_INFO,parent_exact,
binding,LST DEVICE_INFO,Device.DeviceInfo.WAN_CONFIG11_V6_PREFIX,WAN_CONFIG11_V6_PREFIX,RW,LST DEVICE_INFO,parent_exact,
binding,MOD DEVICE_INFO,Device.DeviceInfo.WAN_CONFIG11_V6_PREFIX,WAN_CONFIG11_V6_PREFIX,RW,MOD DEVICE_INFO,parent_exact,
binding,LST DEVICE_INFO,Device.DeviceInfo.WAN_CONFIG11_VLAN,WAN_CONFIG11_VLAN,RW,LST DEVICE_INFO,parent_exact,
binding,MOD DEVICE_INFO,Device.DeviceInfo.WAN_CONFIG11_VLAN,WAN_CONFIG11_VLAN,RW,MOD DEVICE_INFO,parent_exact,
binding,LST DEVICE_INFO,Device.DeviceInfo.WAN_CONFIG12_DEFAULTGW,WAN_CONFIG12_DEFAULTGW,RW,LST DEVICE_INFO,parent_exact,
binding,MOD DEVICE_INFO,Device.DeviceInfo.WAN_CONFIG12_DEFAULTGW,WAN_CONFIG12_DEFAULTGW,RW,MOD DEVICE_INFO,parent_exact,
binding,LST DEVICE_INFO,Device.DeviceInfo.WAN_CONFIG12_ENABLE,WAN_CONFIG12_ENABLE,RW,LST DEVICE_INFO,parent_exact,
binding,MOD DEVICE_INFO,Device.DeviceInfo.WAN_CONFIG12_ENABLE,WAN_CONFIG12_ENABLE,RW,MOD DEVICE_INFO,parent_exact,
binding,LST DEVICE_INFO,Device.DeviceInfo.WAN_CONFIG12_IPADDR,WAN_CONFIG12_IPADDR,RW,LST DEVICE_INFO,parent_exact,
binding,MOD DEVICE_INFO,Device.DeviceInfo.WAN_CONFIG12_IPADDR,WAN_CONFIG12_IPADDR,RW,MOD DEVICE_INFO,parent_exact,
binding,LST DEVICE_INFO,Device.DeviceInfo.WAN_CONFIG12_IPMODE,WAN_CONFIG12_IPMODE,RW,LST DEVICE_INFO,parent_exact,
binding,MOD DEVICE_INFO,Device.DeviceInfo.WAN_CONFIG12_IPMODE,WAN_CONFIG12_IPMODE,RW,MOD DEVICE_INFO,parent_exact,
binding,LST DEVICE_INFO,Device.DeviceInfo.WAN_CONFIG12_NETMASK,WAN_CONFIG12_NETMASK,RW,LST DEVICE_INFO,parent_exact,
binding,MOD DEVICE_INFO,Device.DeviceInfo.WAN_CONFIG12_NETMASK,WAN_CONFIG12_NETMASK,RW,MOD DEVICE_INFO,parent_exact,
binding,LST DEVICE_INFO,Device.DeviceInfo.WAN_CONFIG12_OPTION60,WAN_CONFIG12_OPTION60,RW,LST DEVICE_INFO,parent_exact,
binding,MOD DEVICE_INFO,Device.DeviceInfo.WAN_CONFIG12_OPTION60,WAN_CONFIG12_OPTION60,RW,MOD DEVICE_INFO,parent_exact,
binding,LST DEVICE_INFO,Device.DeviceInfo.WAN_CONFIG12_V6_GW,WAN_CONFIG12_V6_GW,RW,LST DEVICE_INFO,parent_exact,
binding,MOD DEVICE_INFO,Device.DeviceInfo.WAN_CONFIG12_V6_GW,WAN_CONFIG12_V6_GW,RW,MOD DEVICE_INFO,parent_exact,
binding,LST DEVICE_INFO,Device.DeviceInfo.WAN_CONFIG12_V6_IPADDR,WAN_CONFIG12_V6_IPADDR,RW,LST DEVICE_INFO,parent_exact,
binding,MOD DEVICE_INFO,Device.DeviceInfo.WAN_CONFIG12_V6_IPADDR,WAN_CONFIG12_V6_IPADDR,RW,MOD DEVICE_INFO,parent_exact,
binding,LST DEVICE_INFO,Device.DeviceInfo.WAN_CONFIG12_V6_PREFIX,WAN_CONFIG12_V6_PREFIX,RW,LST DEVICE_INFO,parent_exact,
binding,MOD DEVICE_INFO,Device.DeviceInfo.WAN_CONFIG12_V6_PREFIX,WAN_CONFIG12_V6_PREFIX,RW,MOD DEVICE_INFO,parent_exact,
binding,LST DEVICE_INFO,Device.DeviceInfo.WAN_CONFIG12_VLAN,WAN_CONFIG12_VLAN,RW,LST DEVICE_INFO,parent_exact,
binding,MOD DEVICE_INFO,Device.DeviceInfo.WAN_CONFIG12_VLAN,WAN_CONFIG12_VLAN,RW,MOD DEVICE_INFO,parent_exact,
binding,LST DEVICE_INFO,Device.DeviceInfo.WAN_CONFIG1_CONNECT_TYPE,WAN_CONFIG1_CONNECT_TYPE,RW,LST DEVICE_INFO,parent_exact,
binding,MOD DEVICE_INFO,Device.DeviceInfo.WAN_CONFIG1_CONNECT_TYPE,WAN_CONFIG1_CONNECT_TYPE,RW,MOD DEVICE_INFO,parent_exact,
binding,LST DEVICE_INFO,Device.DeviceInfo.WAN_CONFIG1_DEFAULTGW,WAN_CONFIG1_DEFAULTGW,RW,LST DEVICE_INFO,parent_exact,
binding,MOD DEVICE_INFO,Device.DeviceInfo.WAN_CONFIG1_DEFAULTGW,WAN_CONFIG1_DEFAULTGW,RW,MOD DEVICE_INFO,parent_exact,
binding,LST DEVICE_INFO,Device.DeviceInfo.WAN_CONFIG1_IPADDR,WAN_CONFIG1_IPADDR,RW,LST DEVICE_INFO,parent_exact,
binding,MOD DEVICE_INFO,Device.DeviceInfo.WAN_CONFIG1_IPADDR,WAN_CONFIG1_IPADDR,RW,MOD DEVICE_INFO,parent_exact,
binding,LST DEVICE_INFO,Device.DeviceInfo.WAN_CONFIG1_IPMODE,WAN_CONFIG1_IPMODE,RW,LST DEVICE_INFO,parent_exact,
binding,MOD DEVICE_INFO,Device.DeviceInfo.WAN_CONFIG1_IPMODE,WAN_CONFIG1_IPMODE,RW,MOD DEVICE_INFO,parent_exact,
binding,LST DEVICE_INFO,Device.DeviceInfo.WAN_CONFIG1_NETMASK,WAN_CONFIG1_NETMASK,RW,LST DEVICE_INFO,parent_exact,
binding,MOD DEVICE_INFO,Device.DeviceInfo.WAN_CONFIG1_NETMASK,WAN_CONFIG1_NETMASK,RW,MOD DEVICE_INFO,parent_exact,
binding,LST DEVICE_INFO,Device.DeviceInfo.WAN_CONFIG1_OPTION60,WAN_CONFIG1_OPTION60,RW,LST DEVICE_INFO,parent_exact,
binding,MOD DEVICE_INFO,Device.DeviceInfo.WAN_CONFIG1_OPTION60,WAN_CONFIG1_OPTION60,RW,MOD DEVICE_INFO,parent_exact,
binding,LST DEVICE_INFO,Device.DeviceInfo.WAN_CONFIG1_V6_GW,WAN_CONFIG1_V6_GW,RW,LST DEVICE_INFO,parent_exact,
binding,MOD DEVICE_INFO,Device.DeviceInfo.WAN_CONFIG1_V6_GW,WAN_CONFIG1_V6_GW,RW,MOD DEVICE_INFO,parent_exact,
binding,LST DEVICE_INFO,Device.DeviceInfo.WAN_CONFIG1_V6_IPADDR,WAN_CONFIG1_V6_IPADDR,RW,LST DEVICE_INFO,parent_exact,
binding,MOD DEVICE_INFO,Device.DeviceInfo.WAN_CONFIG1_V6_IPADDR,WAN_CONFIG1_V6_IPADDR,RW,MOD DEVICE_INFO,parent_exact,
binding,LST DEVICE_INFO,Device.DeviceInfo.WAN_CONFIG1_V6_PREFIX,WAN_CONFIG1_V6_PREFIX,RW,LST DEVICE_INFO,parent_exact,
binding,MOD DEVICE_INFO,Device.DeviceInfo.WAN_CONFIG1_V6_PREFIX,WAN_CONFIG1_V6_PREFIX,RW,MOD DEVICE_INFO,parent_exact,
binding,LST DEVICE_INFO,Device.DeviceInfo.WAN_CONFIG1_VLAN,WAN_CONFIG1_VLAN,RW,LST DEVICE_INFO,parent_exact,
binding,MOD DEVICE_INFO,Device.DeviceInfo.WAN_CONFIG1_VLAN,WAN_CONFIG1_VLAN,RW,MOD DEVICE_INFO,parent_exact,
binding,LST DEVICE_INFO,Device.DeviceInfo.WAN_CONFIG2_DEFAULTGW,WAN_CONFIG2_DEFAULTGW,RW,LST DEVICE_INFO,parent_exact,
binding,MOD DEVICE_INFO,Device.DeviceInfo.WAN_CONFIG2_DEFAULTGW,WAN_CONFIG2_DEFAULTGW,RW,MOD DEVICE_INFO,parent_exact,
binding,LST DEVICE_INFO,Device.DeviceInfo.WAN_CONFIG2_ENABLE,WAN_CONFIG2_ENABLE,RW,LST DEVICE_INFO,parent_exact,
binding,MOD DEVICE_INFO,Device.DeviceInfo.WAN_CONFIG2_ENABLE,WAN_CONFIG2_ENABLE,RW,MOD DEVICE_INFO,parent_exact,
binding,LST DEVICE_INFO,Device.DeviceInfo.WAN_CONFIG2_IPADDR,WAN_CONFIG2_IPADDR,RW,LST DEVICE_INFO,parent_exact,
binding,MOD DEVICE_INFO,Device.DeviceInfo.WAN_CONFIG2_IPADDR,WAN_CONFIG2_IPADDR,RW,MOD DEVICE_INFO,parent_exact,
binding,LST DEVICE_INFO,Device.DeviceInfo.WAN_CONFIG2_IPMODE,WAN_CONFIG2_IPMODE,RW,LST DEVICE_INFO,parent_exact,
binding,MOD DEVICE_INFO,Device.DeviceInfo.WAN_CONFIG2_IPMODE,WAN_CONFIG2_IPMODE,RW,MOD DEVICE_INFO,parent_exact,
binding,LST DEVICE_INFO,Device.DeviceInfo.WAN_CONFIG2_NETMASK,WAN_CONFIG2_NETMASK,RW,LST DEVICE_INFO,parent_exact,
binding,MOD DEVICE_INFO,Device.DeviceInfo.WAN_CONFIG2_NETMASK,WAN_CONFIG2_NETMASK,RW,MOD DEVICE_INFO,parent_exact,
binding,LST DEVICE_INFO,Device.DeviceInfo.WAN_CONFIG2_OPTION60,WAN_CONFIG2_OPTION60,RW,LST DEVICE_INFO,parent_exact,
binding,MOD DEVICE_INFO,Device.DeviceInfo.WAN_CONFIG2_OPTION60,WAN_CONFIG2_OPTION60,RW,MOD DEVICE_INFO,parent_exact,
binding,LST DEVICE_INFO,Device.DeviceInfo.WAN_CONFIG2_V6_GW,WAN_CONFIG2_V6_GW,RW,LST DEVICE_INFO,parent_exact,
binding,MOD DEVICE_INFO,Device.DeviceInfo.WAN_CONFIG2_V6_GW,WAN_CONFIG2_V6_GW,RW,MOD DEVICE_INFO,parent_exact,
binding,LST DEVICE_INFO,Device.DeviceInfo.WAN_CONFIG2_V6_IPADDR,WAN_CONFIG2_V6_IPADDR,RW,LST DEVICE_INFO,parent_exact,
binding,MOD DEVICE_INFO,Device.DeviceInfo.WAN_CONFIG2_V6_IPADDR,WAN_CONFIG2_V6_IPADDR,RW,MOD DEVICE_INFO,parent_exact,
binding,LST DEVICE_INFO,Device.DeviceInfo.WAN_CONFIG2_V6_PREFIX,WAN_CONFIG2_V6_PREFIX,RW,LST DEVICE_INFO,parent_exact,
binding,MOD DEVICE_INFO,Device.DeviceInfo.WAN_CONFIG2_V6_PREFIX,WAN_CONFIG2_V6_PREFIX,RW,MOD DEVICE_INFO,parent_exact,
binding,LST DEVICE_INFO,Device.DeviceInfo.WAN_CONFIG2_VLAN,WAN_CONFIG2_VLAN,RW,LST DEVICE_INFO,parent_exact,
binding,MOD DEVICE_INFO,Device.DeviceInfo.WAN_CONFIG2_VLAN,WAN_CONFIG2_VLAN,RW,MOD DEVICE_INFO,parent_exact,
binding,LST DEVICE_INFO,Device.DeviceInfo.WAN_CONFIG3_DEFAULTGW,WAN_CONFIG3_DEFAULTGW,RW,LST DEVICE_INFO,parent_exact,
binding,MOD DEVICE_INFO,Device.DeviceInfo.WAN_CONFIG3_DEFAULTGW,WAN_CONFIG3_DEFAULTGW,RW,MOD DEVICE_INFO,parent_exact,
binding,LST DEVICE_INFO,Device.DeviceInfo.WAN_CONFIG3_ENABLE,WAN_CONFIG3_ENABLE,RW,LST DEVICE_INFO,parent_exact,
binding,MOD DEVICE_INFO,Device.DeviceInfo.WAN_CONFIG3_ENABLE,WAN_CONFIG3_ENABLE,RW,MOD DEVICE_INFO,parent_exact,
binding,LST DEVICE_INFO,Device.DeviceInfo.WAN_CONFIG3_IPADDR,WAN_CONFIG3_IPADDR,RW,LST DEVICE_INFO,parent_exact,
binding,MOD DEVICE_INFO,Device.DeviceInfo.WAN_CONFIG3_IPADDR,WAN_CONFIG3_IPADDR,RW,MOD DEVICE_INFO,parent_exact,
binding,LST DEVICE_INFO,Device.DeviceInfo.WAN_CONFIG3_IPMODE,WAN_CONFIG3_IPMODE,RW,LST DEVICE_INFO,parent_exact,
binding,MOD DEVICE_INFO,Device.DeviceInfo.WAN_CONFIG3_IPMODE,WAN_CONFIG3_IPMODE,RW,MOD DEVICE_INFO,parent_exact,
binding,LST DEVICE_INFO,Device.DeviceInfo.WAN_CONFIG3_NETMASK,WAN_CONFIG3_NETMASK,RW,LST DEVICE_INFO,parent_exact,
binding,MOD DEVICE_INFO,Device.DeviceInfo.WAN_CONFIG3_NETMASK,WAN_CONFIG3_NETMASK,RW,MOD DEVICE_INFO,parent_exact,
binding,LST DEVICE_INFO,Device.DeviceInfo.WAN_CONFIG3_OPTION60,WAN_CONFIG3_OPTION60,RW,LST DEVICE_INFO,parent_exact,
binding,MOD DEVICE_INFO,Device.DeviceInfo.WAN_CONFIG3_OPTION60,WAN_CONFIG3_OPTION60,RW,MOD DEVICE_INFO,parent_exact,
binding,LST DEVICE_INFO,Device.DeviceInfo.WAN_CONFIG3_V6_GW,WAN_CONFIG3_V6_GW,RW,LST DEVICE_INFO,parent_exact,
binding,MOD DEVICE_INFO,Device.DeviceInfo.WAN_CONFIG3_V6_GW,WAN_CONFIG3_V6_GW,RW,MOD DEVICE_INFO,parent_exact,
binding,LST DEVICE_INFO,Device.DeviceInfo.WAN_CONFIG3_V6_IPADDR,WAN_CONFIG3_V6_IPADDR,RW,LST DEVICE_INFO,parent_exact,
binding,MOD DEVICE_INFO,Device.DeviceInfo.WAN_CONFIG3_V6_IPADDR,WAN_CONFIG3_V6_IPADDR,RW,MOD DEVICE_INFO,parent_exact,
binding,LST DEVICE_INFO,Device.DeviceInfo.WAN_CONFIG3_V6_PREFIX,WAN_CONFIG3_V6_PREFIX,RW,LST DEVICE_INFO,parent_exact,
binding,MOD DEVICE_INFO,Device.DeviceInfo.WAN_CONFIG3_V6_PREFIX,WAN_CONFIG3_V6_PREFIX,RW,MOD DEVICE_INFO,parent_exact,
binding,LST DEVICE_INFO,Device.DeviceInfo.WAN_CONFIG3_VLAN,WAN_CONFIG3_VLAN,RW,LST DEVICE_INFO,parent_exact,
binding,MOD DEVICE_INFO,Device.DeviceInfo.WAN_CONFIG3_VLAN,WAN_CONFIG3_VLAN,RW,MOD DEVICE_INFO,parent_exact,
binding,LST DEVICE_INFO,Device.DeviceInfo.WAN_CONFIG4_DEFAULTGW,WAN_CONFIG4_DEFAULTGW,RW,LST DEVICE_INFO,parent_exact,
binding,MOD DEVICE_INFO,Device.DeviceInfo.WAN_CONFIG4_DEFAULTGW,WAN_CONFIG4_DEFAULTGW,RW,MOD DEVICE_INFO,parent_exact,
binding,LST DEVICE_INFO,Device.DeviceInfo.WAN_CONFIG4_ENABLE,WAN_CONFIG4_ENABLE,RW,LST DEVICE_INFO,parent_exact,
binding,MOD DEVICE_INFO,Device.DeviceInfo.WAN_CONFIG4_ENABLE,WAN_CONFIG4_ENABLE,RW,MOD DEVICE_INFO,parent_exact,
binding,LST DEVICE_INFO,Device.DeviceInfo.WAN_CONFIG4_IPADDR,WAN_CONFIG4_IPADDR,RW,LST DEVICE_INFO,parent_exact,
binding,MOD DEVICE_INFO,Device.DeviceInfo.WAN_CONFIG4_IPADDR,WAN_CONFIG4_IPADDR,RW,MOD DEVICE_INFO,parent_exact,
binding,LST DEVICE_INFO,Device.DeviceInfo.WAN_CONFIG4_IPMODE,WAN_CONFIG4_IPMODE,RW,LST DEVICE_INFO,parent_exact,
binding,MOD DEVICE_INFO,Device.DeviceInfo.WAN_CONFIG4_IPMODE,WAN_CONFIG4_IPMODE,RW,MOD DEVICE_INFO,parent_exact,
binding,LST DEVICE_INFO,Device.DeviceInfo.WAN_CONFIG4_NETMASK,WAN_CONFIG4_NETMASK,RW,LST DEVICE_INFO,parent_exact,
binding,MOD DEVICE_INFO,Device.DeviceInfo.WAN_CONFIG4_NETMASK,WAN_CONFIG4_NETMASK,RW,MOD DEVICE_INFO,parent_exact,
binding,LST DEVICE_INFO,Device.DeviceInfo.WAN_CONFIG4_OPTION60,WAN_CONFIG4_OPTION60,RW,LST DEVICE_INFO,parent_exact,
binding,MOD DEVICE_INFO,Device.DeviceInfo.WAN_CONFIG4_OPTION60,WAN_CONFIG4_OPTION60,RW,MOD DEVICE_INFO,parent_exact,
binding,LST DEVICE_INFO,Device.DeviceInfo.WAN_CONFIG4_V6_GW,WAN_CONFIG4_V6_GW,RW,LST DEVICE_INFO,parent_exact,
binding,MOD DEVICE_INFO,Device.DeviceInfo.WAN_CONFIG4_V6_GW,WAN_CONFIG4_V6_GW,RW,MOD DEVICE_INFO,parent_exact,
binding,LST DEVICE_INFO,Device.DeviceInfo.WAN_CONFIG4_V6_IPADDR,WAN_CONFIG4_V6_IPADDR,RW,LST DEVICE_INFO,parent_exact,
binding,MOD DEVICE_INFO,Device.DeviceInfo.WAN_CONFIG4_V6_IPADDR,WAN_CONFIG4_V6_IPADDR,RW,MOD DEVICE_INFO,parent_exact,
binding,LST DEVICE_INFO,Device.DeviceInfo.WAN_CONFIG4_V6_PREFIX,WAN_CONFIG4_V6_PREFIX,RW,LST DEVICE_INFO,parent_exact,
binding,MOD DEVICE_INFO,Device.DeviceInfo.WAN_CONFIG4_V6_PREFIX,WAN_CONFIG4_V6_PREFIX,RW,MOD DEVICE_INFO,parent_exact,
binding,LST DEVICE_INFO,Device.DeviceInfo.WAN_CONFIG4_VLAN,WAN_CONFIG4_VLAN,RW,LST DEVICE_INFO,parent_exact,
binding,MOD DEVICE_INFO,Device.DeviceInfo.WAN_CONFIG4_VLAN,WAN_CONFIG4_VLAN,RW,MOD DEVICE_INFO,parent_exact,
binding,LST DEVICE_INFO,Device.DeviceInfo.WAN_CONFIG5_DEFAULTGW,WAN_CONFIG5_DEFAULTGW,RW,LST DEVICE_INFO,parent_exact,
binding,MOD DEVICE_INFO,Device.DeviceInfo.WAN_CONFIG5_DEFAULTGW,WAN_CONFIG5_DEFAULTGW,RW,MOD DEVICE_INFO,parent_exact,
binding,LST DEVICE_INFO,Device.DeviceInfo.WAN_CONFIG5_ENABLE,WAN_CONFIG5_ENABLE,RW,LST DEVICE_INFO,parent_exact,
binding,MOD DEVICE_INFO,Device.DeviceInfo.WAN_CONFIG5_ENABLE,WAN_CONFIG5_ENABLE,RW,MOD DEVICE_INFO,parent_exact,
binding,LST DEVICE_INFO,Device.DeviceInfo.WAN_CONFIG5_IPADDR,WAN_CONFIG5_IPADDR,RW,LST DEVICE_INFO,parent_exact,
binding,MOD DEVICE_INFO,Device.DeviceInfo.WAN_CONFIG5_IPADDR,WAN_CONFIG5_IPADDR,RW,MOD DEVICE_INFO,parent_exact,
binding,LST DEVICE_INFO,Device.DeviceInfo.WAN_CONFIG5_IPMODE,WAN_CONFIG5_IPMODE,RW,LST DEVICE_INFO,parent_exact,
binding,MOD DEVICE_INFO,Device.DeviceInfo.WAN_CONFIG5_IPMODE,WAN_CONFIG5_IPMODE,RW,MOD DEVICE_INFO,parent_exact,
binding,LST DEVICE_INFO,Device.DeviceInfo.WAN_CONFIG5_NETMASK,WAN_CONFIG5_NETMASK,RW,LST DEVICE_INFO,parent_exact,
binding,MOD DEVICE_INFO,Device.DeviceInfo.WAN_CONFIG5_NETMASK,WAN_CONFIG5_NETMASK,RW,MOD DEVICE_INFO,parent_exact,
binding,LST DEVICE_INFO,Device.DeviceInfo.WAN_CONFIG5_OPTION60,WAN_CONFIG5_OPTION60,RW,LST DEVICE_INFO,parent_exact,
binding,MOD DEVICE_INFO,Device.DeviceInfo.WAN_CONFIG5_OPTION60,WAN_CONFIG5_OPTION60,RW,MOD DEVICE_INFO,parent_exact,
binding,LST DEVICE_INFO,Device.DeviceInfo.WAN_CONFIG5_V6_GW,WAN_CONFIG5_V6_GW,RW,LST DEVICE_INFO,parent_exact,
binding,MOD DEVICE_INFO,Device.DeviceInfo.WAN_CONFIG5_V6_GW,WAN_CONFIG5_V6_GW,RW,MOD DEVICE_INFO,parent_exact,
binding,LST DEVICE_INFO,Device.DeviceInfo.WAN_CONFIG5_V6_IPADDR,WAN_CONFIG5_V6_IPADDR,RW,LST DEVICE_INFO,parent_exact,
binding,MOD DEVICE_INFO,Device.DeviceInfo.WAN_CONFIG5_V6_IPADDR,WAN_CONFIG5_V6_IPADDR,RW,MOD DEVICE_INFO,parent_exact,
binding,LST DEVICE_INFO,Device.DeviceInfo.WAN_CONFIG5_V6_PREFIX,WAN_CONFIG5_V6_PREFIX,RW,LST DEVICE_INFO,parent_exact,
binding,MOD DEVICE_INFO,Device.DeviceInfo.WAN_CONFIG5_V6_PREFIX,WAN_CONFIG5_V6_PREFIX,RW,MOD DEVICE_INFO,parent_exact,
binding,LST DEVICE_INFO,Device.DeviceInfo.WAN_CONFIG5_VLAN,WAN_CONFIG5_VLAN,RW,LST DEVICE_INFO,parent_exact,
binding,MOD DEVICE_INFO,Device.DeviceInfo.WAN_CONFIG5_VLAN,WAN_CONFIG5_VLAN,RW,MOD DEVICE_INFO,parent_exact,
binding,LST DEVICE_INFO,Device.DeviceInfo.WAN_CONFIG6_DEFAULTGW,WAN_CONFIG6_DEFAULTGW,RW,LST DEVICE_INFO,parent_exact,
binding,MOD DEVICE_INFO,Device.DeviceInfo.WAN_CONFIG6_DEFAULTGW,WAN_CONFIG6_DEFAULTGW,RW,MOD DEVICE_INFO,parent_exact,
binding,LST DEVICE_INFO,Device.DeviceInfo.WAN_CONFIG6_ENABLE,WAN_CONFIG6_ENABLE,RW,LST DEVICE_INFO,parent_exact,
binding,MOD DEVICE_INFO,Device.DeviceInfo.WAN_CONFIG6_ENABLE,WAN_CONFIG6_ENABLE,RW,MOD DEVICE_INFO,parent_exact,
binding,LST DEVICE_INFO,Device.DeviceInfo.WAN_CONFIG6_IPADDR,WAN_CONFIG6_IPADDR,RW,LST DEVICE_INFO,parent_exact,
binding,MOD DEVICE_INFO,Device.DeviceInfo.WAN_CONFIG6_IPADDR,WAN_CONFIG6_IPADDR,RW,MOD DEVICE_INFO,parent_exact,
binding,LST DEVICE_INFO,Device.DeviceInfo.WAN_CONFIG6_IPMODE,WAN_CONFIG6_IPMODE,RW,LST DEVICE_INFO,parent_exact,
binding,MOD DEVICE_INFO,Device.DeviceInfo.WAN_CONFIG6_IPMODE,WAN_CONFIG6_IPMODE,RW,MOD DEVICE_INFO,parent_exact,
binding,LST DEVICE_INFO,Device.DeviceInfo.WAN_CONFIG6_NETMASK,WAN_CONFIG6_NETMASK,RW,LST DEVICE_INFO,parent_exact,
binding,MOD DEVICE_INFO,Device.DeviceInfo.WAN_CONFIG6_NETMASK,WAN_CONFIG6_NETMASK,RW,MOD DEVICE_INFO,parent_exact,
binding,LST DEVICE_INFO,Device.DeviceInfo.WAN_CONFIG6_OPTION60,WAN_CONFIG6_OPTION60,RW,LST DEVICE_INFO,parent_exact,
binding,MOD DEVICE_INFO,Device.DeviceInfo.WAN_CONFIG6_OPTION60,WAN_CONFIG6_OPTION60,RW,MOD DEVICE_INFO,parent_exact,
binding,LST DEVICE_INFO,Device.DeviceInfo.WAN_CONFIG6_V6_GW,WAN_CONFIG6_V6_GW,RW,LST DEVICE_INFO,parent_exact,
binding,MOD DEVICE_INFO,Device.DeviceInfo.WAN_CONFIG6_V6_GW,WAN_CONFIG6_V6_GW,RW,MOD DEVICE_INFO,parent_exact,
binding,LST DEVICE_INFO,Device.DeviceInfo.WAN_CONFIG6_V6_IPADDR,WAN_CONFIG6_V6_IPADDR,RW,LST DEVICE_INFO,parent_exact,
binding,MOD DEVICE_INFO,Device.DeviceInfo.WAN_CONFIG6_V6_IPADDR,WAN_CONFIG6_V6_IPADDR,RW,MOD DEVICE_INFO,parent_exact,
binding,LST DEVICE_INFO,Device.DeviceInfo.WAN_CONFIG6_V6_PREFIX,WAN_CONFIG6_V6_PREFIX,RW,LST DEVICE_INFO,parent_exact,
binding,MOD DEVICE_INFO,Device.DeviceInfo.WAN_CONFIG6_V6_PREFIX,WAN_CONFIG6_V6_PREFIX,RW,MOD DEVICE_INFO,parent_exact,
binding,LST DEVICE_INFO,Device.DeviceInfo.WAN_CONFIG6_VLAN,WAN_CONFIG6_VLAN,RW,LST DEVICE_INFO,parent_exact,
binding,MOD DEVICE_INFO,Device.DeviceInfo.WAN_CONFIG6_VLAN,WAN_CONFIG6_VLAN,RW,MOD DEVICE_INFO,parent_exact,
binding,LST DEVICE_INFO,Device.DeviceInfo.WAN_CONFIG7_DEFAULTGW,WAN_CONFIG7_DEFAULTGW,RW,LST DEVICE_INFO,parent_exact,
binding,MOD DEVICE_INFO,Device.DeviceInfo.WAN_CONFIG7_DEFAULTGW,WAN_CONFIG7_DEFAULTGW,RW,MOD DEVICE_INFO,parent_exact,
binding,LST DEVICE_INFO,Device.DeviceInfo.WAN_CONFIG7_ENABLE,WAN_CONFIG7_ENABLE,RW,LST DEVICE_INFO,parent_exact,
binding,MOD DEVICE_INFO,Device.DeviceInfo.WAN_CONFIG7_ENABLE,WAN_CONFIG7_ENABLE,RW,MOD DEVICE_INFO,parent_exact,
binding,LST DEVICE_INFO,Device.DeviceInfo.WAN_CONFIG7_IPADDR,WAN_CONFIG7_IPADDR,RW,LST DEVICE_INFO,parent_exact,
binding,MOD DEVICE_INFO,Device.DeviceInfo.WAN_CONFIG7_IPADDR,WAN_CONFIG7_IPADDR,RW,MOD DEVICE_INFO,parent_exact,
binding,LST DEVICE_INFO,Device.DeviceInfo.WAN_CONFIG7_IPMODE,WAN_CONFIG7_IPMODE,RW,LST DEVICE_INFO,parent_exact,
binding,MOD DEVICE_INFO,Device.DeviceInfo.WAN_CONFIG7_IPMODE,WAN_CONFIG7_IPMODE,RW,MOD DEVICE_INFO,parent_exact,
binding,LST DEVICE_INFO,Device.DeviceInfo.WAN_CONFIG7_NETMASK,WAN_CONFIG7_NETMASK,RW,LST DEVICE_INFO,parent_exact,
binding,MOD DEVICE_INFO,Device.DeviceInfo.WAN_CONFIG7_NETMASK,WAN_CONFIG7_NETMASK,RW,MOD DEVICE_INFO,parent_exact,
binding,LST DEVICE_INFO,Device.DeviceInfo.WAN_CONFIG7_OPTION60,WAN_CONFIG7_OPTION60,RW,LST DEVICE_INFO,parent_exact,
binding,MOD DEVICE_INFO,Device.DeviceInfo.WAN_CONFIG7_OPTION60,WAN_CONFIG7_OPTION60,RW,MOD DEVICE_INFO,parent_exact,
binding,LST DEVICE_INFO,Device.DeviceInfo.WAN_CONFIG7_V6_GW,WAN_CONFIG7_V6_GW,RW,LST DEVICE_INFO,parent_exact,
binding,MOD DEVICE_INFO,Device.DeviceInfo.WAN_CONFIG7_V6_GW,WAN_CONFIG7_V6_GW,RW,MOD DEVICE_INFO,parent_exact,
binding,LST DEVICE_INFO,Device.DeviceInfo.WAN_CONFIG7_V6_IPADDR,WAN_CONFIG7_V6_IPADDR,RW,LST DEVICE_INFO,parent_exact,
binding,MOD DEVICE_INFO,Device.DeviceInfo.WAN_CONFIG7_V6_IPADDR,WAN_CONFIG7_V6_IPADDR,RW,MOD DEVICE_INFO,parent_exact,
binding,LST DEVICE_INFO,Device.DeviceInfo.WAN_CONFIG7_V6_PREFIX,WAN_CONFIG7_V6_PREFIX,RW,LST DEVICE_INFO,parent_exact,
binding,MOD DEVICE_INFO,Device.DeviceInfo.WAN_CONFIG7_V6_PREFIX,WAN_CONFIG7_V6_PREFIX,RW,MOD DEVICE_INFO,parent_exact,
binding,LST DEVICE_INFO,Device.DeviceInfo.WAN_CONFIG7_VLAN,WAN_CONFIG7_VLAN,RW,LST DEVICE_INFO,parent_exact,
binding,MOD DEVICE_INFO,Device.DeviceInfo.WAN_CONFIG7_VLAN,WAN_CONFIG7_VLAN,RW,MOD DEVICE_INFO,parent_exact,
binding,LST DEVICE_INFO,Device.DeviceInfo.WAN_CONFIG8_DEFAULTGW,WAN_CONFIG8_DEFAULTGW,RW,LST DEVICE_INFO,parent_exact,
binding,MOD DEVICE_INFO,Device.DeviceInfo.WAN_CONFIG8_DEFAULTGW,WAN_CONFIG8_DEFAULTGW,RW,MOD DEVICE_INFO,parent_exact,
binding,LST DEVICE_INFO,Device.DeviceInfo.WAN_CONFIG8_ENABLE,WAN_CONFIG8_ENABLE,RW,LST DEVICE_INFO,parent_exact,
binding,MOD DEVICE_INFO,Device.DeviceInfo.WAN_CONFIG8_ENABLE,WAN_CONFIG8_ENABLE,RW,MOD DEVICE_INFO,parent_exact,
binding,LST DEVICE_INFO,Device.DeviceInfo.WAN_CONFIG8_IPADDR,WAN_CONFIG8_IPADDR,RW,LST DEVICE_INFO,parent_exact,
binding,MOD DEVICE_INFO,Device.DeviceInfo.WAN_CONFIG8_IPADDR,WAN_CONFIG8_IPADDR,RW,MOD DEVICE_INFO,parent_exact,
binding,LST DEVICE_INFO,Device.DeviceInfo.WAN_CONFIG8_IPMODE,WAN_CONFIG8_IPMODE,RW,LST DEVICE_INFO,parent_exact,
binding,MOD DEVICE_INFO,Device.DeviceInfo.WAN_CONFIG8_IPMODE,WAN_CONFIG8_IPMODE,RW,MOD DEVICE_INFO,parent_exact,
binding,LST DEVICE_INFO,Device.DeviceInfo.WAN_CONFIG8_NETMASK,WAN_CONFIG8_NETMASK,RW,LST DEVICE_INFO,parent_exact,
binding,MOD DEVICE_INFO,Device.DeviceInfo.WAN_CONFIG8_NETMASK,WAN_CONFIG8_NETMASK,RW,MOD DEVICE_INFO,parent_exact,
binding,LST DEVICE_INFO,Device.DeviceInfo.WAN_CONFIG8_OPTION60,WAN_CONFIG8_OPTION60,RW,LST DEVICE_INFO,parent_exact,
binding,MOD DEVICE_INFO,Device.DeviceInfo.WAN_CONFIG8_OPTION60,WAN_CONFIG8_OPTION60,RW,MOD DEVICE_INFO,parent_exact,
binding,LST DEVICE_INFO,Device.DeviceInfo.WAN_CONFIG8_V6_GW,WAN_CONFIG8_V6_GW,RW,LST DEVICE_INFO,parent_exact,
binding,MOD DEVICE_INFO,Device.DeviceInfo.WAN_CONFIG8_V6_GW,WAN_CONFIG8_V6_GW,RW,MOD DEVICE_INFO,parent_exact,
binding,LST DEVICE_INFO,Device.DeviceInfo.WAN_CONFIG8_V6_IPADDR,WAN_CONFIG8_V6_IPADDR,RW,LST DEVICE_INFO,parent_exact,
binding,MOD DEVICE_INFO,Device.DeviceInfo.WAN_CONFIG8_V6_IPADDR,WAN_CONFIG8_V6_IPADDR,RW,MOD DEVICE_INFO,parent_exact,
binding,LST DEVICE_INFO,Device.DeviceInfo.WAN_CONFIG8_V6_PREFIX,WAN_CONFIG8_V6_PREFIX,RW,LST DEVICE_INFO,parent_exact,
binding,MOD DEVICE_INFO,Device.DeviceInfo.WAN_CONFIG8_V6_PREFIX,WAN_CONFIG8_V6_PREFIX,RW,MOD DEVICE_INFO,parent_exact,
binding,LST DEVICE_INFO,Device.DeviceInfo.WAN_CONFIG8_VLAN,WAN_CONFIG8_VLAN,RW,LST DEVICE_INFO,parent_exact,
binding,MOD DEVICE_INFO,Device.DeviceInfo.WAN_CONFIG8_VLAN,WAN_CONFIG8_VLAN,RW,MOD DEVICE_INFO,parent_exact,
binding,LST DEVICE_INFO,Device.DeviceInfo.WAN_CONFIG9_DEFAULTGW,WAN_CONFIG9_DEFAULTGW,RW,LST DEVICE_INFO,parent_exact,
binding,MOD DEVICE_INFO,Device.DeviceInfo.WAN_CONFIG9_DEFAULTGW,WAN_CONFIG9_DEFAULTGW,RW,MOD DEVICE_INFO,parent_exact,
binding,LST DEVICE_INFO,Device.DeviceInfo.WAN_CONFIG9_ENABLE,WAN_CONFIG9_ENABLE,RW,LST DEVICE_INFO,parent_exact,
binding,MOD DEVICE_INFO,Device.DeviceInfo.WAN_CONFIG9_ENABLE,WAN_CONFIG9_ENABLE,RW,MOD DEVICE_INFO,parent_exact,
binding,LST DEVICE_INFO,Device.DeviceInfo.WAN_CONFIG9_IPADDR,WAN_CONFIG9_IPADDR,RW,LST DEVICE_INFO,parent_exact,
binding,MOD DEVICE_INFO,Device.DeviceInfo.WAN_CONFIG9_IPADDR,WAN_CONFIG9_IPADDR,RW,MOD DEVICE_INFO,parent_exact,
binding,LST DEVICE_INFO,Device.DeviceInfo.WAN_CONFIG9_IPMODE,WAN_CONFIG9_IPMODE,RW,LST DEVICE_INFO,parent_exact,
binding,MOD DEVICE_INFO,Device.DeviceInfo.WAN_CONFIG9_IPMODE,WAN_CONFIG9_IPMODE,RW,MOD DEVICE_INFO,parent_exact,
binding,LST DEVICE_INFO,Device.DeviceInfo.WAN_CONFIG9_NETMASK,WAN_CONFIG9_NETMASK,RW,LST DEVICE_INFO,parent_exact,
binding,MOD DEVICE_INFO,Device.DeviceInfo.WAN_CONFIG9_NETMASK,WAN_CONFIG9_NETMASK,RW,MOD DEVICE_INFO,parent_exact,
binding,LST DEVICE_INFO,Device.DeviceInfo.WAN_CONFIG9_OPTION60,WAN_CONFIG9_OPTION60,RW,LST DEVICE_INFO,parent_exact,
binding,MOD DEVICE_INFO,Device.DeviceInfo.WAN_CONFIG9_OPTION60,WAN_CONFIG9_OPTION60,RW,MOD DEVICE_INFO,parent_exact,
binding,LST DEVICE_INFO,Device.DeviceInfo.WAN_CONFIG9_V6_GW,WAN_CONFIG9_V6_GW,RW,LST DEVICE_INFO,parent_exact,
binding,MOD DEVICE_INFO,Device.DeviceInfo.WAN_CONFIG9_V6_GW,WAN_CONFIG9_V6_GW,RW,MOD DEVICE_INFO,parent_exact,
binding,LST DEVICE_INFO,Device.DeviceInfo.WAN_CONFIG9_V6_IPADDR,WAN_CONFIG9_V6_IPADDR,RW,LST DEVICE_INFO,parent_exact,
binding,MOD DEVICE_INFO,Device.DeviceInfo.WAN_CONFIG9_V6_IPADDR,WAN_CONFIG9_V6_IPADDR,RW,MOD DEVICE_INFO,parent_exact,
binding,LST DEVICE_INFO,Device.DeviceInfo.WAN_CONFIG9_V6_PREFIX,WAN_CONFIG9_V6_PREFIX,RW,LST DEVICE_INFO,parent_exact,
binding,MOD DEVICE_INFO,Device.DeviceInfo.WAN_CONFIG9_V6_PREFIX,WAN_CONFIG9_V6_PREFIX,RW,MOD DEVICE_INFO,parent_exact,
binding,LST DEVICE_INFO,Device.DeviceInfo.WAN_CONFIG9_VLAN,WAN_CONFIG9_VLAN,RW,LST DEVICE_INFO,parent_exact,
binding,MOD DEVICE_INFO,Device.DeviceInfo.WAN_CONFIG9_VLAN,WAN_CONFIG9_VLAN,RW,MOD DEVICE_INFO,parent_exact,
binding,LST DEVICE_INFO,Device.DeviceInfo.WanLinkSpeed,WAN_LINK_SPEED,RW,LST DEVICE_INFO,parent_exact,
binding,MOD DEVICE_INFO,Device.DeviceInfo.WanLinkSpeed,WAN_LINK_SPEED,RW,MOD DEVICE_INFO,parent_exact,
binding,LST DEVICE_INFO,Device.DeviceInfo.X_COM_ApLteturboEnable,X_COM_AP_LTETURBO_ENABLE,RO,LST DEVICE_INFO,parent_exact,
binding,LST DEVICE_INFO,Device.DeviceInfo.X_COM_LTE_LBO_First_Static_Ip_Address,X_COM_LTE_LBO_FIRST_STATIC_IP_ADDRESS,RW,LST DEVICE_INFO,parent_exact,
binding,MOD DEVICE_INFO,Device.DeviceInfo.X_COM_LTE_LBO_First_Static_Ip_Address,X_COM_LTE_LBO_FIRST_STATIC_IP_ADDRESS,RW,MOD DEVICE_INFO,parent_exact,
binding,LST DEVICE_INFO,Device.DeviceInfo.X_COM_LTE_LBO_IMSI_IP_List,X_COM_LTE_LBO_IMSI_IP_LIST,RW,LST DEVICE_INFO,parent_exact,
binding,MOD DEVICE_INFO,Device.DeviceInfo.X_COM_LTE_LBO_IMSI_IP_List,X_COM_LTE_LBO_IMSI_IP_LIST,RW,MOD DEVICE_INFO,parent_exact,
binding,LST DEVICE_INFO,Device.DeviceInfo.X_COM_LTE_LBO_Ifname,X_COM_LTE_LBO_IFNAME,RW,LST DEVICE_INFO,parent_exact,
binding,MOD DEVICE_INFO,Device.DeviceInfo.X_COM_LTE_LBO_Ifname,X_COM_LTE_LBO_IFNAME,RW,MOD DEVICE_INFO,parent_exact,
binding,LST DEVICE_INFO,Device.DeviceInfo.X_COM_LTE_LBO_Last_Static_Ip_Address,X_COM_LTE_LBO_LAST_STATIC_IP_ADDRESS,RW,LST DEVICE_INFO,parent_exact,
binding,MOD DEVICE_INFO,Device.DeviceInfo.X_COM_LTE_LBO_Last_Static_Ip_Address,X_COM_LTE_LBO_LAST_STATIC_IP_ADDRESS,RW,MOD DEVICE_INFO,parent_exact,
binding,LST DEVICE_INFO,Device.DeviceInfo.X_COM_LTE_LBO_NET_Mask,X_COM_LTE_LBO_NET_MASK,RW,LST DEVICE_INFO,parent_exact,
binding,MOD DEVICE_INFO,Device.DeviceInfo.X_COM_LTE_LBO_NET_Mask,X_COM_LTE_LBO_NET_MASK,RW,MOD DEVICE_INFO,parent_exact,
binding,LST DEVICE_INFO,Device.DeviceInfo.X_COM_LTE_LBO_START_UE_Addr,X_COM_LTE_LBO_START_UE_ADDR,RW,LST DEVICE_INFO,parent_exact,
binding,MOD DEVICE_INFO,Device.DeviceInfo.X_COM_LTE_LBO_START_UE_Addr,X_COM_LTE_LBO_START_UE_ADDR,RW,MOD DEVICE_INFO,parent_exact,
binding,LST DEVICE_INFO,Device.DeviceInfo.X_COM_LTE_LBO_Static_Ip_Addr_Switch,X_COM_LTE_LBO_STATIC_IP_ADDR_SWITCH,RW,LST DEVICE_INFO,parent_exact,
binding,MOD DEVICE_INFO,Device.DeviceInfo.X_COM_LTE_LBO_Static_Ip_Addr_Switch,X_COM_LTE_LBO_STATIC_IP_ADDR_SWITCH,RW,MOD DEVICE_INFO,parent_exact,
binding,LST DEVICE_INFO,Device.DeviceInfo.X_COM_LTE_LBO_Switch,X_COM_LTE_LBO_SWITCH,RW,LST DEVICE_INFO,parent_exact,
binding,MOD DEVICE_INFO,Device.DeviceInfo.X_COM_LTE_LBO_Switch,X_COM_LTE_LBO_SWITCH,RW,MOD DEVICE_INFO,parent_exact,
binding,LST DEVICE_INFO,Device.DeviceInfo.X_COM_LTE_LGW_First_Static_Ip_Address,X_COM_LTE_LGW_FIRST_STATIC_IP_ADDRESS,RW,LST DEVICE_INFO,parent_exact,
binding,MOD DEVICE_INFO,Device.DeviceInfo.X_COM_LTE_LGW_First_Static_Ip_Address,X_COM_LTE_LGW_FIRST_STATIC_IP_ADDRESS,RW,MOD DEVICE_INFO,parent_exact,
binding,LST DEVICE_INFO,Device.DeviceInfo.X_COM_LTE_LGW_IMSI_IP_List,X_COM_LTE_LGW_IMSI_IP_LIST,RW,LST DEVICE_INFO,parent_exact,
binding,MOD DEVICE_INFO,Device.DeviceInfo.X_COM_LTE_LGW_IMSI_IP_List,X_COM_LTE_LGW_IMSI_IP_LIST,RW,MOD DEVICE_INFO,parent_exact,
binding,LST DEVICE_INFO,Device.DeviceInfo.X_COM_LTE_LGW_Ifname,X_COM_LTE_LGW_IFNAME,RW,LST DEVICE_INFO,parent_exact,
binding,MOD DEVICE_INFO,Device.DeviceInfo.X_COM_LTE_LGW_Ifname,X_COM_LTE_LGW_IFNAME,RW,MOD DEVICE_INFO,parent_exact,
binding,LST DEVICE_INFO,Device.DeviceInfo.X_COM_LTE_LGW_Last_Static_Ip_Address,X_COM_LTE_LGW_LAST_STATIC_IP_ADDRESS,RW,LST DEVICE_INFO,parent_exact,
binding,MOD DEVICE_INFO,Device.DeviceInfo.X_COM_LTE_LGW_Last_Static_Ip_Address,X_COM_LTE_LGW_LAST_STATIC_IP_ADDRESS,RW,MOD DEVICE_INFO,parent_exact,
binding,LST DEVICE_INFO,Device.DeviceInfo.X_COM_LTE_LGW_NET_Mask,X_COM_LTE_LGW_NET_MASK,RW,LST DEVICE_INFO,parent_exact,
binding,MOD DEVICE_INFO,Device.DeviceInfo.X_COM_LTE_LGW_NET_Mask,X_COM_LTE_LGW_NET_MASK,RW,MOD DEVICE_INFO,parent_exact,
binding,LST DEVICE_INFO,Device.DeviceInfo.X_COM_LTE_LGW_START_UE_Addr,X_COM_LTE_LGW_START_UE_ADDR,RW,LST DEVICE_INFO,parent_exact,
binding,MOD DEVICE_INFO,Device.DeviceInfo.X_COM_LTE_LGW_START_UE_Addr,X_COM_LTE_LGW_START_UE_ADDR,RW,MOD DEVICE_INFO,parent_exact,
binding,LST DEVICE_INFO,Device.DeviceInfo.X_COM_LTE_LGW_Static_Ip_Addr_Switch,X_COM_LTE_LGW_STATIC_IP_ADDR_SWITCH,RW,LST DEVICE_INFO,parent_exact,
binding,MOD DEVICE_INFO,Device.DeviceInfo.X_COM_LTE_LGW_Static_Ip_Addr_Switch,X_COM_LTE_LGW_STATIC_IP_ADDR_SWITCH,RW,MOD DEVICE_INFO,parent_exact,
binding,LST DEVICE_INFO,Device.DeviceInfo.X_COM_LTE_LGW_Switch,X_COM_LTE_LGW_SWITCH,RW,LST DEVICE_INFO,parent_exact,
binding,MOD DEVICE_INFO,Device.DeviceInfo.X_COM_LTE_LGW_Switch,X_COM_LTE_LGW_SWITCH,RW,MOD DEVICE_INFO,parent_exact,
binding,LST DEVICE_INFO,Device.DeviceInfo.X_COM_LTE_WAN_CHECK_ENABLE,X_COM_LTE_WAN_CHECK_ENABLE,RW,LST DEVICE_INFO,parent_exact,
binding,MOD DEVICE_INFO,Device.DeviceInfo.X_COM_LTE_WAN_CHECK_ENABLE,X_COM_LTE_WAN_CHECK_ENABLE,RW,MOD DEVICE_INFO,parent_exact,
binding,LST DEVICE_INFO,Device.DeviceInfo.X_COM_LTE_WAN_CHECK_TIMER_LEN,X_COM_LTE_WAN_CHECK_TIMER_LEN,RW,LST DEVICE_INFO,parent_exact,
binding,MOD DEVICE_INFO,Device.DeviceInfo.X_COM_LTE_WAN_CHECK_TIMER_LEN,X_COM_LTE_WAN_CHECK_TIMER_LEN,RW,MOD DEVICE_INFO,parent_exact,
binding,LST DEVICE_INFO,Device.DeviceInfo.X_COM_LmtEnable,X_COM_LMT_ENABLE,RW,LST DEVICE_INFO,parent_exact,
binding,MOD DEVICE_INFO,Device.DeviceInfo.X_COM_LmtEnable,X_COM_LMT_ENABLE,RW,MOD DEVICE_INFO,parent_exact,
binding,LST DEVICE_INFO,Device.DeviceInfo.X_COM_MME_Status,X_COM_MME_STATUS,RO,LST DEVICE_INFO,parent_exact,
binding,LST DEVICE_INFO,Device.DeviceInfo.X_COM_OMC_ETH_CONFIG_MTU,X_COM_OMC_ETH_CONFIG_MTU,RW,LST DEVICE_INFO,parent_exact,
binding,MOD DEVICE_INFO,Device.DeviceInfo.X_COM_OMC_ETH_CONFIG_MTU,X_COM_OMC_ETH_CONFIG_MTU,RW,MOD DEVICE_INFO,parent_exact,
binding,LST DEVICE_INFO,Device.DeviceInfo.X_COM_PTP1588DomainNum,X_COM_PTP1588DOMAIN_NUM,RW,LST DEVICE_INFO,parent_exact,
binding,MOD DEVICE_INFO,Device.DeviceInfo.X_COM_PTP1588DomainNum,X_COM_PTP1588DOMAIN_NUM,RW,MOD DEVICE_INFO,parent_exact,
binding,LST DEVICE_INFO,Device.DeviceInfo.X_COM_PTP1588Interface,X_COM_PTP1588INTERFACE,RW,LST DEVICE_INFO,parent_exact,
binding,MOD DEVICE_INFO,Device.DeviceInfo.X_COM_PTP1588Interface,X_COM_PTP1588INTERFACE,RW,MOD DEVICE_INFO,parent_exact,
binding,LST DEVICE_INFO,Device.DeviceInfo.X_COM_PTP1588Profile,X_COM_PTP1588PROFILE,RW,LST DEVICE_INFO,parent_exact,
binding,MOD DEVICE_INFO,Device.DeviceInfo.X_COM_PTP1588Profile,X_COM_PTP1588PROFILE,RW,MOD DEVICE_INFO,parent_exact,
binding,LST DEVICE_INFO,Device.DeviceInfo.X_COM_PTP1588TRANS_PORT,X_COM_PTP1588TRANS_PORT,RW,LST DEVICE_INFO,parent_exact,
binding,MOD DEVICE_INFO,Device.DeviceInfo.X_COM_PTP1588TRANS_PORT,X_COM_PTP1588TRANS_PORT,RW,MOD DEVICE_INFO,parent_exact,
binding,LST DEVICE_INFO,Device.DeviceInfo.X_COM_PTP1588Trigger,X_COM_PTP1588TRIGGER,RW,LST DEVICE_INFO,parent_exact,
binding,MOD DEVICE_INFO,Device.DeviceInfo.X_COM_PTP1588Trigger,X_COM_PTP1588TRIGGER,RW,MOD DEVICE_INFO,parent_exact,
binding,LST DEVICE_INFO,Device.DeviceInfo.X_COM_PTP1588UnicastAddr,X_COM_PTP1588UNICAST_ADDR,RW,LST DEVICE_INFO,parent_exact,
binding,MOD DEVICE_INFO,Device.DeviceInfo.X_COM_PTP1588UnicastAddr,X_COM_PTP1588UNICAST_ADDR,RW,MOD DEVICE_INFO,parent_exact,
binding,LST DEVICE_INFO,Device.DeviceInfo.X_COM_PTP1588syncsMode,X_COM_PTP1588SYNCS_MODE,RW,LST DEVICE_INFO,parent_exact,
binding,MOD DEVICE_INFO,Device.DeviceInfo.X_COM_PTP1588syncsMode,X_COM_PTP1588SYNCS_MODE,RW,MOD DEVICE_INFO,parent_exact,
binding,LST DEVICE_INFO,Device.DeviceInfo.X_COM_SCTP_CONFIG_MTU,X_COM_SCTP_CONFIG_MTU,RW,LST DEVICE_INFO,parent_exact,
binding,MOD DEVICE_INFO,Device.DeviceInfo.X_COM_SCTP_CONFIG_MTU,X_COM_SCTP_CONFIG_MTU,RW,MOD DEVICE_INFO,parent_exact,
binding,LST DEVICE_INFO,Device.DeviceInfo.X_COM_Toggle_Switch,X_COM_TOGGLE_SWITCH,RW,LST DEVICE_INFO,parent_exact,
binding,MOD DEVICE_INFO,Device.DeviceInfo.X_COM_Toggle_Switch,X_COM_TOGGLE_SWITCH,RW,MOD DEVICE_INFO,parent_exact,
binding,LST DEVICE_INFO,Device.DeviceInfo.cbsdCategory,CBSD_CATEGORY,RW,LST DEVICE_INFO,parent_exact,
binding,MOD DEVICE_INFO,Device.DeviceInfo.cbsdCategory,CBSD_CATEGORY,RW,MOD DEVICE_INFO,parent_exact,
binding,LST DEVICE_INFO,Device.DeviceInfo.cellModeIdx,CELL_MODE_IDX,RO,LST DEVICE_INFO,parent_exact,
binding,LST DEVICE_INFO,Device.DeviceInfo.highFrequency,HIGH_FREQUENCY,RW,LST DEVICE_INFO,parent_exact,
binding,MOD DEVICE_INFO,Device.DeviceInfo.highFrequency,HIGH_FREQUENCY,RW,MOD DEVICE_INFO,parent_exact,
binding,LST DEVICE_INFO,Device.DeviceInfo.iForcedSyncControlSwitch,I_FORCED_SYNC_CONTROL_SWITCH,RW,LST DEVICE_INFO,parent_exact,
binding,MOD DEVICE_INFO,Device.DeviceInfo.iForcedSyncControlSwitch,I_FORCED_SYNC_CONTROL_SWITCH,RW,MOD DEVICE_INFO,parent_exact,
binding,LST DEVICE_INFO,Device.DeviceInfo.indoorDeployment,INDOOR_DEPLOYMENT,RW,LST DEVICE_INFO,parent_exact,
binding,MOD DEVICE_INFO,Device.DeviceInfo.indoorDeployment,INDOOR_DEPLOYMENT,RW,MOD DEVICE_INFO,parent_exact,
binding,LST DEVICE_INFO,Device.DeviceInfo.lowFrequency,LOW_FREQUENCY,RW,LST DEVICE_INFO,parent_exact,
binding,MOD DEVICE_INFO,Device.DeviceInfo.lowFrequency,LOW_FREQUENCY,RW,MOD DEVICE_INFO,parent_exact,
binding,LST DEVICE_INFO,Device.DeviceInfo.supportedN48N78SharedRf,SUPPORTED_N48N78SHARED_RF,RO,LST DEVICE_INFO,parent_exact,
binding,LST SOFTWARE_CTRL,Device.SoftwareCtrl.AccCard1PpsDelay,ACC_CARD1PPS_DELAY,RW,LST SOFTWARE_CTRL,parent_exact,
binding,MOD SOFTWARE_CTRL,Device.SoftwareCtrl.AccCard1PpsDelay,ACC_CARD1PPS_DELAY,RW,MOD SOFTWARE_CTRL,parent_exact,
binding,LST SOFTWARE_CTRL,Device.SoftwareCtrl.N48N78SharedRfEnable,N48N78SHARED_RF_ENABLE,RO,LST SOFTWARE_CTRL,parent_exact,
binding,LST MANAGEMENT_SERVER,Device.ManagementServer.X_COM_tr069_port,X_COM_TR069_PORT,RW,LST MANAGEMENT_SERVER,parent_exact,
binding,MOD MANAGEMENT_SERVER,Device.ManagementServer.X_COM_tr069_port,X_COM_TR069_PORT,RW,MOD MANAGEMENT_SERVER,parent_exact,
binding,LST MANAGEMENT_SERVER,Device.ManagementServer.tfcsManagerPrimsrc,TFCS_MANAGER_PRIMSRC,RW,LST MANAGEMENT_SERVER,parent_exact,
binding,MOD MANAGEMENT_SERVER,Device.ManagementServer.tfcsManagerPrimsrc,TFCS_MANAGER_PRIMSRC,RW,MOD MANAGEMENT_SERVER,parent_exact,
binding,LST MANAGEMENT_SERVER,Device.ManagementServer.tfcsSyncState,TFCS_SYNC_STATE,RW,LST MANAGEMENT_SERVER,parent_exact,
binding,MOD MANAGEMENT_SERVER,Device.ManagementServer.tfcsSyncState,TFCS_SYNC_STATE,RW,MOD MANAGEMENT_SERVER,parent_exact,
binding,LST FAULT_MGMT_HISTORY_EVENT,Device.FaultMgmt.HistoryEvent.{i}.OUI,OUI,RO,LST HISTORY_EVENT,parent_exact,
binding,LST FAULT_MGMT_HISTORY_EVENT,Device.FaultMgmt.HistoryEvent.{i}.SerialNumber,SERIAL_NUMBER,RO,LST HISTORY_EVENT,parent_exact,
binding,LST FAULT_MGMT_EXPEDITED_EVENT,Device.FaultMgmt.ExpeditedEvent.{i}.OUI,OUI,RO,LST EXPEDITED_EVENT,parent_exact,
binding,LST FAULT_MGMT_EXPEDITED_EVENT,Device.FaultMgmt.ExpeditedEvent.{i}.SerialNumber,SERIAL_NUMBER,RO,LST EXPEDITED_EVENT,parent_exact,
binding,LST FAULT_MGMT_CURRENT_ALARM,Device.FaultMgmt.CurrentAlarm.{i}.OUI,OUI,RO,LST CURRENT_ALARM,parent_exact,
binding,LST FAULT_MGMT_CURRENT_ALARM,Device.FaultMgmt.CurrentAlarm.{i}.SerialNumber,SERIAL_NUMBER,RO,LST CURRENT_ALARM,parent_exact,
binding,LST FAULT_MGMT_QUEUED_EVENT,Device.FaultMgmt.QueuedEvent.{i}.OUI,OUI,RO,LST QUEUED_EVENT,parent_exact,
binding,LST FAULT_MGMT_QUEUED_EVENT,Device.FaultMgmt.QueuedEvent.{i}.SerialNumber,SERIAL_NUMBER,RO,LST QUEUED_EVENT,parent_exact,
binding,LST PLMN_LIST,Device.Services.FAPService.{i}.CellConfig.LTE.EPC.PLMNList.{i}.Enable,ENABLE,RW,LST PLMNLIST,parent_exact,
binding,MOD PLMN_LIST,Device.Services.FAPService.{i}.CellConfig.LTE.EPC.PLMNList.{i}.Enable,ENABLE,RW,MOD PLMNLIST,parent_exact,
binding,LST PLMN_LIST,Device.Services.FAPService.{i}.CellConfig.LTE.EPC.PLMNList.{i}.IsPrimary,IS_PRIMARY,RW,LST PLMNLIST,parent_exact,
binding,MOD PLMN_LIST,Device.Services.FAPService.{i}.CellConfig.LTE.EPC.PLMNList.{i}.IsPrimary,IS_PRIMARY,RW,MOD PLMNLIST,parent_exact,
binding,LST LTE_EPC,Device.Services.FAPService.{i}.CellConfig.LTE.EPC.AllowedCipheringAlgorithmList,ALLOWED_CIPHERING_ALGORITHM_LIST,RW,LST LTE_EPC,parent_exact,
binding,MOD LTE_EPC,Device.Services.FAPService.{i}.CellConfig.LTE.EPC.AllowedCipheringAlgorithmList,ALLOWED_CIPHERING_ALGORITHM_LIST,RW,MOD LTE_EPC,parent_exact,
binding,LST LTE_EPC,Device.Services.FAPService.{i}.CellConfig.LTE.EPC.AllowedIntegrityProtectionAlgorithmList,ALLOWED_INTEGRITY_PROTECTION_ALGORITHM_LIST,RW,LST LTE_EPC,parent_exact,
binding,MOD LTE_EPC,Device.Services.FAPService.{i}.CellConfig.LTE.EPC.AllowedIntegrityProtectionAlgorithmList,ALLOWED_INTEGRITY_PROTECTION_ALGORITHM_LIST,RW,MOD LTE_EPC,parent_exact,
binding,LST FAP_SERVICE,Device.Services.FAPService.{i}.AmfsStatus,AMFS_STATUS,RO,LST FAPSERVICE,normalized_exact,
binding,LST FAP_SERVICE,Device.Services.FAPService.{i}.EnableX2,ENABLE_X2,RW,LST FAPSERVICE,normalized_exact,
binding,MOD FAP_SERVICE,Device.Services.FAPService.{i}.EnableX2,ENABLE_X2,RW,MOD FAPSERVICE,normalized_exact,
binding,LST FAP_SERVICE_CAPABILITIES,Device.Services.FAPService.{i}.Capabilities.MaxTxPower,MAX_TX_POWER,RO,LST FAPSERVICE_CAPABILITIES,normalized_exact,
binding,LST INTER_RAT_CELL_GSM,Device.Services.FAPService.{i}.CellConfig.LTE.RAN.NeighborList.InterRATCell.GSM.{i}.Enable,ENABLE,RW,LST INTER_RATCELL_GSM,parent_exact,
binding,MOD INTER_RAT_CELL_GSM,Device.Services.FAPService.{i}.CellConfig.LTE.RAN.NeighborList.InterRATCell.GSM.{i}.Enable,ENABLE,RW,MOD INTER_RATCELL_GSM,parent_exact,
binding,LST LTE_CELL,Device.Services.FAPService.{i}.CellConfig.LTE.RAN.NeighborList.LTECell.{i}.Enable,ENABLE,RW,LST LTECELL,parent_exact,
binding,MOD LTE_CELL,Device.Services.FAPService.{i}.CellConfig.LTE.RAN.NeighborList.LTECell.{i}.Enable,ENABLE,RW,MOD LTECELL,parent_exact,
binding,LST LTE_CELL,Device.Services.FAPService.{i}.CellConfig.LTE.RAN.NeighborList.LTECell.{i}.NeighCellAddReason,NEIGH_CELL_ADD_REASON,RW,LST LTECELL,parent_exact,
binding,MOD LTE_CELL,Device.Services.FAPService.{i}.CellConfig.LTE.RAN.NeighborList.LTECell.{i}.NeighCellAddReason,NEIGH_CELL_ADD_REASON,RW,MOD LTECELL,parent_exact,
binding,LST LTE_CELL,Device.Services.FAPService.{i}.CellConfig.LTE.RAN.NeighborList.LTECell.{i}.NeighCellTypeContainer,NEIGH_CELL_TYPE_CONTAINER,RW,LST LTECELL,parent_exact,
binding,MOD LTE_CELL,Device.Services.FAPService.{i}.CellConfig.LTE.RAN.NeighborList.LTECell.{i}.NeighCellTypeContainer,NEIGH_CELL_TYPE_CONTAINER,RW,MOD LTECELL,parent_exact,
binding,LST LTE_CELL,Device.Services.FAPService.{i}.CellConfig.LTE.RAN.NeighborList.LTECell.{i}.X2Flag,X2FLAG,RW,LST LTECELL,parent_exact,
binding,MOD LTE_CELL,Device.Services.FAPService.{i}.CellConfig.LTE.RAN.NeighborList.LTECell.{i}.X2Flag,X2FLAG,RW,MOD LTECELL,parent_exact,
binding,LST LTE_CELL,Device.Services.FAPService.{i}.CellConfig.LTE.RAN.NeighborList.LTECell.{i}.X2IP,X2IP,RW,LST LTECELL,parent_exact,
binding,MOD LTE_CELL,Device.Services.FAPService.{i}.CellConfig.LTE.RAN.NeighborList.LTECell.{i}.X2IP,X2IP,RW,MOD LTECELL,parent_exact,
binding,LST LTE_CELL,Device.Services.FAPService.{i}.CellConfig.LTE.RAN.NeighborList.LTECell.{i}.X2Status,X2STATUS,RW,LST LTECELL,parent_exact,
binding,MOD LTE_CELL,Device.Services.FAPService.{i}.CellConfig.LTE.RAN.NeighborList.LTECell.{i}.X2Status,X2STATUS,RW,MOD LTECELL,parent_exact,
binding,LST LTE_CELL,Device.Services.FAPService.{i}.CellConfig.LTE.RAN.NeighborList.LTECell.{i}.X_COM_TAC,X_COM_TAC,RW,LST LTECELL,parent_exact,
binding,MOD LTE_CELL,Device.Services.FAPService.{i}.CellConfig.LTE.RAN.NeighborList.LTECell.{i}.X_COM_TAC,X_COM_TAC,RW,MOD LTECELL,parent_exact,
binding,LST CARRIER,Device.Services.FAPService.{i}.CellConfig.LTE.RAN.Mobility.IdleMode.InterFreq.Carrier.{i}.Enable,ENABLE,RW,LST CARRIER,parent_exact,
binding,MOD CARRIER,Device.Services.FAPService.{i}.CellConfig.LTE.RAN.Mobility.IdleMode.InterFreq.Carrier.{i}.Enable,ENABLE,RW,MOD CARRIER,parent_exact,
binding,LST CONN_MODE_EUTRA,Device.Services.FAPService.{i}.CellConfig.LTE.RAN.Mobility.ConnMode.EUTRA.A1ThresholdRSRP,A1THRESHOLD_RSRP,RW,LST CONN_MODE_EUTRA,exact_code,
binding,MOD CONN_MODE_EUTRA,Device.Services.FAPService.{i}.CellConfig.LTE.RAN.Mobility.ConnMode.EUTRA.A1ThresholdRSRP,A1THRESHOLD_RSRP,RW,MOD CONN_MODE_EUTRA,exact_code,
binding,LST CONN_MODE_EUTRA,Device.Services.FAPService.{i}.CellConfig.LTE.RAN.Mobility.ConnMode.EUTRA.A2ThresholdRSRP,A2THRESHOLD_RSRP,RW,LST CONN_MODE_EUTRA,exact_code,
binding,MOD CONN_MODE_EUTRA,Device.Services.FAPService.{i}.CellConfig.LTE.RAN.Mobility.ConnMode.EUTRA.A2ThresholdRSRP,A2THRESHOLD_RSRP,RW,MOD CONN_MODE_EUTRA,exact_code,
binding,LST CONN_MODE_EUTRA,Device.Services.FAPService.{i}.CellConfig.LTE.RAN.Mobility.ConnMode.EUTRA.Hysteresis,HYSTERESIS,RW,LST CONN_MODE_EUTRA,exact_code,
binding,MOD CONN_MODE_EUTRA,Device.Services.FAPService.{i}.CellConfig.LTE.RAN.Mobility.ConnMode.EUTRA.Hysteresis,HYSTERESIS,RW,MOD CONN_MODE_EUTRA,exact_code,
binding,LST CONN_MODE_EUTRA,Device.Services.FAPService.{i}.CellConfig.LTE.RAN.Mobility.ConnMode.EUTRA.TimeToTrigger,TIME_TO_TRIGGER,RW,LST CONN_MODE_EUTRA,exact_code,
binding,MOD CONN_MODE_EUTRA,Device.Services.FAPService.{i}.CellConfig.LTE.RAN.Mobility.ConnMode.EUTRA.TimeToTrigger,TIME_TO_TRIGGER,RW,MOD CONN_MODE_EUTRA,exact_code,
binding,LST ETHERNET_INTERFACE,Device.Ethernet.Interface.{i}.PortType,PORT_TYPE,RO,LST INTERFACE,parent_exact,
binding,LST ETHERNET_INTERFACE,Device.Ethernet.Interface.{i}.interfaceType,INTERFACE_TYPE,RW,LST INTERFACE,parent_exact,
binding,MOD ETHERNET_INTERFACE,Device.Ethernet.Interface.{i}.interfaceType,INTERFACE_TYPE,RW,MOD INTERFACE,parent_exact,
binding,LST TIME,Device.Time.LTE_X_COM_NTP_SYNC_INTERVAL,LTE_X_COM_NTP_SYNC_INTERVAL,RW,LST TIME,parent_exact,
binding,MOD TIME,Device.Time.LTE_X_COM_NTP_SYNC_INTERVAL,LTE_X_COM_NTP_SYNC_INTERVAL,RW,MOD TIME,parent_exact,
binding,LST TIME,Device.Time.LocalTimeZoneName,LOCAL_TIME_ZONE_NAME,RW,LST TIME,parent_exact,
binding,MOD TIME,Device.Time.LocalTimeZoneName,LOCAL_TIME_ZONE_NAME,RW,MOD TIME,parent_exact,
binding,LST TIME,Device.Time.NTPPort1,NTPPORT1,RW,LST TIME,parent_exact,
binding,MOD TIME,Device.Time.NTPPort1,NTPPORT1,RW,MOD TIME,parent_exact,
binding,LST TIME,Device.Time.NTPPort2,NTPPORT2,RW,LST TIME,parent_exact,
binding,MOD TIME,Device.Time.NTPPort2,NTPPORT2,RW,MOD TIME,parent_exact,
binding,LST TIME,Device.Time.NTPPort3,NTPPORT3,RW,LST TIME,parent_exact,
binding,MOD TIME,Device.Time.NTPPort3,NTPPORT3,RW,MOD TIME,parent_exact,
binding,LST TIME,Device.Time.NTPPort4,NTPPORT4,RW,LST TIME,parent_exact,
binding,MOD TIME,Device.Time.NTPPort4,NTPPORT4,RW,MOD TIME,parent_exact,
binding,LST FAP_GPS,Device.FAP.GPS.Height,HEIGHT,RO,LST FAP_GPS,parent_exact,
binding,LST FAP_GPS,Device.FAP.GPS.LockedAltitude,LOCKED_ALTITUDE,RW,LST FAP_GPS,parent_exact,
binding,LST FAP_GPS,Device.FAP.GPS.SyncSource,SYNC_SOURCE,RW,LST FAP_GPS,parent_exact,
binding,LST MR_MGMT_CONFIG,Device.FAP.MRMgmt.Config.{i}.MrGnssReportEnable,MR_GNSS_REPORT_ENABLE,RW,LST CONFIG,parent_exact,
binding,MOD MR_MGMT_CONFIG,Device.FAP.MRMgmt.Config.{i}.MrGnssReportEnable,MR_GNSS_REPORT_ENABLE,RW,MOD CONFIG,parent_exact,
binding,LST MR_MGMT_CONFIG,Device.FAP.MRMgmt.Config.{i}.PeriodicReportInterval,PERIODIC_REPORT_INTERVAL,RW,LST CONFIG,parent_exact,
binding,MOD MR_MGMT_CONFIG,Device.FAP.MRMgmt.Config.{i}.PeriodicReportInterval,PERIODIC_REPORT_INTERVAL,RW,MOD CONFIG,parent_exact,
binding,LST MR_MGMT_CONFIG,Device.FAP.MRMgmt.Config.{i}.Vendor,VENDOR,RW,LST CONFIG,parent_exact,
binding,MOD MR_MGMT_CONFIG,Device.FAP.MRMgmt.Config.{i}.Vendor,VENDOR,RW,MOD CONFIG,parent_exact,
skipped_candidate,,Device.FAP.GPS.LockedAltitude,,,MOD FAP_GPS,,no_existing_command
skipped_candidate,,Device.FAP.GPS.SyncSource,,,MOD FAP_GPS,,no_existing_command
