rematch_decision,rematch_confidence,matched_chapter_code,matched_chapter_name,matched_group_name,matched_object_path,match_source_type,match_source_file,path_count,sample_paths
YES_EXISTING_JSON_PARENT_GROUP,medium,SF,小区服务参数管理（总体）,FAP 载波基本配置,Device.Services.FAPService.{i}.,json_seed_and_catalog_existing_group,omcgo/internal/config/parammodel/mmlstandardloader/seeds/cmcc_tdlte_v23.json; omcgo/datamodels/mml-catalog/cmcc-tdlte-v2.3.json,627,Device.Services.FAPService.{i}.FAPControl.NR.AMFPoolConfigParam.{i}; Device.Services.FAPService.{i}.X_COM.LTE.ANR.AnrA3Offset; Device.Services.FAPService.{i}.X_COM.LTE.ANR.AnrReportCfgVal; Device.Services.FAPService.{i}.X_COM.LTE.ANR.InterAnrA5Threshold1RSRP; Device.Services.FAPService.{i}.X_COM.LTE.ANR.InterAnrA5Threshold2RSRP; Device.Services.FAPService.{i}.FAPControl.CONFIG_STATS_FLOW.STATS_FLOW_SWITCH; Device.Services.FAPService.{i}.FAPControl.CONFIG_STATS_FLOW.STATS_FLOW_UPLOAD_ADDRESS; Device.Services.FAPService.{i}.FAPControl.CONFIG_STATS_FLOW.STATS_FLOW_UPLOAD_INTERVAL
YES_EXISTING_JSON_PARENT_GROUP,medium,SA,设备信息参数管理,设备基本信息,Device.DeviceInfo.,json_seed_and_catalog_existing_group,omcgo/internal/config/parammodel/mmlstandardloader/seeds/cmcc_tdlte_v23.json; omcgo/datamodels/mml-catalog/cmcc-tdlte-v2.3.json,119,Device.DeviceInfo.AntennaInfo.Azimuth; Device.DeviceInfo.AntennaInfo.Azimuth2; Device.DeviceInfo.AntennaInfo.Azimuth3; Device.DeviceInfo.AntennaInfo.Beamwidth; Device.DeviceInfo.AntennaInfo.Beamwidth2; Device.DeviceInfo.AntennaInfo.Beamwidth3; Device.DeviceInfo.AntennaInfo.Downtilt; Device.DeviceInfo.AntennaInfo.Downtilt2
YES_PARAM_MAPPING_XML_OBJECT,medium-low,,,Ipsec,Device.FAP.Ipsec.,param_mapping_xml_object_prefix,omcgo/data/param-mappings/BLQ.xml,35,Device.FAP.Ipsec.{i}; Device.FAP.Ipsec.{i}.DPDACTION; Device.FAP.Ipsec.{i}.DPDDELAY; Device.FAP.Ipsec.{i}.ESP_AUTHENTICATION; Device.FAP.Ipsec.{i}.ESP_DH_GROUP; Device.FAP.Ipsec.{i}.ESP_ENCRYPTION; Device.FAP.Ipsec.{i}.FRAGMENTATION; Device.FAP.Ipsec.{i}.IKELIFETIME
YES_PARAM_MAPPING_XML_OBJECT,medium-low,,,Bts,DeviceGSM.Bts.,param_mapping_xml_object_prefix,omcgo/data/param-mappings/BSC.xml,16,DeviceGSM.Bts.Index; DeviceGSM.Bts.Trx.Index; DeviceGSM.Bts.{i}.handover2.power.budget.hysteresis; DeviceGSM.Bts.{i}.handover2.power.budget.interval; DeviceGSM.Bts.{i}.handover2.retries; DeviceGSM.Bts.{i}.handover2.tdma-measurement; DeviceGSM.Bts.{i}.handover2.window.rxlev.neighbor.averaging; DeviceGSM.Bts.{i}.handover2.penalty-time.max-distance
YES_EXISTING_JSON_PARENT_GROUP,medium,SL,WAN口配置参数管理,VLAN 子接口,Device.Ethernet.Interface.{i}.VlanInterface.{i}.,json_seed_and_catalog_existing_group,omcgo/internal/config/parammodel/mmlstandardloader/seeds/cmcc_tdlte_v23.json; omcgo/datamodels/mml-catalog/cmcc-tdlte-v2.3.json,8,Device.Ethernet.Interface.{i}.VlanInterface.{i}.VlanPppoeAddress.{i}; Device.Ethernet.Interface.{i}.VlanInterface.{i}.VlanPppoeAddress.{i}.Ipv4SubnetMask; Device.Ethernet.Interface.{i}.VlanInterface.{i}.VlanPppoeAddress.{i}.PppoeAddressType; Device.Ethernet.Interface.{i}.VlanInterface.{i}.VlanPppoeAddress.{i}.PppoeConnectStatus; Device.Ethernet.Interface.{i}.VlanInterface.{i}.VlanPppoeAddress.{i}.PppoeDiallingMethod; Device.Ethernet.Interface.{i}.VlanInterface.{i}.VlanPppoeAddress.{i}.PppoeIpAddress; Device.Ethernet.Interface.{i}.VlanInterface.{i}.VlanPppoeAddress.{i}.PppoePassword; Device.Ethernet.Interface.{i}.VlanInterface.{i}.VlanPppoeAddress.{i}.PppoeUser
YES_EXISTING_JSON_PARENT_GROUP,medium,SL,WAN口配置参数管理,以太网接口,Device.Ethernet.Interface.{i}.,json_seed_and_catalog_existing_group,omcgo/internal/config/parammodel/mmlstandardloader/seeds/cmcc_tdlte_v23.json; omcgo/datamodels/mml-catalog/cmcc-tdlte-v2.3.json,8,Device.Ethernet.Interface.{i}.PppoeAddress.{i}; Device.Ethernet.Interface.{i}.PppoeAddress.{i}.Ipv4SubnetMask; Device.Ethernet.Interface.{i}.PppoeAddress.{i}.PppoeAddressType; Device.Ethernet.Interface.{i}.PppoeAddress.{i}.PppoeConnectStatus; Device.Ethernet.Interface.{i}.PppoeAddress.{i}.PppoeDiallingMethod; Device.Ethernet.Interface.{i}.PppoeAddress.{i}.PppoeIpAddress; Device.Ethernet.Interface.{i}.PppoeAddress.{i}.PppoePassword; Device.Ethernet.Interface.{i}.PppoeAddress.{i}.PppoeUser
YES_SAME_EXISTING_GROUP_CODE,high,SI,邻区参数管理,LTE 同系统邻区,Device.Services.FAPService.{i}.CellConfig.LTE.RAN.NeighborList.LTECell.{i}.,existing_mml_group_code_from_analysis,omcgo/data/model-library/standard-params-to-mml-tree-analysis-20260703.detail.csv,8,Device.Services.FAPService.{i}.CellConfig.LTE.RAN.NeighborList.LTECell.{i}; Device.Services.FAPService.{i}.CellConfig.{i}.LTE.RAN.NeighborList.LTECell.{i}.CID; Device.Services.FAPService.{i}.CellConfig.{i}.LTE.RAN.NeighborList.LTECell.{i}.CIO; Device.Services.FAPService.{i}.CellConfig.{i}.LTE.RAN.NeighborList.LTECell.{i}.EUTRACarrierARFCN; Device.Services.FAPService.{i}.CellConfig.{i}.LTE.RAN.NeighborList.LTECell.{i}.PLMNID; Device.Services.FAPService.{i}.CellConfig.{i}.LTE.RAN.NeighborList.LTECell.{i}.PhyCellID; Device.Services.FAPService.{i}.CellConfig.{i}.LTE.RAN.NeighborList.LTECell.{i}.QOffset; Device.Services.FAPService.{i}.CellConfig.{i}.LTE.RAN.NeighborList.LTECell.{i}.TAC
YES_SAME_EXISTING_GROUP_CODE,high,SJ,移动性参数管理,空闲态异频载波,Device.Services.FAPService.{i}.CellConfig.LTE.RAN.Mobility.IdleMode.InterFreq.Carrier.{i}.,existing_mml_group_code_from_analysis,omcgo/data/model-library/standard-params-to-mml-tree-analysis-20260703.detail.csv,8,Device.Services.FAPService.{i}.CellConfig.LTE.RAN.Mobility.IdleMode.InterFreq.Carrier.{i}; Device.Services.FAPService.{i}.CellConfig.{i}.LTE.RAN.Mobility.IdleMode.InterFreq.Carrier.{i}.CellReselectionPriority; Device.Services.FAPService.{i}.CellConfig.{i}.LTE.RAN.Mobility.IdleMode.InterFreq.Carrier.{i}.EUTRACarrierARFCN; Device.Services.FAPService.{i}.CellConfig.{i}.LTE.RAN.Mobility.IdleMode.InterFreq.Carrier.{i}.PMax; Device.Services.FAPService.{i}.CellConfig.{i}.LTE.RAN.Mobility.IdleMode.InterFreq.Carrier.{i}.QOffsetFreq; Device.Services.FAPService.{i}.CellConfig.{i}.LTE.RAN.Mobility.IdleMode.InterFreq.Carrier.{i}.QRxLevMinSIB5; Device.Services.FAPService.{i}.CellConfig.{i}.LTE.RAN.Mobility.IdleMode.InterFreq.Carrier.{i}.ThreshXHigh; Device.Services.FAPService.{i}.CellConfig.{i}.LTE.RAN.Mobility.IdleMode.InterFreq.Carrier.{i}.ThreshXLow
YES_SAME_EXISTING_GROUP_CODE,high,SH,RAN协议栈参数,RF,Device.Services.FAPService.{i}.CellConfig.LTE.RAN.RF.,existing_mml_group_code_from_analysis,omcgo/data/model-library/standard-params-to-mml-tree-analysis-20260703.detail.csv,6,Device.Services.FAPService.{i}.CellConfig.LTE.RAN.RF.AdminCellState; Device.Services.FAPService.{i}.CellConfig.LTE.RAN.RF.EnbCellType; Device.Services.FAPService.{i}.CellConfig.LTE.RAN.RF.ForceRadioEnable; Device.Services.FAPService.{i}.CellConfig.LTE.RAN.RF.LteCellWithRuList; Device.Services.FAPService.{i}.CellConfig.LTE.RAN.RF.X_COM_MaxTxPowerExpanded; Device.Services.FAPService.{i}.CellConfig.LTE.RAN.RF.X_COM_RadioEnable
YES_PARAM_MAPPING_XML_OBJECT,medium-low,,,Trx,DeviceGSM.Bts.{i}.Trx.,param_mapping_xml_object_prefix,omcgo/data/param-mappings/BSC.xml,4,DeviceGSM.Bts.{i}.Trx.{i}.Arfcn; DeviceGSM.Bts.{i}.Trx.{i}.MaxPowerRed; DeviceGSM.Bts.{i}.Trx.{i}.RfLocked; DeviceGSM.Bts.{i}.Trx.{i}.Ts.{i}.PhyChanConfig
YES_SAME_EXISTING_GROUP_CODE,high,SF,小区服务参数管理,LTE,Device.Services.FAPService.{i}.Capabilities.LTE.,existing_mml_group_code_from_analysis,omcgo/data/model-library/standard-params-to-mml-tree-analysis-20260703.detail.csv,4,Device.Services.FAPService.{i}.Capabilities.LTE.BandsSupported; Device.Services.FAPService.{i}.Capabilities.LTE.DuplexMode; Device.Services.FAPService.{i}.Capabilities.LTE.SupportActiveRRCNumbers; Device.Services.FAPService.{i}.Capabilities.LTE.UeInactiveTimer
YES_EXISTING_JSON_PARENT_GROUP,medium,SC,基站网管参数管理,基站网管连接,Device.ManagementServer.,json_seed_and_catalog_existing_group,omcgo/internal/config/parammodel/mmlstandardloader/seeds/cmcc_tdlte_v23.json; omcgo/datamodels/mml-catalog/cmcc-tdlte-v2.3.json,2,Device.ManagementServer.sslStatus.endDate; Device.ManagementServer.sslStatus.startDate
YES_SAME_EXISTING_GROUP_CODE,high,SH,RAN协议栈参数,RRCTimers,Device.Services.FAPService.{i}.CellConfig.LTE.RAN.RRCTimers.,existing_mml_group_code_from_analysis,omcgo/data/model-library/standard-params-to-mml-tree-analysis-20260703.detail.csv,2,Device.Services.FAPService.{i}.CellConfig.LTE.RAN.RRCTimers.T304; Device.Services.FAPService.{i}.CellConfig.LTE.RAN.RRCTimers.T319
YES_EXISTING_JSON_PARENT_GROUP,medium,SH,RAN协议栈参数,RAN PHY 物理层,Device.Services.FAPService.{i}.CellConfig.LTE.RAN.PHY.,json_seed_and_catalog_existing_group,omcgo/internal/config/parammodel/mmlstandardloader/seeds/cmcc_tdlte_v23.json; omcgo/datamodels/mml-catalog/cmcc-tdlte-v2.3.json,1,Device.Services.FAPService.{i}.CellConfig.LTE.RAN.PHY.AntennaInfo.Multiplex
YES_EXISTING_JSON_PARENT_GROUP,medium,SJ,移动性参数管理,连接态 IRAT 测量,Device.Services.FAPService.{i}.CellConfig.LTE.RAN.Mobility.ConnMode.IRAT.,json_seed_and_catalog_existing_group,omcgo/internal/config/parammodel/mmlstandardloader/seeds/cmcc_tdlte_v23.json; omcgo/datamodels/mml-catalog/cmcc-tdlte-v2.3.json,1,Device.Services.FAPService.{i}.CellConfig.LTE.RAN.Mobility.ConnMode.IRAT.X_COM_UTRANTDD.B2Threshold2UTRATDDRSCP
YES_QUICKSETTINGS_XML_GROUP,high,,,Abis 接口,,quicksettings_xml_exact_standardPath,omcgo/data/quicksettings/BM.xml#gsm-abis:Abis 接口(GsmBtsBindMib),1,Device.Services.GsmBTSCellDT.{i}.GsmBtsBindMib
YES_QUICKSETTINGS_XML_GROUP,high,,,Abis 接口,,quicksettings_xml_exact_standardPath,omcgo/data/quicksettings/BM.xml#gsm-abis:Abis 接口(IPAUnitID),1,Device.Services.GsmBTSCellDT.{i}.IPAUnitID
YES_QUICKSETTINGS_XML_GROUP,high,,,Abis 接口,,quicksettings_xml_exact_standardPath,omcgo/data/quicksettings/BM.xml#gsm-abis:Abis 接口(OMLRemoteIP),1,Device.Services.GsmBTSCellDT.{i}.OMLRemoteIP
YES_QUICKSETTINGS_XML_GROUP,high,,,Abis 接口,,quicksettings_xml_exact_standardPath,omcgo/data/quicksettings/BM.xml#gsm-abis:Abis 接口(OMLRemoteIPBak),1,Device.Services.GsmBTSCellDT.{i}.OMLRemoteIPBak
YES_QUICKSETTINGS_XML_GROUP,high,,,BTS 配置,,quicksettings_xml_exact_standardPath,omcgo/data/quicksettings/BSC.xml#bsc-bts-config:BTS 配置(Band),1,DeviceGSM.Bts.{i}.Band
YES_QUICKSETTINGS_XML_GROUP,high,,,BTS 配置,,quicksettings_xml_exact_standardPath,omcgo/data/quicksettings/BSC.xml#bsc-bts-config:BTS 配置(Bsic),1,DeviceGSM.Bts.{i}.Bsic
YES_QUICKSETTINGS_XML_GROUP,high,,,BTS 配置,,quicksettings_xml_exact_standardPath,omcgo/data/quicksettings/BSC.xml#bsc-bts-config:BTS 配置(C0PowerRed),1,DeviceGSM.Bts.{i}.C0PowerRed
YES_QUICKSETTINGS_XML_GROUP,high,,,BTS 配置,,quicksettings_xml_exact_standardPath,omcgo/data/quicksettings/BSC.xml#bsc-bts-config:BTS 配置(CellId),1,DeviceGSM.Bts.{i}.CellId
YES_QUICKSETTINGS_XML_GROUP,high,,,BTS 配置,,quicksettings_xml_exact_standardPath,omcgo/data/quicksettings/BSC.xml#bsc-bts-config:BTS 配置(CellReselectHysteresis),1,DeviceGSM.Bts.{i}.CellReselectHysteresis
YES_QUICKSETTINGS_XML_GROUP,high,,,BTS 配置,,quicksettings_xml_exact_standardPath,omcgo/data/quicksettings/BSC.xml#bsc-bts-config:BTS 配置(CellReselectOffset),1,DeviceGSM.Bts.{i}.CellReselectOffset
YES_QUICKSETTINGS_XML_GROUP,high,,,BTS 配置,,quicksettings_xml_exact_standardPath,omcgo/data/quicksettings/BSC.xml#bsc-bts-config:BTS 配置(CellReselectPenaltyTime),1,DeviceGSM.Bts.{i}.CellReselectPenaltyTime
YES_QUICKSETTINGS_XML_GROUP,high,,,BTS 配置,,quicksettings_xml_exact_standardPath,omcgo/data/quicksettings/BSC.xml#bsc-bts-config:BTS 配置(CodecSupport),1,DeviceGSM.Bts.{i}.CodecSupport
YES_QUICKSETTINGS_XML_GROUP,high,,,BTS 配置,,quicksettings_xml_exact_standardPath,omcgo/data/quicksettings/BSC.xml#bsc-bts-config:BTS 配置(GprsMode),1,DeviceGSM.Bts.{i}.GprsMode
YES_QUICKSETTINGS_XML_GROUP,high,,,BTS 配置,,quicksettings_xml_exact_standardPath,omcgo/data/quicksettings/BSC.xml#bsc-bts-config:BTS 配置(IpaRslIp),1,DeviceGSM.Bts.{i}.IpaRslIp
YES_QUICKSETTINGS_XML_GROUP,high,,,BTS 配置,,quicksettings_xml_exact_standardPath,omcgo/data/quicksettings/BSC.xml#bsc-bts-config:BTS 配置(IpaUnitId),1,DeviceGSM.Bts.{i}.IpaUnitId
YES_QUICKSETTINGS_XML_GROUP,high,,,BTS 配置,,quicksettings_xml_exact_standardPath,omcgo/data/quicksettings/BSC.xml#bsc-bts-config:BTS 配置(LocationAreaCode),1,DeviceGSM.Bts.{i}.LocationAreaCode
YES_QUICKSETTINGS_XML_GROUP,high,,,BTS 配置,,quicksettings_xml_exact_standardPath,omcgo/data/quicksettings/BSC.xml#bsc-bts-config:BTS 配置(MsMaxPower),1,DeviceGSM.Bts.{i}.MsMaxPower
YES_QUICKSETTINGS_XML_GROUP,high,,,BTS 配置,,quicksettings_xml_exact_standardPath,omcgo/data/quicksettings/BSC.xml#bsc-bts-config:BTS 配置(NeighborListMode),1,DeviceGSM.Bts.{i}.NeighborListMode
YES_QUICKSETTINGS_XML_GROUP,high,,,BTS 配置,,quicksettings_xml_exact_standardPath,omcgo/data/quicksettings/BSC.xml#bsc-bts-config:BTS 配置(OmlIpaStreamId),1,DeviceGSM.Bts.{i}.OmlIpaStreamId
YES_QUICKSETTINGS_XML_GROUP,high,,,BTS 配置,,quicksettings_xml_exact_standardPath,omcgo/data/quicksettings/BSC.xml#bsc-bts-config:BTS 配置(RachCellBarred),1,DeviceGSM.Bts.{i}.RachCellBarred
YES_QUICKSETTINGS_XML_GROUP,high,,,GSM 传输参数,,quicksettings_xml_exact_standardPath,omcgo/data/quicksettings/BTS.xml#gsm-transport:GSM 传输参数(BtsRfPower),1,Device.DeviceInfo.GSM.BtsRfPower
YES_QUICKSETTINGS_XML_GROUP,high,,,GSM 传输参数,,quicksettings_xml_exact_standardPath,omcgo/data/quicksettings/BTS.xml#gsm-transport:GSM 传输参数(RemoteIP),1,DeviceGSM.OmlRemoteIp
YES_QUICKSETTINGS_XML_GROUP,high,,,GSM 传输参数,,quicksettings_xml_exact_standardPath,omcgo/data/quicksettings/BTS.xml#gsm-transport:GSM 传输参数(RemoteIPBak),1,DeviceGSM.OmlRemoteIpBak
YES_QUICKSETTINGS_XML_GROUP,high,,,GSM 传输参数,,quicksettings_xml_exact_standardPath,omcgo/data/quicksettings/BTS.xml#gsm-transport:GSM 传输参数(UnitID),1,DeviceGSM.IpaUnitId
YES_QUICKSETTINGS_XML_GROUP,high,,,GSM 空口参数,,quicksettings_xml_exact_standardPath,omcgo/data/quicksettings/BM.xml#gsm-cell:GSM 空口参数(BscSelect),1,Device.Services.GsmBTSCellDT.{i}.BscSelect
YES_QUICKSETTINGS_XML_GROUP,high,,,GSM 空口参数,,quicksettings_xml_exact_standardPath,omcgo/data/quicksettings/BM.xml#gsm-cell:GSM 空口参数(CurrLocAreaCode),1,Device.Services.GsmBTSCellDT.{i}.CurrLocAreaCode
YES_QUICKSETTINGS_XML_GROUP,high,,,GSM 空口参数,,quicksettings_xml_exact_standardPath,omcgo/data/quicksettings/BM.xml#gsm-cell:GSM 空口参数(CurrentArfcn),1,Device.Services.GsmBTSCellDT.{i}.CurrentArfcn
YES_QUICKSETTINGS_XML_GROUP,high,,,GSM 空口参数,,quicksettings_xml_exact_standardPath,omcgo/data/quicksettings/BM.xml#gsm-cell:GSM 空口参数(GsmBSIC),1,Device.Services.GsmBTSCellDT.{i}.GsmBSIC
YES_QUICKSETTINGS_XML_GROUP,high,,,GSM 空口参数,,quicksettings_xml_exact_standardPath,omcgo/data/quicksettings/BM.xml#gsm-cell:GSM 空口参数(GsmBtsBand),1,Device.Services.GsmBTSCellDT.{i}.GsmBtsBand
YES_QUICKSETTINGS_XML_GROUP,high,,,GSM 空口参数,,quicksettings_xml_exact_standardPath,omcgo/data/quicksettings/BM.xml#gsm-cell:GSM 空口参数(GsmBtsRFPower),1,Device.Services.GsmBTSCellDT.{i}.GsmBtsRFPower
YES_QUICKSETTINGS_XML_GROUP,high,,,GSM 空口参数,,quicksettings_xml_exact_standardPath,omcgo/data/quicksettings/BM.xml#gsm-cell:GSM 空口参数(GsmCellID),1,Device.Services.GsmBTSCellDT.{i}.GsmCellID
YES_QUICKSETTINGS_XML_GROUP,high,,,GSM 空口参数,,quicksettings_xml_exact_standardPath,omcgo/data/quicksettings/BM.xml#gsm-cell:GSM 空口参数(GsmCellWithRuRelation),1,Device.Services.GsmBTSCellDT.{i}.GsmCellWithRuRelation
YES_QUICKSETTINGS_XML_GROUP,high,,,GSM 空口参数,,quicksettings_xml_exact_standardPath,omcgo/data/quicksettings/BM.xml#gsm-cell:GSM 空口参数(MobileNetworkCode),1,Device.Services.GsmBTSCellDT.{i}.MobileNetworkCode
YES_QUICKSETTINGS_XML_GROUP,high,,,GSM 空口参数,,quicksettings_xml_exact_standardPath,omcgo/data/quicksettings/BM.xml#gsm-cell:GSM 空口参数(NetworkCountryCode),1,Device.Services.GsmBTSCellDT.{i}.NetworkCountryCode
YES_QUICKSETTINGS_XML_GROUP,high,,,GSM 空口参数,,quicksettings_xml_exact_standardPath,omcgo/data/quicksettings/BM.xml#gsm-cell:GSM 空口参数(OpState),1,Device.Services.GsmBTSCellDT.{i}.OpState
YES_QUICKSETTINGS_XML_GROUP,high,,,GSM 空口参数,,quicksettings_xml_exact_standardPath,omcgo/data/quicksettings/BM.xml#gsm-cell:GSM 空口参数(RfState),1,Device.Services.GsmBTSCellDT.{i}.RfState
YES_QUICKSETTINGS_XML_GROUP,high,,,GSM 空口参数,,quicksettings_xml_exact_standardPath,omcgo/data/quicksettings/BM.xml#gsm-cell:GSM 空口参数(UeCount),1,Device.Services.GsmBTSCellDT.{i}.UeCount
YES_QUICKSETTINGS_XML_GROUP,high,,,IPSec 配置,,quicksettings_xml_exact_standardPath,omcgo/data/quicksettings/BLQ.xml#device-ipsec-control:IPSec 配置(IPSEC_ENABLE),1,Device.Services.FAPService.Ipsec.IPSEC_ENABLE
YES_QUICKSETTINGS_XML_GROUP,high,,,TDD 配置,,quicksettings_xml_exact_standardPath,omcgo/data/quicksettings/BaiBNQ.xml#gnb-tdd:TDD 配置(DlULTransmissionPeriodicity),1,Device.Services.FAPService.{i}.CellConfig.{i}.NR.RAN.PHY.TddULDLConfigurationCommon.pattern1.DlULTransmissionPeriodicity
YES_QUICKSETTINGS_XML_GROUP,high,,,TDD 配置,,quicksettings_xml_exact_standardPath,omcgo/data/quicksettings/BaiBNQ.xml#gnb-tdd:TDD 配置(NrofDownlinkSlots),1,Device.Services.FAPService.{i}.CellConfig.{i}.NR.RAN.PHY.TddULDLConfigurationCommon.pattern1.NrofDownlinkSlots
YES_QUICKSETTINGS_XML_GROUP,high,,,TDD 配置,,quicksettings_xml_exact_standardPath,omcgo/data/quicksettings/BaiBNQ.xml#gnb-tdd:TDD 配置(NrofDownlinkSymbols),1,Device.Services.FAPService.{i}.CellConfig.{i}.NR.RAN.PHY.TddULDLConfigurationCommon.pattern1.NrofDownlinkSymbols
YES_QUICKSETTINGS_XML_GROUP,high,,,TDD 配置,,quicksettings_xml_exact_standardPath,omcgo/data/quicksettings/BaiBNQ.xml#gnb-tdd:TDD 配置(NrofUplinkSlots),1,Device.Services.FAPService.{i}.CellConfig.{i}.NR.RAN.PHY.TddULDLConfigurationCommon.pattern1.NrofUplinkSlots
YES_QUICKSETTINGS_XML_GROUP,high,,,TDD 配置,,quicksettings_xml_exact_standardPath,omcgo/data/quicksettings/BaiBNQ.xml#gnb-tdd:TDD 配置(NrofUplinkSymbols),1,Device.Services.FAPService.{i}.CellConfig.{i}.NR.RAN.PHY.TddULDLConfigurationCommon.pattern1.NrofUplinkSymbols
YES_QUICKSETTINGS_XML_GROUP,high,,,TDD 配置,,quicksettings_xml_exact_standardPath,omcgo/data/quicksettings/BaiBNQ.xml#gnb-tdd:TDD 配置(Pat2DlULTransmissionPeriodicity),1,Device.Services.FAPService.{i}.CellConfig.{i}.NR.RAN.PHY.TddULDLConfigurationCommon.pattern2.DlULTransmissionPeriodicity
YES_QUICKSETTINGS_XML_GROUP,high,,,TDD 配置,,quicksettings_xml_exact_standardPath,omcgo/data/quicksettings/BaiBNQ.xml#gnb-tdd:TDD 配置(Pat2NrofDownlinkSlots),1,Device.Services.FAPService.{i}.CellConfig.{i}.NR.RAN.PHY.TddULDLConfigurationCommon.pattern2.NrofDownlinkSlots
YES_QUICKSETTINGS_XML_GROUP,high,,,TDD 配置,,quicksettings_xml_exact_standardPath,omcgo/data/quicksettings/BaiBNQ.xml#gnb-tdd:TDD 配置(Pat2NrofDownlinkSymbols),1,Device.Services.FAPService.{i}.CellConfig.{i}.NR.RAN.PHY.TddULDLConfigurationCommon.pattern2.NrofDownlinkSymbols
YES_QUICKSETTINGS_XML_GROUP,high,,,TDD 配置,,quicksettings_xml_exact_standardPath,omcgo/data/quicksettings/BaiBNQ.xml#gnb-tdd:TDD 配置(Pat2NrofUplinkSlots),1,Device.Services.FAPService.{i}.CellConfig.{i}.NR.RAN.PHY.TddULDLConfigurationCommon.pattern2.NrofUplinkSlots
YES_QUICKSETTINGS_XML_GROUP,high,,,TDD 配置,,quicksettings_xml_exact_standardPath,omcgo/data/quicksettings/BaiBNQ.xml#gnb-tdd:TDD 配置(Pat2NrofUplinkSymbols),1,Device.Services.FAPService.{i}.CellConfig.{i}.NR.RAN.PHY.TddULDLConfigurationCommon.pattern2.NrofUplinkSymbols
YES_QUICKSETTINGS_XML_GROUP,high,,,切换配置,,quicksettings_xml_exact_standardPath,omcgo/data/quicksettings/BSC.xml#bsc-bts-handover:切换配置(HandoverAlgorithm),1,DeviceGSM.Bts.{i}.HandoverAlgorithm
YES_QUICKSETTINGS_XML_GROUP,high,,,切换配置,,quicksettings_xml_exact_standardPath,omcgo/data/quicksettings/BSC.xml#bsc-bts-handover:切换配置(handover),1,DeviceGSM.Bts.{i}.handover
YES_QUICKSETTINGS_XML_GROUP,high,,,切换配置,,quicksettings_xml_exact_standardPath,omcgo/data/quicksettings/BSC.xml#bsc-bts-handover:切换配置(handover1.maximum.distance),1,DeviceGSM.Bts.{i}.handover1.maximum.distance
YES_QUICKSETTINGS_XML_GROUP,high,,,切换配置,,quicksettings_xml_exact_standardPath,omcgo/data/quicksettings/BSC.xml#bsc-bts-handover:切换配置(handover1.power.budget.hysteresis),1,DeviceGSM.Bts.{i}.handover1.power.budget.hysteresis
YES_QUICKSETTINGS_XML_GROUP,high,,,切换配置,,quicksettings_xml_exact_standardPath,omcgo/data/quicksettings/BSC.xml#bsc-bts-handover:切换配置(handover1.power.budget.interval),1,DeviceGSM.Bts.{i}.handover1.power.budget.interval
YES_QUICKSETTINGS_XML_GROUP,high,,,切换配置,,quicksettings_xml_exact_standardPath,omcgo/data/quicksettings/BSC.xml#bsc-bts-handover:切换配置(handover1.window.rxlev.averaging),1,DeviceGSM.Bts.{i}.handover1.window.rxlev.averaging
YES_QUICKSETTINGS_XML_GROUP,high,,,切换配置,,quicksettings_xml_exact_standardPath,omcgo/data/quicksettings/BSC.xml#bsc-bts-handover:切换配置(handover1.window.rxlev.neighbor.averaging),1,DeviceGSM.Bts.{i}.handover1.window.rxlev.neighbor.averaging
YES_QUICKSETTINGS_XML_GROUP,high,,,切换配置,,quicksettings_xml_exact_standardPath,omcgo/data/quicksettings/BSC.xml#bsc-bts-handover:切换配置(handover1.window.rxqual.averaging),1,DeviceGSM.Bts.{i}.handover1.window.rxqual.averaging
YES_QUICKSETTINGS_XML_GROUP,high,,,切换配置,,quicksettings_xml_exact_standardPath,omcgo/data/quicksettings/BSC.xml#bsc-bts-handover:切换配置(handover2.afs-bias.rxlev),1,DeviceGSM.Bts.{i}.handover2.afs-bias.rxlev
YES_QUICKSETTINGS_XML_GROUP,high,,,切换配置,,quicksettings_xml_exact_standardPath,omcgo/data/quicksettings/BSC.xml#bsc-bts-handover:切换配置(handover2.afs-bias.rxqual),1,DeviceGSM.Bts.{i}.handover2.afs-bias.rxqual
YES_QUICKSETTINGS_XML_GROUP,high,,,切换配置,,quicksettings_xml_exact_standardPath,omcgo/data/quicksettings/BSC.xml#bsc-bts-handover:切换配置(handover2.max-handovers),1,DeviceGSM.Bts.{i}.handover2.max-handovers
YES_QUICKSETTINGS_XML_GROUP,high,,,切换配置,,quicksettings_xml_exact_standardPath,omcgo/data/quicksettings/BSC.xml#bsc-bts-handover:切换配置(handover2.maximum.distance),1,DeviceGSM.Bts.{i}.handover2.maximum.distance
YES_QUICKSETTINGS_XML_GROUP,high,,,切换配置,,quicksettings_xml_exact_standardPath,omcgo/data/quicksettings/BSC.xml#bsc-bts-handover:切换配置(handover2.min-free-slots.tch-f),1,DeviceGSM.Bts.{i}.handover2.min-free-slots.tch-f
YES_QUICKSETTINGS_XML_GROUP,high,,,切换配置,,quicksettings_xml_exact_standardPath,omcgo/data/quicksettings/BSC.xml#bsc-bts-handover:切换配置(handover2.min-free-slots.tch-h),1,DeviceGSM.Bts.{i}.handover2.min-free-slots.tch-h
YES_QUICKSETTINGS_XML_GROUP,high,,,切换配置,,quicksettings_xml_exact_standardPath,omcgo/data/quicksettings/BSC.xml#bsc-bts-handover:切换配置(handover2.min.rxlev),1,DeviceGSM.Bts.{i}.handover2.min.rxlev
YES_QUICKSETTINGS_XML_GROUP,high,,,切换配置,,quicksettings_xml_exact_standardPath,omcgo/data/quicksettings/BSC.xml#bsc-bts-handover:切换配置(handover2.min.rxqual),1,DeviceGSM.Bts.{i}.handover2.min.rxqual
YES_QUICKSETTINGS_XML_GROUP,high,,,切换配置,,quicksettings_xml_exact_standardPath,omcgo/data/quicksettings/BSC.xml#bsc-bts-handover:切换配置(handover2.penalty-time.failed-assignment),1,DeviceGSM.Bts.{i}.handover2.penalty-time.failed-assignment
YES_QUICKSETTINGS_XML_GROUP,high,,,切换配置,,quicksettings_xml_exact_standardPath,omcgo/data/quicksettings/BSC.xml#bsc-bts-handover:切换配置(handover2.penalty-time.failed-ho),1,DeviceGSM.Bts.{i}.handover2.penalty-time.failed-ho
YES_QUICKSETTINGS_XML_GROUP,high,,,切换配置,,quicksettings_xml_exact_standardPath,omcgo/data/quicksettings/BSC.xml#bsc-bts-handover:切换配置(handover2.penalty-time.low-rxqual-assignment),1,DeviceGSM.Bts.{i}.handover2.penalty-time.low-rxqual-assignment
YES_QUICKSETTINGS_XML_GROUP,high,,,切换配置,,quicksettings_xml_exact_standardPath,omcgo/data/quicksettings/BSC.xml#bsc-bts-handover:切换配置(handover2.penalty-time.low-rxqual-ho),1,DeviceGSM.Bts.{i}.handover2.penalty-time.low-rxqual-ho
YES_QUICKSETTINGS_XML_GROUP,high,,,切换配置,,quicksettings_xml_exact_standardPath,omcgo/data/quicksettings/BSC.xml#bsc-bts-handover:切换配置(handover2_assignment),1,DeviceGSM.Bts.{i}.handover2.assignment
YES_QUICKSETTINGS_XML_GROUP,high,,,基站信息,,quicksettings_xml_exact_standardPath,omcgo/data/quicksettings/BTS.xml#bts-cell-info:基站信息(CurrentArfcn),1,Device.DeviceInfo.BTS.CurrentArfcn
YES_QUICKSETTINGS_XML_GROUP,high,,,基站信息,,quicksettings_xml_exact_standardPath,omcgo/data/quicksettings/BTS.xml#bts-cell-info:基站信息(CurrentLac),1,Device.DeviceInfo.BTS.CurrentLac
YES_QUICKSETTINGS_XML_GROUP,high,,,小区参数,,quicksettings_xml_exact_standardPath,omcgo/data/quicksettings/BLQ.xml#enb-cell:小区参数(CellName); omcgo/data/quicksettings/BM.xml#enb-cell:小区参数(CellName); omcgo/data/quicksettings/ENB_DEFAULT_098.xml#enb-cell:小区参数(CellName); omcgo/data/quicksettings/ENB_DEFAULT_181.xml#enb-cell:小区参数(CellName); omcgo/data/quicksettings/MLN.xml#enb-cell:小区参数(CellName); omcgo/data/quicksettings/MLQ.xml#enb-cell:小区参数(CellName),1,Device.Services.FAPService.{i}.AccessMgmt.LTE.HNBName
YES_QUICKSETTINGS_XML_GROUP,high,,,小区参数,,quicksettings_xml_exact_standardPath,omcgo/data/quicksettings/BM.xml#enb-cell:小区参数(AntennaPortsCount),1,Device.Services.FAPService.{i}.CellConfig.LTE.RAN.PHY.AntennaInfo.AntennaPortsCount
YES_QUICKSETTINGS_XML_GROUP,high,,,小区参数,,quicksettings_xml_exact_standardPath,omcgo/data/quicksettings/BaiBNQ.xml#gnb-cell:小区参数(Band),1,Device.Services.FAPService.{i}.CellConfig.{i}.NR.RAN.PHY.FrequencyInfoDLSIB.MultiFrequencyBandListNRSIB.{i}.FreqBandIndicatorNR
YES_QUICKSETTINGS_XML_GROUP,high,,,小区参数,,quicksettings_xml_exact_standardPath,omcgo/data/quicksettings/BaiBNQ.xml#gnb-cell:小区参数(DLCarrierBandWidth),1,Device.Services.FAPService.{i}.CellConfig.{i}.NR.RAN.PHY.FrequencyInfoDLSIB.ScsSpecificCarrierList.{i}.SCSSpecificCarrier.CarrierBandwidth
YES_QUICKSETTINGS_XML_GROUP,high,,,小区参数,,quicksettings_xml_exact_standardPath,omcgo/data/quicksettings/BaiBNQ.xml#gnb-cell:小区参数(DLSubCarrierSpacing),1,Device.Services.FAPService.{i}.CellConfig.{i}.NR.RAN.PHY.FrequencyInfoDLSIB.ScsSpecificCarrierList.{i}.SCSSpecificCarrier.SubcarrierSpacing
YES_QUICKSETTINGS_XML_GROUP,high,,,小区参数,,quicksettings_xml_exact_standardPath,omcgo/data/quicksettings/BaiBNQ.xml#gnb-cell:小区参数(NRARFCNDL),1,Device.Services.FAPService.{i}.CellConfig.{i}.NR.RAN.RF.NRARFCNDL
YES_QUICKSETTINGS_XML_GROUP,high,,,小区参数,,quicksettings_xml_exact_standardPath,omcgo/data/quicksettings/BaiBNQ.xml#gnb-cell:小区参数(NRARFCNUL),1,Device.Services.FAPService.{i}.CellConfig.{i}.NR.RAN.RF.NRARFCNUL
YES_QUICKSETTINGS_XML_GROUP,high,,,小区参数,,quicksettings_xml_exact_standardPath,omcgo/data/quicksettings/BaiBNQ.xml#gnb-cell:小区参数(NumOfTxAntenna),1,Device.Services.FAPService.{i}.CellConfig.{i}.NR.RAN.PHY.Antenna.NumOfTxAntenna
YES_QUICKSETTINGS_XML_GROUP,high,,,小区参数,,quicksettings_xml_exact_standardPath,omcgo/data/quicksettings/BaiBNQ.xml#gnb-cell:小区参数(OffsetToPointA),1,Device.Services.FAPService.{i}.CellConfig.{i}.NR.RAN.PHY.FrequencyInfoDLSIB.OffsetToPointA
YES_QUICKSETTINGS_XML_GROUP,high,,,小区参数,,quicksettings_xml_exact_standardPath,omcgo/data/quicksettings/BaiBNQ.xml#gnb-cell:小区参数(PCI),1,Device.Services.FAPService.{i}.CellConfig.{i}.NR.RAN.RF.PhyCellID
YES_QUICKSETTINGS_XML_GROUP,high,,,小区参数,,quicksettings_xml_exact_standardPath,omcgo/data/quicksettings/BaiBNQ.xml#gnb-cell:小区参数(SsbSubcarrierOffset),1,Device.Services.FAPService.{i}.CellConfig.{i}.NR.RAN.PHY.SSB.SsbSubcarrierOffset
YES_QUICKSETTINGS_XML_GROUP,high,,,小区参数,,quicksettings_xml_exact_standardPath,omcgo/data/quicksettings/BaiBNQ.xml#gnb-cell:小区参数(ULCarrierBandWidth),1,Device.Services.FAPService.{i}.CellConfig.{i}.NR.RAN.PHY.FrequencyInfoULSIB.ScsSpecificCarrierList.{i}.SCSSpecificCarrier.CarrierBandwidth
YES_QUICKSETTINGS_XML_GROUP,high,,,小区参数,,quicksettings_xml_exact_standardPath,omcgo/data/quicksettings/BaiBNQ.xml#gnb-cell:小区参数(ULSubCarrierSpacing),1,Device.Services.FAPService.{i}.CellConfig.{i}.NR.RAN.PHY.FrequencyInfoULSIB.ScsSpecificCarrierList.{i}.SCSSpecificCarrier.SubcarrierSpacing
YES_QUICKSETTINGS_XML_GROUP,high,,,核心网参数,,quicksettings_xml_exact_standardPath,omcgo/data/quicksettings/BaiBNQ.xml#gnb-core:核心网参数(AmfIP1),1,Device.Services.FAPService.{i}.FAPControl.NR.AMFPoolConfigParam.{i}.AmfIP1
YES_QUICKSETTINGS_XML_GROUP,high,,,核心网参数,,quicksettings_xml_exact_standardPath,omcgo/data/quicksettings/BaiBNQ.xml#gnb-core:核心网参数(NrcellIdentity),1,Device.Services.FAPService.{i}.CellConfig.{i}.NR.CN.TA.{i}.NrcellIdentity
YES_QUICKSETTINGS_XML_GROUP,high,,,核心网参数,,quicksettings_xml_exact_standardPath,omcgo/data/quicksettings/BaiBNQ.xml#gnb-core:核心网参数(PLMNID),1,Device.Services.FAPService.{i}.CellConfig.{i}.NR.CN.TA.{i}.PLMNList.{i}.PLMNID
YES_QUICKSETTINGS_XML_GROUP,high,,,核心网参数,,quicksettings_xml_exact_standardPath,omcgo/data/quicksettings/BaiBNQ.xml#gnb-core:核心网参数(gNBId),1,Device.Services.FAPService.{i}.FAPControl.NR.RAN.Common.gNBId
YES_QUICKSETTINGS_XML_GROUP,high,,,核心网参数,,quicksettings_xml_exact_standardPath,omcgo/data/quicksettings/BaiBNQ.xml#gnb-core:核心网参数(gNBIdLength),1,Device.Services.FAPService.{i}.FAPControl.NR.RAN.Common.gNBIdLength
YES_QUICKSETTINGS_XML_GROUP,high,,,跟踪日志,,quicksettings_xml_exact_standardPath,omcgo/data/quicksettings/BM.xml#gsm-trace:跟踪日志(GsmMACStubVal),1,Device.Services.GsmBTSCellDT.{i}.GsmMACStubVal
YES_QUICKSETTINGS_XML_GROUP,high,,,跟踪日志,,quicksettings_xml_exact_standardPath,omcgo/data/quicksettings/BM.xml#gsm-trace:跟踪日志(GsmMACTraceMsgType),1,Device.Services.GsmBTSCellDT.{i}.GsmMACTraceMsgType
YES_QUICKSETTINGS_XML_GROUP,high,,,跟踪日志,,quicksettings_xml_exact_standardPath,omcgo/data/quicksettings/BM.xml#gsm-trace:跟踪日志(GsmMACTraceNum),1,Device.Services.GsmBTSCellDT.{i}.GsmMACTraceNum
YES_QUICKSETTINGS_XML_GROUP,high,,,跟踪日志,,quicksettings_xml_exact_standardPath,omcgo/data/quicksettings/BM.xml#gsm-trace:跟踪日志(GsmMACTtiSwitch),1,Device.Services.GsmBTSCellDT.{i}.GsmMACTtiSwitch
YES_SAME_EXISTING_GROUP_CODE,high,SA,设备信息参数管理,设备基本信息,Device.DeviceInfo.,existing_mml_group_code_from_analysis,omcgo/data/model-library/standard-params-to-mml-tree-analysis-20260703.detail.csv,1,Device.DeviceInfo.{i}.UE_Count
YES_SAME_EXISTING_GROUP_CODE,high,SL,WAN口配置参数管理,VLAN 子接口,Device.Ethernet.Interface.{i}.VlanInterface.{i}.,existing_mml_group_code_from_analysis,omcgo/data/model-library/standard-params-to-mml-tree-analysis-20260703.detail.csv,1,Device.Ethernet.Interface.{i}.VlanInterface.{i}
YES_SAME_EXISTING_GROUP_CODE,high,SL,WAN口配置参数管理,VLAN 子接口 IPv4 地址,Device.Ethernet.Interface.{i}.VlanInterface.{i}.IPv4Address.{i}.,existing_mml_group_code_from_analysis,omcgo/data/model-library/standard-params-to-mml-tree-analysis-20260703.detail.csv,1,Device.Ethernet.Interface.{i}.VlanInterface.{i}.IPv4Address.{i}
YES_SAME_EXISTING_GROUP_CODE,high,SL,WAN口配置参数管理,VLAN 子接口 IPv6 地址,Device.Ethernet.Interface.{i}.VlanInterface.{i}.IPv6Address.{i}.,existing_mml_group_code_from_analysis,omcgo/data/model-library/standard-params-to-mml-tree-analysis-20260703.detail.csv,1,Device.Ethernet.Interface.{i}.VlanInterface.{i}.IPv6Address.{i}
YES_SAME_EXISTING_GROUP_CODE,high,SL,WAN口配置参数管理,以太网接口,Device.Ethernet.Interface.{i}.,existing_mml_group_code_from_analysis,omcgo/data/model-library/standard-params-to-mml-tree-analysis-20260703.detail.csv,1,Device.Ethernet.Interface.{i}
YES_SAME_EXISTING_GROUP_CODE,high,SL,WAN口配置参数管理,接口 IPv4 地址,Device.Ethernet.Interface.{i}.IPv4Address.{i}.,existing_mml_group_code_from_analysis,omcgo/data/model-library/standard-params-to-mml-tree-analysis-20260703.detail.csv,1,Device.Ethernet.Interface.{i}.IPv4Address.{i}
YES_SAME_EXISTING_GROUP_CODE,high,SL,WAN口配置参数管理,接口 IPv6 地址,Device.Ethernet.Interface.{i}.IPv6Address.{i}.,existing_mml_group_code_from_analysis,omcgo/data/model-library/standard-params-to-mml-tree-analysis-20260703.detail.csv,1,Device.Ethernet.Interface.{i}.IPv6Address.{i}
YES_SAME_EXISTING_GROUP_CODE,high,SL,WAN口配置参数管理,静态路由表项,Device.Ethernet.IpRoute.{i}.,existing_mml_group_code_from_analysis,omcgo/data/model-library/standard-params-to-mml-tree-analysis-20260703.detail.csv,1,Device.Ethernet.IpRoute.{i}
