strict_mml_tree_match,strict_match_level,matched_chapter_code,matched_chapter_name,matched_group_name,matched_object_path,match_source_type,match_source_file,path_count,sample_paths
yes,existing_mml_parent_object_group,SF,小区服务参数管理（总体）,FAP 载波基本配置,Device.Services.FAPService.{i}.,json_seed_and_catalog_existing_group,omcgo/internal/config/parammodel/mmlstandardloader/seeds/cmcc_tdlte_v23.json; omcgo/datamodels/mml-catalog/cmcc-tdlte-v2.3.json,627,Device.Services.FAPService.{i}.FAPControl.NR.AMFPoolConfigParam.{i}; Device.Services.FAPService.{i}.X_COM.LTE.ANR.AnrA3Offset; Device.Services.FAPService.{i}.X_COM.LTE.ANR.AnrReportCfgVal; Device.Services.FAPService.{i}.X_COM.LTE.ANR.InterAnrA5Threshold1RSRP; Device.Services.FAPService.{i}.X_COM.LTE.ANR.InterAnrA5Threshold2RSRP; Device.Services.FAPService.{i}.FAPControl.CONFIG_STATS_FLOW.STATS_FLOW_SWITCH; Device.Services.FAPService.{i}.FAPControl.CONFIG_STATS_FLOW.STATS_FLOW_UPLOAD_ADDRESS; Device.Services.FAPService.{i}.FAPControl.CONFIG_STATS_FLOW.STATS_FLOW_UPLOAD_INTERVAL; Device.Services.FAPService.{i}.FAPControl.LTE.LICENSE.Capacity.{i}; Device.Services.FAPService.{i}.FAPControl.NR.DscpList.{i}
yes,existing_mml_parent_object_group,SA,设备信息参数管理,设备基本信息,Device.DeviceInfo.,json_seed_and_catalog_existing_group,omcgo/internal/config/parammodel/mmlstandardloader/seeds/cmcc_tdlte_v23.json; omcgo/datamodels/mml-catalog/cmcc-tdlte-v2.3.json,119,Device.DeviceInfo.AntennaInfo.Azimuth; Device.DeviceInfo.AntennaInfo.Azimuth2; Device.DeviceInfo.AntennaInfo.Azimuth3; Device.DeviceInfo.AntennaInfo.Beamwidth; Device.DeviceInfo.AntennaInfo.Beamwidth2; Device.DeviceInfo.AntennaInfo.Beamwidth3; Device.DeviceInfo.AntennaInfo.Downtilt; Device.DeviceInfo.AntennaInfo.Downtilt2; Device.DeviceInfo.AntennaInfo.Downtilt3; Device.DeviceInfo.AntennaInfo.Gain
yes,direct_existing_mml_group,SI,邻区参数管理,LTE 同系统邻区,Device.Services.FAPService.{i}.CellConfig.LTE.RAN.NeighborList.LTECell.{i}.,existing_mml_group_code_from_analysis,omcgo/data/model-library/standard-params-to-mml-tree-analysis-20260703.detail.csv,8,Device.Services.FAPService.{i}.CellConfig.LTE.RAN.NeighborList.LTECell.{i}; Device.Services.FAPService.{i}.CellConfig.{i}.LTE.RAN.NeighborList.LTECell.{i}.CID; Device.Services.FAPService.{i}.CellConfig.{i}.LTE.RAN.NeighborList.LTECell.{i}.CIO; Device.Services.FAPService.{i}.CellConfig.{i}.LTE.RAN.NeighborList.LTECell.{i}.EUTRACarrierARFCN; Device.Services.FAPService.{i}.CellConfig.{i}.LTE.RAN.NeighborList.LTECell.{i}.PLMNID; Device.Services.FAPService.{i}.CellConfig.{i}.LTE.RAN.NeighborList.LTECell.{i}.PhyCellID; Device.Services.FAPService.{i}.CellConfig.{i}.LTE.RAN.NeighborList.LTECell.{i}.QOffset; Device.Services.FAPService.{i}.CellConfig.{i}.LTE.RAN.NeighborList.LTECell.{i}.TAC
yes,direct_existing_mml_group,SJ,移动性参数管理,空闲态异频载波,Device.Services.FAPService.{i}.CellConfig.LTE.RAN.Mobility.IdleMode.InterFreq.Carrier.{i}.,existing_mml_group_code_from_analysis,omcgo/data/model-library/standard-params-to-mml-tree-analysis-20260703.detail.csv,8,Device.Services.FAPService.{i}.CellConfig.LTE.RAN.Mobility.IdleMode.InterFreq.Carrier.{i}; Device.Services.FAPService.{i}.CellConfig.{i}.LTE.RAN.Mobility.IdleMode.InterFreq.Carrier.{i}.CellReselectionPriority; Device.Services.FAPService.{i}.CellConfig.{i}.LTE.RAN.Mobility.IdleMode.InterFreq.Carrier.{i}.EUTRACarrierARFCN; Device.Services.FAPService.{i}.CellConfig.{i}.LTE.RAN.Mobility.IdleMode.InterFreq.Carrier.{i}.PMax; Device.Services.FAPService.{i}.CellConfig.{i}.LTE.RAN.Mobility.IdleMode.InterFreq.Carrier.{i}.QOffsetFreq; Device.Services.FAPService.{i}.CellConfig.{i}.LTE.RAN.Mobility.IdleMode.InterFreq.Carrier.{i}.QRxLevMinSIB5; Device.Services.FAPService.{i}.CellConfig.{i}.LTE.RAN.Mobility.IdleMode.InterFreq.Carrier.{i}.ThreshXHigh; Device.Services.FAPService.{i}.CellConfig.{i}.LTE.RAN.Mobility.IdleMode.InterFreq.Carrier.{i}.ThreshXLow
yes,existing_mml_parent_object_group,SL,WAN口配置参数管理,VLAN 子接口,Device.Ethernet.Interface.{i}.VlanInterface.{i}.,json_seed_and_catalog_existing_group,omcgo/internal/config/parammodel/mmlstandardloader/seeds/cmcc_tdlte_v23.json; omcgo/datamodels/mml-catalog/cmcc-tdlte-v2.3.json,8,Device.Ethernet.Interface.{i}.VlanInterface.{i}.VlanPppoeAddress.{i}; Device.Ethernet.Interface.{i}.VlanInterface.{i}.VlanPppoeAddress.{i}.Ipv4SubnetMask; Device.Ethernet.Interface.{i}.VlanInterface.{i}.VlanPppoeAddress.{i}.PppoeAddressType; Device.Ethernet.Interface.{i}.VlanInterface.{i}.VlanPppoeAddress.{i}.PppoeConnectStatus; Device.Ethernet.Interface.{i}.VlanInterface.{i}.VlanPppoeAddress.{i}.PppoeDiallingMethod; Device.Ethernet.Interface.{i}.VlanInterface.{i}.VlanPppoeAddress.{i}.PppoeIpAddress; Device.Ethernet.Interface.{i}.VlanInterface.{i}.VlanPppoeAddress.{i}.PppoePassword; Device.Ethernet.Interface.{i}.VlanInterface.{i}.VlanPppoeAddress.{i}.PppoeUser
yes,existing_mml_parent_object_group,SL,WAN口配置参数管理,以太网接口,Device.Ethernet.Interface.{i}.,json_seed_and_catalog_existing_group,omcgo/internal/config/parammodel/mmlstandardloader/seeds/cmcc_tdlte_v23.json; omcgo/datamodels/mml-catalog/cmcc-tdlte-v2.3.json,8,Device.Ethernet.Interface.{i}.PppoeAddress.{i}; Device.Ethernet.Interface.{i}.PppoeAddress.{i}.Ipv4SubnetMask; Device.Ethernet.Interface.{i}.PppoeAddress.{i}.PppoeAddressType; Device.Ethernet.Interface.{i}.PppoeAddress.{i}.PppoeConnectStatus; Device.Ethernet.Interface.{i}.PppoeAddress.{i}.PppoeDiallingMethod; Device.Ethernet.Interface.{i}.PppoeAddress.{i}.PppoeIpAddress; Device.Ethernet.Interface.{i}.PppoeAddress.{i}.PppoePassword; Device.Ethernet.Interface.{i}.PppoeAddress.{i}.PppoeUser
yes,direct_existing_mml_group,SH,RAN协议栈参数,RF,Device.Services.FAPService.{i}.CellConfig.LTE.RAN.RF.,existing_mml_group_code_from_analysis,omcgo/data/model-library/standard-params-to-mml-tree-analysis-20260703.detail.csv,6,Device.Services.FAPService.{i}.CellConfig.LTE.RAN.RF.AdminCellState; Device.Services.FAPService.{i}.CellConfig.LTE.RAN.RF.EnbCellType; Device.Services.FAPService.{i}.CellConfig.LTE.RAN.RF.ForceRadioEnable; Device.Services.FAPService.{i}.CellConfig.LTE.RAN.RF.LteCellWithRuList; Device.Services.FAPService.{i}.CellConfig.LTE.RAN.RF.X_COM_MaxTxPowerExpanded; Device.Services.FAPService.{i}.CellConfig.LTE.RAN.RF.X_COM_RadioEnable
yes,direct_existing_mml_group,SF,小区服务参数管理,LTE,Device.Services.FAPService.{i}.Capabilities.LTE.,existing_mml_group_code_from_analysis,omcgo/data/model-library/standard-params-to-mml-tree-analysis-20260703.detail.csv,4,Device.Services.FAPService.{i}.Capabilities.LTE.BandsSupported; Device.Services.FAPService.{i}.Capabilities.LTE.DuplexMode; Device.Services.FAPService.{i}.Capabilities.LTE.SupportActiveRRCNumbers; Device.Services.FAPService.{i}.Capabilities.LTE.UeInactiveTimer
yes,direct_existing_mml_group,SH,RAN协议栈参数,RRCTimers,Device.Services.FAPService.{i}.CellConfig.LTE.RAN.RRCTimers.,existing_mml_group_code_from_analysis,omcgo/data/model-library/standard-params-to-mml-tree-analysis-20260703.detail.csv,2,Device.Services.FAPService.{i}.CellConfig.LTE.RAN.RRCTimers.T304; Device.Services.FAPService.{i}.CellConfig.LTE.RAN.RRCTimers.T319
yes,existing_mml_parent_object_group,SC,基站网管参数管理,基站网管连接,Device.ManagementServer.,json_seed_and_catalog_existing_group,omcgo/internal/config/parammodel/mmlstandardloader/seeds/cmcc_tdlte_v23.json; omcgo/datamodels/mml-catalog/cmcc-tdlte-v2.3.json,2,Device.ManagementServer.sslStatus.endDate; Device.ManagementServer.sslStatus.startDate
yes,direct_existing_mml_group,SA,设备信息参数管理,设备基本信息,Device.DeviceInfo.,existing_mml_group_code_from_analysis,omcgo/data/model-library/standard-params-to-mml-tree-analysis-20260703.detail.csv,1,Device.DeviceInfo.{i}.UE_Count
yes,direct_existing_mml_group,SL,WAN口配置参数管理,VLAN 子接口,Device.Ethernet.Interface.{i}.VlanInterface.{i}.,existing_mml_group_code_from_analysis,omcgo/data/model-library/standard-params-to-mml-tree-analysis-20260703.detail.csv,1,Device.Ethernet.Interface.{i}.VlanInterface.{i}
yes,direct_existing_mml_group,SL,WAN口配置参数管理,VLAN 子接口 IPv4 地址,Device.Ethernet.Interface.{i}.VlanInterface.{i}.IPv4Address.{i}.,existing_mml_group_code_from_analysis,omcgo/data/model-library/standard-params-to-mml-tree-analysis-20260703.detail.csv,1,Device.Ethernet.Interface.{i}.VlanInterface.{i}.IPv4Address.{i}
yes,direct_existing_mml_group,SL,WAN口配置参数管理,VLAN 子接口 IPv6 地址,Device.Ethernet.Interface.{i}.VlanInterface.{i}.IPv6Address.{i}.,existing_mml_group_code_from_analysis,omcgo/data/model-library/standard-params-to-mml-tree-analysis-20260703.detail.csv,1,Device.Ethernet.Interface.{i}.VlanInterface.{i}.IPv6Address.{i}
yes,direct_existing_mml_group,SL,WAN口配置参数管理,以太网接口,Device.Ethernet.Interface.{i}.,existing_mml_group_code_from_analysis,omcgo/data/model-library/standard-params-to-mml-tree-analysis-20260703.detail.csv,1,Device.Ethernet.Interface.{i}
yes,direct_existing_mml_group,SL,WAN口配置参数管理,接口 IPv4 地址,Device.Ethernet.Interface.{i}.IPv4Address.{i}.,existing_mml_group_code_from_analysis,omcgo/data/model-library/standard-params-to-mml-tree-analysis-20260703.detail.csv,1,Device.Ethernet.Interface.{i}.IPv4Address.{i}
yes,direct_existing_mml_group,SL,WAN口配置参数管理,接口 IPv6 地址,Device.Ethernet.Interface.{i}.IPv6Address.{i}.,existing_mml_group_code_from_analysis,omcgo/data/model-library/standard-params-to-mml-tree-analysis-20260703.detail.csv,1,Device.Ethernet.Interface.{i}.IPv6Address.{i}
yes,direct_existing_mml_group,SL,WAN口配置参数管理,静态路由表项,Device.Ethernet.IpRoute.{i}.,existing_mml_group_code_from_analysis,omcgo/data/model-library/standard-params-to-mml-tree-analysis-20260703.detail.csv,1,Device.Ethernet.IpRoute.{i}
yes,existing_mml_parent_object_group,SH,RAN协议栈参数,RAN PHY 物理层,Device.Services.FAPService.{i}.CellConfig.LTE.RAN.PHY.,json_seed_and_catalog_existing_group,omcgo/internal/config/parammodel/mmlstandardloader/seeds/cmcc_tdlte_v23.json; omcgo/datamodels/mml-catalog/cmcc-tdlte-v2.3.json,1,Device.Services.FAPService.{i}.CellConfig.LTE.RAN.PHY.AntennaInfo.Multiplex
yes,existing_mml_parent_object_group,SJ,移动性参数管理,连接态 IRAT 测量,Device.Services.FAPService.{i}.CellConfig.LTE.RAN.Mobility.ConnMode.IRAT.,json_seed_and_catalog_existing_group,omcgo/internal/config/parammodel/mmlstandardloader/seeds/cmcc_tdlte_v23.json; omcgo/datamodels/mml-catalog/cmcc-tdlte-v2.3.json,1,Device.Services.FAPService.{i}.CellConfig.LTE.RAN.Mobility.ConnMode.IRAT.X_COM_UTRANTDD.B2Threshold2UTRATDDRSCP
no,not_mml_tree_param_mapping_object_only,,,Ipsec,Device.FAP.Ipsec.,param_mapping_xml_object_prefix,omcgo/data/param-mappings/BLQ.xml,35,Device.FAP.Ipsec.{i}; Device.FAP.Ipsec.{i}.DPDACTION; Device.FAP.Ipsec.{i}.DPDDELAY; Device.FAP.Ipsec.{i}.ESP_AUTHENTICATION; Device.FAP.Ipsec.{i}.ESP_DH_GROUP; Device.FAP.Ipsec.{i}.ESP_ENCRYPTION; Device.FAP.Ipsec.{i}.FRAGMENTATION; Device.FAP.Ipsec.{i}.IKELIFETIME; Device.FAP.Ipsec.{i}.IKE_AUTHENTICATION; Device.FAP.Ipsec.{i}.IKE_DH_GROUP
no,not_mml_tree_param_mapping_object_only,,,Bts,DeviceGSM.Bts.,param_mapping_xml_object_prefix,omcgo/data/param-mappings/BSC.xml,16,DeviceGSM.Bts.Index; DeviceGSM.Bts.Trx.Index; DeviceGSM.Bts.{i}.handover2.power.budget.hysteresis; DeviceGSM.Bts.{i}.handover2.power.budget.interval; DeviceGSM.Bts.{i}.handover2.retries; DeviceGSM.Bts.{i}.handover2.tdma-measurement; DeviceGSM.Bts.{i}.handover2.window.rxlev.neighbor.averaging; DeviceGSM.Bts.{i}.handover2.penalty-time.max-distance; DeviceGSM.Bts.{i}.handover2.window.rxlev.averaging; DeviceGSM.Bts.{i}.handover2.window.rxqual.averaging
no,not_mml_tree_param_mapping_object_only,,,Trx,DeviceGSM.Bts.{i}.Trx.,param_mapping_xml_object_prefix,omcgo/data/param-mappings/BSC.xml,4,DeviceGSM.Bts.{i}.Trx.{i}.Arfcn; DeviceGSM.Bts.{i}.Trx.{i}.MaxPowerRed; DeviceGSM.Bts.{i}.Trx.{i}.RfLocked; DeviceGSM.Bts.{i}.Trx.{i}.Ts.{i}.PhyChanConfig
no,not_mml_tree_quicksettings_only,,,Abis 接口,,quicksettings_xml_exact_standardPath,omcgo/data/quicksettings/BM.xml#gsm-abis:Abis 接口(GsmBtsBindMib),1,Device.Services.GsmBTSCellDT.{i}.GsmBtsBindMib
no,not_mml_tree_quicksettings_only,,,Abis 接口,,quicksettings_xml_exact_standardPath,omcgo/data/quicksettings/BM.xml#gsm-abis:Abis 接口(IPAUnitID),1,Device.Services.GsmBTSCellDT.{i}.IPAUnitID
no,not_mml_tree_quicksettings_only,,,Abis 接口,,quicksettings_xml_exact_standardPath,omcgo/data/quicksettings/BM.xml#gsm-abis:Abis 接口(OMLRemoteIP),1,Device.Services.GsmBTSCellDT.{i}.OMLRemoteIP
no,not_mml_tree_quicksettings_only,,,Abis 接口,,quicksettings_xml_exact_standardPath,omcgo/data/quicksettings/BM.xml#gsm-abis:Abis 接口(OMLRemoteIPBak),1,Device.Services.GsmBTSCellDT.{i}.OMLRemoteIPBak
no,not_mml_tree_quicksettings_only,,,BTS 配置,,quicksettings_xml_exact_standardPath,omcgo/data/quicksettings/BSC.xml#bsc-bts-config:BTS 配置(Band),1,DeviceGSM.Bts.{i}.Band
no,not_mml_tree_quicksettings_only,,,BTS 配置,,quicksettings_xml_exact_standardPath,omcgo/data/quicksettings/BSC.xml#bsc-bts-config:BTS 配置(Bsic),1,DeviceGSM.Bts.{i}.Bsic
no,not_mml_tree_quicksettings_only,,,BTS 配置,,quicksettings_xml_exact_standardPath,omcgo/data/quicksettings/BSC.xml#bsc-bts-config:BTS 配置(C0PowerRed),1,DeviceGSM.Bts.{i}.C0PowerRed
no,not_mml_tree_quicksettings_only,,,BTS 配置,,quicksettings_xml_exact_standardPath,omcgo/data/quicksettings/BSC.xml#bsc-bts-config:BTS 配置(CellId),1,DeviceGSM.Bts.{i}.CellId
no,not_mml_tree_quicksettings_only,,,BTS 配置,,quicksettings_xml_exact_standardPath,omcgo/data/quicksettings/BSC.xml#bsc-bts-config:BTS 配置(CellReselectHysteresis),1,DeviceGSM.Bts.{i}.CellReselectHysteresis
no,not_mml_tree_quicksettings_only,,,BTS 配置,,quicksettings_xml_exact_standardPath,omcgo/data/quicksettings/BSC.xml#bsc-bts-config:BTS 配置(CellReselectOffset),1,DeviceGSM.Bts.{i}.CellReselectOffset
no,not_mml_tree_quicksettings_only,,,BTS 配置,,quicksettings_xml_exact_standardPath,omcgo/data/quicksettings/BSC.xml#bsc-bts-config:BTS 配置(CellReselectPenaltyTime),1,DeviceGSM.Bts.{i}.CellReselectPenaltyTime
no,not_mml_tree_quicksettings_only,,,BTS 配置,,quicksettings_xml_exact_standardPath,omcgo/data/quicksettings/BSC.xml#bsc-bts-config:BTS 配置(CodecSupport),1,DeviceGSM.Bts.{i}.CodecSupport
no,not_mml_tree_quicksettings_only,,,BTS 配置,,quicksettings_xml_exact_standardPath,omcgo/data/quicksettings/BSC.xml#bsc-bts-config:BTS 配置(GprsMode),1,DeviceGSM.Bts.{i}.GprsMode
no,not_mml_tree_quicksettings_only,,,BTS 配置,,quicksettings_xml_exact_standardPath,omcgo/data/quicksettings/BSC.xml#bsc-bts-config:BTS 配置(IpaRslIp),1,DeviceGSM.Bts.{i}.IpaRslIp
no,not_mml_tree_quicksettings_only,,,BTS 配置,,quicksettings_xml_exact_standardPath,omcgo/data/quicksettings/BSC.xml#bsc-bts-config:BTS 配置(IpaUnitId),1,DeviceGSM.Bts.{i}.IpaUnitId
no,not_mml_tree_quicksettings_only,,,BTS 配置,,quicksettings_xml_exact_standardPath,omcgo/data/quicksettings/BSC.xml#bsc-bts-config:BTS 配置(LocationAreaCode),1,DeviceGSM.Bts.{i}.LocationAreaCode
no,not_mml_tree_quicksettings_only,,,BTS 配置,,quicksettings_xml_exact_standardPath,omcgo/data/quicksettings/BSC.xml#bsc-bts-config:BTS 配置(MsMaxPower),1,DeviceGSM.Bts.{i}.MsMaxPower
no,not_mml_tree_quicksettings_only,,,BTS 配置,,quicksettings_xml_exact_standardPath,omcgo/data/quicksettings/BSC.xml#bsc-bts-config:BTS 配置(NeighborListMode),1,DeviceGSM.Bts.{i}.NeighborListMode
no,not_mml_tree_quicksettings_only,,,BTS 配置,,quicksettings_xml_exact_standardPath,omcgo/data/quicksettings/BSC.xml#bsc-bts-config:BTS 配置(OmlIpaStreamId),1,DeviceGSM.Bts.{i}.OmlIpaStreamId
no,not_mml_tree_quicksettings_only,,,BTS 配置,,quicksettings_xml_exact_standardPath,omcgo/data/quicksettings/BSC.xml#bsc-bts-config:BTS 配置(RachCellBarred),1,DeviceGSM.Bts.{i}.RachCellBarred
no,not_mml_tree_quicksettings_only,,,GSM 传输参数,,quicksettings_xml_exact_standardPath,omcgo/data/quicksettings/BTS.xml#gsm-transport:GSM 传输参数(BtsRfPower),1,Device.DeviceInfo.GSM.BtsRfPower
no,not_mml_tree_quicksettings_only,,,GSM 传输参数,,quicksettings_xml_exact_standardPath,omcgo/data/quicksettings/BTS.xml#gsm-transport:GSM 传输参数(RemoteIP),1,DeviceGSM.OmlRemoteIp
no,not_mml_tree_quicksettings_only,,,GSM 传输参数,,quicksettings_xml_exact_standardPath,omcgo/data/quicksettings/BTS.xml#gsm-transport:GSM 传输参数(RemoteIPBak),1,DeviceGSM.OmlRemoteIpBak
no,not_mml_tree_quicksettings_only,,,GSM 传输参数,,quicksettings_xml_exact_standardPath,omcgo/data/quicksettings/BTS.xml#gsm-transport:GSM 传输参数(UnitID),1,DeviceGSM.IpaUnitId
no,not_mml_tree_quicksettings_only,,,GSM 空口参数,,quicksettings_xml_exact_standardPath,omcgo/data/quicksettings/BM.xml#gsm-cell:GSM 空口参数(BscSelect),1,Device.Services.GsmBTSCellDT.{i}.BscSelect
no,not_mml_tree_quicksettings_only,,,GSM 空口参数,,quicksettings_xml_exact_standardPath,omcgo/data/quicksettings/BM.xml#gsm-cell:GSM 空口参数(CurrLocAreaCode),1,Device.Services.GsmBTSCellDT.{i}.CurrLocAreaCode
no,not_mml_tree_quicksettings_only,,,GSM 空口参数,,quicksettings_xml_exact_standardPath,omcgo/data/quicksettings/BM.xml#gsm-cell:GSM 空口参数(CurrentArfcn),1,Device.Services.GsmBTSCellDT.{i}.CurrentArfcn
no,not_mml_tree_quicksettings_only,,,GSM 空口参数,,quicksettings_xml_exact_standardPath,omcgo/data/quicksettings/BM.xml#gsm-cell:GSM 空口参数(GsmBSIC),1,Device.Services.GsmBTSCellDT.{i}.GsmBSIC
no,not_mml_tree_quicksettings_only,,,GSM 空口参数,,quicksettings_xml_exact_standardPath,omcgo/data/quicksettings/BM.xml#gsm-cell:GSM 空口参数(GsmBtsBand),1,Device.Services.GsmBTSCellDT.{i}.GsmBtsBand
no,not_mml_tree_quicksettings_only,,,GSM 空口参数,,quicksettings_xml_exact_standardPath,omcgo/data/quicksettings/BM.xml#gsm-cell:GSM 空口参数(GsmBtsRFPower),1,Device.Services.GsmBTSCellDT.{i}.GsmBtsRFPower
no,not_mml_tree_quicksettings_only,,,GSM 空口参数,,quicksettings_xml_exact_standardPath,omcgo/data/quicksettings/BM.xml#gsm-cell:GSM 空口参数(GsmCellID),1,Device.Services.GsmBTSCellDT.{i}.GsmCellID
no,not_mml_tree_quicksettings_only,,,GSM 空口参数,,quicksettings_xml_exact_standardPath,omcgo/data/quicksettings/BM.xml#gsm-cell:GSM 空口参数(GsmCellWithRuRelation),1,Device.Services.GsmBTSCellDT.{i}.GsmCellWithRuRelation
no,not_mml_tree_quicksettings_only,,,GSM 空口参数,,quicksettings_xml_exact_standardPath,omcgo/data/quicksettings/BM.xml#gsm-cell:GSM 空口参数(MobileNetworkCode),1,Device.Services.GsmBTSCellDT.{i}.MobileNetworkCode
no,not_mml_tree_quicksettings_only,,,GSM 空口参数,,quicksettings_xml_exact_standardPath,omcgo/data/quicksettings/BM.xml#gsm-cell:GSM 空口参数(NetworkCountryCode),1,Device.Services.GsmBTSCellDT.{i}.NetworkCountryCode
no,not_mml_tree_quicksettings_only,,,GSM 空口参数,,quicksettings_xml_exact_standardPath,omcgo/data/quicksettings/BM.xml#gsm-cell:GSM 空口参数(OpState),1,Device.Services.GsmBTSCellDT.{i}.OpState
no,not_mml_tree_quicksettings_only,,,GSM 空口参数,,quicksettings_xml_exact_standardPath,omcgo/data/quicksettings/BM.xml#gsm-cell:GSM 空口参数(RfState),1,Device.Services.GsmBTSCellDT.{i}.RfState
no,not_mml_tree_quicksettings_only,,,GSM 空口参数,,quicksettings_xml_exact_standardPath,omcgo/data/quicksettings/BM.xml#gsm-cell:GSM 空口参数(UeCount),1,Device.Services.GsmBTSCellDT.{i}.UeCount
no,not_mml_tree_quicksettings_only,,,IPSec 配置,,quicksettings_xml_exact_standardPath,omcgo/data/quicksettings/BLQ.xml#device-ipsec-control:IPSec 配置(IPSEC_ENABLE),1,Device.Services.FAPService.Ipsec.IPSEC_ENABLE
no,not_mml_tree_quicksettings_only,,,TDD 配置,,quicksettings_xml_exact_standardPath,omcgo/data/quicksettings/BaiBNQ.xml#gnb-tdd:TDD 配置(DlULTransmissionPeriodicity),1,Device.Services.FAPService.{i}.CellConfig.{i}.NR.RAN.PHY.TddULDLConfigurationCommon.pattern1.DlULTransmissionPeriodicity
no,not_mml_tree_quicksettings_only,,,TDD 配置,,quicksettings_xml_exact_standardPath,omcgo/data/quicksettings/BaiBNQ.xml#gnb-tdd:TDD 配置(NrofDownlinkSlots),1,Device.Services.FAPService.{i}.CellConfig.{i}.NR.RAN.PHY.TddULDLConfigurationCommon.pattern1.NrofDownlinkSlots
no,not_mml_tree_quicksettings_only,,,TDD 配置,,quicksettings_xml_exact_standardPath,omcgo/data/quicksettings/BaiBNQ.xml#gnb-tdd:TDD 配置(NrofDownlinkSymbols),1,Device.Services.FAPService.{i}.CellConfig.{i}.NR.RAN.PHY.TddULDLConfigurationCommon.pattern1.NrofDownlinkSymbols
no,not_mml_tree_quicksettings_only,,,TDD 配置,,quicksettings_xml_exact_standardPath,omcgo/data/quicksettings/BaiBNQ.xml#gnb-tdd:TDD 配置(NrofUplinkSlots),1,Device.Services.FAPService.{i}.CellConfig.{i}.NR.RAN.PHY.TddULDLConfigurationCommon.pattern1.NrofUplinkSlots
no,not_mml_tree_quicksettings_only,,,TDD 配置,,quicksettings_xml_exact_standardPath,omcgo/data/quicksettings/BaiBNQ.xml#gnb-tdd:TDD 配置(NrofUplinkSymbols),1,Device.Services.FAPService.{i}.CellConfig.{i}.NR.RAN.PHY.TddULDLConfigurationCommon.pattern1.NrofUplinkSymbols
no,not_mml_tree_quicksettings_only,,,TDD 配置,,quicksettings_xml_exact_standardPath,omcgo/data/quicksettings/BaiBNQ.xml#gnb-tdd:TDD 配置(Pat2DlULTransmissionPeriodicity),1,Device.Services.FAPService.{i}.CellConfig.{i}.NR.RAN.PHY.TddULDLConfigurationCommon.pattern2.DlULTransmissionPeriodicity
no,not_mml_tree_quicksettings_only,,,TDD 配置,,quicksettings_xml_exact_standardPath,omcgo/data/quicksettings/BaiBNQ.xml#gnb-tdd:TDD 配置(Pat2NrofDownlinkSlots),1,Device.Services.FAPService.{i}.CellConfig.{i}.NR.RAN.PHY.TddULDLConfigurationCommon.pattern2.NrofDownlinkSlots
no,not_mml_tree_quicksettings_only,,,TDD 配置,,quicksettings_xml_exact_standardPath,omcgo/data/quicksettings/BaiBNQ.xml#gnb-tdd:TDD 配置(Pat2NrofDownlinkSymbols),1,Device.Services.FAPService.{i}.CellConfig.{i}.NR.RAN.PHY.TddULDLConfigurationCommon.pattern2.NrofDownlinkSymbols
no,not_mml_tree_quicksettings_only,,,TDD 配置,,quicksettings_xml_exact_standardPath,omcgo/data/quicksettings/BaiBNQ.xml#gnb-tdd:TDD 配置(Pat2NrofUplinkSlots),1,Device.Services.FAPService.{i}.CellConfig.{i}.NR.RAN.PHY.TddULDLConfigurationCommon.pattern2.NrofUplinkSlots
no,not_mml_tree_quicksettings_only,,,TDD 配置,,quicksettings_xml_exact_standardPath,omcgo/data/quicksettings/BaiBNQ.xml#gnb-tdd:TDD 配置(Pat2NrofUplinkSymbols),1,Device.Services.FAPService.{i}.CellConfig.{i}.NR.RAN.PHY.TddULDLConfigurationCommon.pattern2.NrofUplinkSymbols
no,not_mml_tree_quicksettings_only,,,切换配置,,quicksettings_xml_exact_standardPath,omcgo/data/quicksettings/BSC.xml#bsc-bts-handover:切换配置(HandoverAlgorithm),1,DeviceGSM.Bts.{i}.HandoverAlgorithm
no,not_mml_tree_quicksettings_only,,,切换配置,,quicksettings_xml_exact_standardPath,omcgo/data/quicksettings/BSC.xml#bsc-bts-handover:切换配置(handover),1,DeviceGSM.Bts.{i}.handover
no,not_mml_tree_quicksettings_only,,,切换配置,,quicksettings_xml_exact_standardPath,omcgo/data/quicksettings/BSC.xml#bsc-bts-handover:切换配置(handover1.maximum.distance),1,DeviceGSM.Bts.{i}.handover1.maximum.distance
no,not_mml_tree_quicksettings_only,,,切换配置,,quicksettings_xml_exact_standardPath,omcgo/data/quicksettings/BSC.xml#bsc-bts-handover:切换配置(handover1.power.budget.hysteresis),1,DeviceGSM.Bts.{i}.handover1.power.budget.hysteresis
no,not_mml_tree_quicksettings_only,,,切换配置,,quicksettings_xml_exact_standardPath,omcgo/data/quicksettings/BSC.xml#bsc-bts-handover:切换配置(handover1.power.budget.interval),1,DeviceGSM.Bts.{i}.handover1.power.budget.interval
no,not_mml_tree_quicksettings_only,,,切换配置,,quicksettings_xml_exact_standardPath,omcgo/data/quicksettings/BSC.xml#bsc-bts-handover:切换配置(handover1.window.rxlev.averaging),1,DeviceGSM.Bts.{i}.handover1.window.rxlev.averaging
no,not_mml_tree_quicksettings_only,,,切换配置,,quicksettings_xml_exact_standardPath,omcgo/data/quicksettings/BSC.xml#bsc-bts-handover:切换配置(handover1.window.rxlev.neighbor.averaging),1,DeviceGSM.Bts.{i}.handover1.window.rxlev.neighbor.averaging
no,not_mml_tree_quicksettings_only,,,切换配置,,quicksettings_xml_exact_standardPath,omcgo/data/quicksettings/BSC.xml#bsc-bts-handover:切换配置(handover1.window.rxqual.averaging),1,DeviceGSM.Bts.{i}.handover1.window.rxqual.averaging
no,not_mml_tree_quicksettings_only,,,切换配置,,quicksettings_xml_exact_standardPath,omcgo/data/quicksettings/BSC.xml#bsc-bts-handover:切换配置(handover2.afs-bias.rxlev),1,DeviceGSM.Bts.{i}.handover2.afs-bias.rxlev
no,not_mml_tree_quicksettings_only,,,切换配置,,quicksettings_xml_exact_standardPath,omcgo/data/quicksettings/BSC.xml#bsc-bts-handover:切换配置(handover2.afs-bias.rxqual),1,DeviceGSM.Bts.{i}.handover2.afs-bias.rxqual
no,not_mml_tree_quicksettings_only,,,切换配置,,quicksettings_xml_exact_standardPath,omcgo/data/quicksettings/BSC.xml#bsc-bts-handover:切换配置(handover2.max-handovers),1,DeviceGSM.Bts.{i}.handover2.max-handovers
no,not_mml_tree_quicksettings_only,,,切换配置,,quicksettings_xml_exact_standardPath,omcgo/data/quicksettings/BSC.xml#bsc-bts-handover:切换配置(handover2.maximum.distance),1,DeviceGSM.Bts.{i}.handover2.maximum.distance
no,not_mml_tree_quicksettings_only,,,切换配置,,quicksettings_xml_exact_standardPath,omcgo/data/quicksettings/BSC.xml#bsc-bts-handover:切换配置(handover2.min-free-slots.tch-f),1,DeviceGSM.Bts.{i}.handover2.min-free-slots.tch-f
no,not_mml_tree_quicksettings_only,,,切换配置,,quicksettings_xml_exact_standardPath,omcgo/data/quicksettings/BSC.xml#bsc-bts-handover:切换配置(handover2.min-free-slots.tch-h),1,DeviceGSM.Bts.{i}.handover2.min-free-slots.tch-h
no,not_mml_tree_quicksettings_only,,,切换配置,,quicksettings_xml_exact_standardPath,omcgo/data/quicksettings/BSC.xml#bsc-bts-handover:切换配置(handover2.min.rxlev),1,DeviceGSM.Bts.{i}.handover2.min.rxlev
no,not_mml_tree_quicksettings_only,,,切换配置,,quicksettings_xml_exact_standardPath,omcgo/data/quicksettings/BSC.xml#bsc-bts-handover:切换配置(handover2.min.rxqual),1,DeviceGSM.Bts.{i}.handover2.min.rxqual
no,not_mml_tree_quicksettings_only,,,切换配置,,quicksettings_xml_exact_standardPath,omcgo/data/quicksettings/BSC.xml#bsc-bts-handover:切换配置(handover2.penalty-time.failed-assignment),1,DeviceGSM.Bts.{i}.handover2.penalty-time.failed-assignment
no,not_mml_tree_quicksettings_only,,,切换配置,,quicksettings_xml_exact_standardPath,omcgo/data/quicksettings/BSC.xml#bsc-bts-handover:切换配置(handover2.penalty-time.failed-ho),1,DeviceGSM.Bts.{i}.handover2.penalty-time.failed-ho
no,not_mml_tree_quicksettings_only,,,切换配置,,quicksettings_xml_exact_standardPath,omcgo/data/quicksettings/BSC.xml#bsc-bts-handover:切换配置(handover2.penalty-time.low-rxqual-assignment),1,DeviceGSM.Bts.{i}.handover2.penalty-time.low-rxqual-assignment
no,not_mml_tree_quicksettings_only,,,切换配置,,quicksettings_xml_exact_standardPath,omcgo/data/quicksettings/BSC.xml#bsc-bts-handover:切换配置(handover2.penalty-time.low-rxqual-ho),1,DeviceGSM.Bts.{i}.handover2.penalty-time.low-rxqual-ho
no,not_mml_tree_quicksettings_only,,,切换配置,,quicksettings_xml_exact_standardPath,omcgo/data/quicksettings/BSC.xml#bsc-bts-handover:切换配置(handover2_assignment),1,DeviceGSM.Bts.{i}.handover2.assignment
no,not_mml_tree_quicksettings_only,,,基站信息,,quicksettings_xml_exact_standardPath,omcgo/data/quicksettings/BTS.xml#bts-cell-info:基站信息(CurrentArfcn),1,Device.DeviceInfo.BTS.CurrentArfcn
no,not_mml_tree_quicksettings_only,,,基站信息,,quicksettings_xml_exact_standardPath,omcgo/data/quicksettings/BTS.xml#bts-cell-info:基站信息(CurrentLac),1,Device.DeviceInfo.BTS.CurrentLac
no,not_mml_tree_quicksettings_only,,,小区参数,,quicksettings_xml_exact_standardPath,omcgo/data/quicksettings/BLQ.xml#enb-cell:小区参数(CellName); omcgo/data/quicksettings/BM.xml#enb-cell:小区参数(CellName); omcgo/data/quicksettings/ENB_DEFAULT_098.xml#enb-cell:小区参数(CellName); omcgo/data/quicksettings/ENB_DEFAULT_181.xml#enb-cell:小区参数(CellName); omcgo/data/quicksettings/MLN.xml#enb-cell:小区参数(CellName); omcgo/data/quicksettings/MLQ.xml#enb-cell:小区参数(CellName),1,Device.Services.FAPService.{i}.AccessMgmt.LTE.HNBName
no,not_mml_tree_quicksettings_only,,,小区参数,,quicksettings_xml_exact_standardPath,omcgo/data/quicksettings/BM.xml#enb-cell:小区参数(AntennaPortsCount),1,Device.Services.FAPService.{i}.CellConfig.LTE.RAN.PHY.AntennaInfo.AntennaPortsCount
no,not_mml_tree_quicksettings_only,,,小区参数,,quicksettings_xml_exact_standardPath,omcgo/data/quicksettings/BaiBNQ.xml#gnb-cell:小区参数(Band),1,Device.Services.FAPService.{i}.CellConfig.{i}.NR.RAN.PHY.FrequencyInfoDLSIB.MultiFrequencyBandListNRSIB.{i}.FreqBandIndicatorNR
no,not_mml_tree_quicksettings_only,,,小区参数,,quicksettings_xml_exact_standardPath,omcgo/data/quicksettings/BaiBNQ.xml#gnb-cell:小区参数(DLCarrierBandWidth),1,Device.Services.FAPService.{i}.CellConfig.{i}.NR.RAN.PHY.FrequencyInfoDLSIB.ScsSpecificCarrierList.{i}.SCSSpecificCarrier.CarrierBandwidth
no,not_mml_tree_quicksettings_only,,,小区参数,,quicksettings_xml_exact_standardPath,omcgo/data/quicksettings/BaiBNQ.xml#gnb-cell:小区参数(DLSubCarrierSpacing),1,Device.Services.FAPService.{i}.CellConfig.{i}.NR.RAN.PHY.FrequencyInfoDLSIB.ScsSpecificCarrierList.{i}.SCSSpecificCarrier.SubcarrierSpacing
no,not_mml_tree_quicksettings_only,,,小区参数,,quicksettings_xml_exact_standardPath,omcgo/data/quicksettings/BaiBNQ.xml#gnb-cell:小区参数(NRARFCNDL),1,Device.Services.FAPService.{i}.CellConfig.{i}.NR.RAN.RF.NRARFCNDL
no,not_mml_tree_quicksettings_only,,,小区参数,,quicksettings_xml_exact_standardPath,omcgo/data/quicksettings/BaiBNQ.xml#gnb-cell:小区参数(NRARFCNUL),1,Device.Services.FAPService.{i}.CellConfig.{i}.NR.RAN.RF.NRARFCNUL
no,not_mml_tree_quicksettings_only,,,小区参数,,quicksettings_xml_exact_standardPath,omcgo/data/quicksettings/BaiBNQ.xml#gnb-cell:小区参数(NumOfTxAntenna),1,Device.Services.FAPService.{i}.CellConfig.{i}.NR.RAN.PHY.Antenna.NumOfTxAntenna
no,not_mml_tree_quicksettings_only,,,小区参数,,quicksettings_xml_exact_standardPath,omcgo/data/quicksettings/BaiBNQ.xml#gnb-cell:小区参数(OffsetToPointA),1,Device.Services.FAPService.{i}.CellConfig.{i}.NR.RAN.PHY.FrequencyInfoDLSIB.OffsetToPointA
no,not_mml_tree_quicksettings_only,,,小区参数,,quicksettings_xml_exact_standardPath,omcgo/data/quicksettings/BaiBNQ.xml#gnb-cell:小区参数(PCI),1,Device.Services.FAPService.{i}.CellConfig.{i}.NR.RAN.RF.PhyCellID
no,not_mml_tree_quicksettings_only,,,小区参数,,quicksettings_xml_exact_standardPath,omcgo/data/quicksettings/BaiBNQ.xml#gnb-cell:小区参数(SsbSubcarrierOffset),1,Device.Services.FAPService.{i}.CellConfig.{i}.NR.RAN.PHY.SSB.SsbSubcarrierOffset
no,not_mml_tree_quicksettings_only,,,小区参数,,quicksettings_xml_exact_standardPath,omcgo/data/quicksettings/BaiBNQ.xml#gnb-cell:小区参数(ULCarrierBandWidth),1,Device.Services.FAPService.{i}.CellConfig.{i}.NR.RAN.PHY.FrequencyInfoULSIB.ScsSpecificCarrierList.{i}.SCSSpecificCarrier.CarrierBandwidth
no,not_mml_tree_quicksettings_only,,,小区参数,,quicksettings_xml_exact_standardPath,omcgo/data/quicksettings/BaiBNQ.xml#gnb-cell:小区参数(ULSubCarrierSpacing),1,Device.Services.FAPService.{i}.CellConfig.{i}.NR.RAN.PHY.FrequencyInfoULSIB.ScsSpecificCarrierList.{i}.SCSSpecificCarrier.SubcarrierSpacing
no,not_mml_tree_quicksettings_only,,,核心网参数,,quicksettings_xml_exact_standardPath,omcgo/data/quicksettings/BaiBNQ.xml#gnb-core:核心网参数(AmfIP1),1,Device.Services.FAPService.{i}.FAPControl.NR.AMFPoolConfigParam.{i}.AmfIP1
no,not_mml_tree_quicksettings_only,,,核心网参数,,quicksettings_xml_exact_standardPath,omcgo/data/quicksettings/BaiBNQ.xml#gnb-core:核心网参数(NrcellIdentity),1,Device.Services.FAPService.{i}.CellConfig.{i}.NR.CN.TA.{i}.NrcellIdentity
no,not_mml_tree_quicksettings_only,,,核心网参数,,quicksettings_xml_exact_standardPath,omcgo/data/quicksettings/BaiBNQ.xml#gnb-core:核心网参数(PLMNID),1,Device.Services.FAPService.{i}.CellConfig.{i}.NR.CN.TA.{i}.PLMNList.{i}.PLMNID
no,not_mml_tree_quicksettings_only,,,核心网参数,,quicksettings_xml_exact_standardPath,omcgo/data/quicksettings/BaiBNQ.xml#gnb-core:核心网参数(gNBId),1,Device.Services.FAPService.{i}.FAPControl.NR.RAN.Common.gNBId
no,not_mml_tree_quicksettings_only,,,核心网参数,,quicksettings_xml_exact_standardPath,omcgo/data/quicksettings/BaiBNQ.xml#gnb-core:核心网参数(gNBIdLength),1,Device.Services.FAPService.{i}.FAPControl.NR.RAN.Common.gNBIdLength
no,not_mml_tree_quicksettings_only,,,跟踪日志,,quicksettings_xml_exact_standardPath,omcgo/data/quicksettings/BM.xml#gsm-trace:跟踪日志(GsmMACStubVal),1,Device.Services.GsmBTSCellDT.{i}.GsmMACStubVal
no,not_mml_tree_quicksettings_only,,,跟踪日志,,quicksettings_xml_exact_standardPath,omcgo/data/quicksettings/BM.xml#gsm-trace:跟踪日志(GsmMACTraceMsgType),1,Device.Services.GsmBTSCellDT.{i}.GsmMACTraceMsgType
no,not_mml_tree_quicksettings_only,,,跟踪日志,,quicksettings_xml_exact_standardPath,omcgo/data/quicksettings/BM.xml#gsm-trace:跟踪日志(GsmMACTraceNum),1,Device.Services.GsmBTSCellDT.{i}.GsmMACTraceNum
no,not_mml_tree_quicksettings_only,,,跟踪日志,,quicksettings_xml_exact_standardPath,omcgo/data/quicksettings/BM.xml#gsm-trace:跟踪日志(GsmMACTtiSwitch),1,Device.Services.GsmBTSCellDT.{i}.GsmMACTtiSwitch
