standard_path,link_count,command_count,operation_types,chapter_codes,command_codes,group_codes,description
Device.DeviceInfo.AmbrLimitSwitch,2,2,"LST,MOD",SA,LST DEVICE_INFO; MOD DEVICE_INFO,chapter:SA,
Device.DeviceInfo.DNS_CONFIG_IPMODE,2,2,"LST,MOD",SA,LST DEVICE_INFO; MOD DEVICE_INFO,chapter:SA,
Device.DeviceInfo.DnPrefix,2,2,"LST,MOD",SA,LST DEVICE_INFO; MOD DEVICE_INFO,chapter:SA,
Device.DeviceInfo.Enable256QAM,2,2,"LST,MOD",SA,LST DEVICE_INFO; MOD DEVICE_INFO,chapter:SA,
Device.DeviceInfo.FaultLogURL,2,2,"LST,MOD",SA,LST DEVICE_INFO; MOD DEVICE_INFO,chapter:SA,
Device.DeviceInfo.HOST_CONFIG_DNS1,2,2,"LST,MOD",SA,LST DEVICE_INFO; MOD DEVICE_INFO,chapter:SA,
Device.DeviceInfo.HOST_CONFIG_DNS2,2,2,"LST,MOD",SA,LST DEVICE_INFO; MOD DEVICE_INFO,chapter:SA,
Device.DeviceInfo.LAN_CONFIG_IPADDR,2,2,"LST,MOD",SA,LST DEVICE_INFO; MOD DEVICE_INFO,chapter:SA,
Device.DeviceInfo.LAN_CONFIG_NETMASK,2,2,"LST,MOD",SA,LST DEVICE_INFO; MOD DEVICE_INFO,chapter:SA,
Device.DeviceInfo.LTE_LGW_TRANSFER_Mode,2,2,"LST,MOD",SA,LST DEVICE_INFO; MOD DEVICE_INFO,chapter:SA,
Device.DeviceInfo.LTE_S1C_IFNAME,2,2,"LST,MOD",SA,LST DEVICE_INFO; MOD DEVICE_INFO,chapter:SA,
Device.DeviceInfo.LTE_S1U_IFNAME,2,2,"LST,MOD",SA,LST DEVICE_INFO; MOD DEVICE_INFO,chapter:SA,
Device.DeviceInfo.LTE_TR069_IFNAME,2,2,"LST,MOD",SA,LST DEVICE_INFO; MOD DEVICE_INFO,chapter:SA,
Device.DeviceInfo.MU.{i}.DnPrefix,2,2,"LST,MOD",SR,LST DEVICE_INFO_MU; MOD DEVICE_INFO_MU,chapter:SR,
Device.DeviceInfo.MU.{i}.Reboot,2,2,"LST,MOD",SR,LST DEVICE_INFO_MU; MOD DEVICE_INFO_MU,chapter:SR,
Device.DeviceInfo.MU.{i}.UserLabel,2,2,"LST,MOD",SR,LST DEVICE_INFO_MU; MOD DEVICE_INFO_MU,chapter:SR,
Device.DeviceInfo.NET_IFCONFIG_INTERFACE,2,2,"LST,MOD",SA,LST DEVICE_INFO; MOD DEVICE_INFO,chapter:SA,
Device.DeviceInfo.PowerSpectralDensity,2,2,"LST,MOD",SA,LST DEVICE_INFO; MOD DEVICE_INFO,chapter:SA,
Device.DeviceInfo.PowerSpectralDensity1,2,2,"LST,MOD",SA,LST DEVICE_INFO; MOD DEVICE_INFO,chapter:SA,
Device.DeviceInfo.PowerSpectralDensity2,2,2,"LST,MOD",SA,LST DEVICE_INFO; MOD DEVICE_INFO,chapter:SA,
Device.DeviceInfo.PowerSpectralDensity3,2,2,"LST,MOD",SA,LST DEVICE_INFO; MOD DEVICE_INFO,chapter:SA,
Device.DeviceInfo.ROLLBACK_CONTROL,2,2,"LST,MOD",SA,LST DEVICE_INFO; MOD DEVICE_INFO,chapter:SA,
Device.DeviceInfo.ROUTE_CONFIG10_GW,2,2,"LST,MOD",SA,LST DEVICE_INFO; MOD DEVICE_INFO,chapter:SA,
Device.DeviceInfo.ROUTE_CONFIG10_NETADDR,2,2,"LST,MOD",SA,LST DEVICE_INFO; MOD DEVICE_INFO,chapter:SA,
Device.DeviceInfo.ROUTE_CONFIG10_NETMASK,2,2,"LST,MOD",SA,LST DEVICE_INFO; MOD DEVICE_INFO,chapter:SA,
Device.DeviceInfo.ROUTE_CONFIG10_ONBOOTENB,2,2,"LST,MOD",SA,LST DEVICE_INFO; MOD DEVICE_INFO,chapter:SA,
Device.DeviceInfo.ROUTE_CONFIG10_V6_GW,2,2,"LST,MOD",SA,LST DEVICE_INFO; MOD DEVICE_INFO,chapter:SA,
Device.DeviceInfo.ROUTE_CONFIG10_V6_NETADDR,2,2,"LST,MOD",SA,LST DEVICE_INFO; MOD DEVICE_INFO,chapter:SA,
Device.DeviceInfo.ROUTE_CONFIG10_V6_ONBOOT,2,2,"LST,MOD",SA,LST DEVICE_INFO; MOD DEVICE_INFO,chapter:SA,
Device.DeviceInfo.ROUTE_CONFIG10_V6_PREFIX,2,2,"LST,MOD",SA,LST DEVICE_INFO; MOD DEVICE_INFO,chapter:SA,
Device.DeviceInfo.ROUTE_CONFIG11_GW,2,2,"LST,MOD",SA,LST DEVICE_INFO; MOD DEVICE_INFO,chapter:SA,
Device.DeviceInfo.ROUTE_CONFIG11_NETADDR,2,2,"LST,MOD",SA,LST DEVICE_INFO; MOD DEVICE_INFO,chapter:SA,
Device.DeviceInfo.ROUTE_CONFIG11_NETMASK,2,2,"LST,MOD",SA,LST DEVICE_INFO; MOD DEVICE_INFO,chapter:SA,
Device.DeviceInfo.ROUTE_CONFIG11_ONBOOTENB,2,2,"LST,MOD",SA,LST DEVICE_INFO; MOD DEVICE_INFO,chapter:SA,
Device.DeviceInfo.ROUTE_CONFIG11_V6_GW,2,2,"LST,MOD",SA,LST DEVICE_INFO; MOD DEVICE_INFO,chapter:SA,
Device.DeviceInfo.ROUTE_CONFIG11_V6_NETADDR,2,2,"LST,MOD",SA,LST DEVICE_INFO; MOD DEVICE_INFO,chapter:SA,
Device.DeviceInfo.ROUTE_CONFIG11_V6_ONBOOT,2,2,"LST,MOD",SA,LST DEVICE_INFO; MOD DEVICE_INFO,chapter:SA,
Device.DeviceInfo.ROUTE_CONFIG11_V6_PREFIX,2,2,"LST,MOD",SA,LST DEVICE_INFO; MOD DEVICE_INFO,chapter:SA,
Device.DeviceInfo.ROUTE_CONFIG12_GW,2,2,"LST,MOD",SA,LST DEVICE_INFO; MOD DEVICE_INFO,chapter:SA,
Device.DeviceInfo.ROUTE_CONFIG12_NETADDR,2,2,"LST,MOD",SA,LST DEVICE_INFO; MOD DEVICE_INFO,chapter:SA,
Device.DeviceInfo.ROUTE_CONFIG12_NETMASK,2,2,"LST,MOD",SA,LST DEVICE_INFO; MOD DEVICE_INFO,chapter:SA,
Device.DeviceInfo.ROUTE_CONFIG12_ONBOOTENB,2,2,"LST,MOD",SA,LST DEVICE_INFO; MOD DEVICE_INFO,chapter:SA,
Device.DeviceInfo.ROUTE_CONFIG12_V6_GW,2,2,"LST,MOD",SA,LST DEVICE_INFO; MOD DEVICE_INFO,chapter:SA,
Device.DeviceInfo.ROUTE_CONFIG12_V6_NETADDR,2,2,"LST,MOD",SA,LST DEVICE_INFO; MOD DEVICE_INFO,chapter:SA,
Device.DeviceInfo.ROUTE_CONFIG12_V6_ONBOOT,2,2,"LST,MOD",SA,LST DEVICE_INFO; MOD DEVICE_INFO,chapter:SA,
Device.DeviceInfo.ROUTE_CONFIG12_V6_PREFIX,2,2,"LST,MOD",SA,LST DEVICE_INFO; MOD DEVICE_INFO,chapter:SA,
Device.DeviceInfo.ROUTE_CONFIG1_GW,2,2,"LST,MOD",SA,LST DEVICE_INFO; MOD DEVICE_INFO,chapter:SA,
Device.DeviceInfo.ROUTE_CONFIG1_NETADDR,2,2,"LST,MOD",SA,LST DEVICE_INFO; MOD DEVICE_INFO,chapter:SA,
Device.DeviceInfo.ROUTE_CONFIG1_NETMASK,2,2,"LST,MOD",SA,LST DEVICE_INFO; MOD DEVICE_INFO,chapter:SA,
Device.DeviceInfo.ROUTE_CONFIG1_ONBOOTENB,2,2,"LST,MOD",SA,LST DEVICE_INFO; MOD DEVICE_INFO,chapter:SA,
Device.DeviceInfo.ROUTE_CONFIG1_V6_GW,2,2,"LST,MOD",SA,LST DEVICE_INFO; MOD DEVICE_INFO,chapter:SA,
Device.DeviceInfo.ROUTE_CONFIG1_V6_NETADDR,2,2,"LST,MOD",SA,LST DEVICE_INFO; MOD DEVICE_INFO,chapter:SA,
Device.DeviceInfo.ROUTE_CONFIG1_V6_ONBOOT,2,2,"LST,MOD",SA,LST DEVICE_INFO; MOD DEVICE_INFO,chapter:SA,
Device.DeviceInfo.ROUTE_CONFIG1_V6_PREFIX,2,2,"LST,MOD",SA,LST DEVICE_INFO; MOD DEVICE_INFO,chapter:SA,
Device.DeviceInfo.ROUTE_CONFIG2_GW,2,2,"LST,MOD",SA,LST DEVICE_INFO; MOD DEVICE_INFO,chapter:SA,
Device.DeviceInfo.ROUTE_CONFIG2_NETADDR,2,2,"LST,MOD",SA,LST DEVICE_INFO; MOD DEVICE_INFO,chapter:SA,
Device.DeviceInfo.ROUTE_CONFIG2_NETMASK,2,2,"LST,MOD",SA,LST DEVICE_INFO; MOD DEVICE_INFO,chapter:SA,
Device.DeviceInfo.ROUTE_CONFIG2_ONBOOTENB,2,2,"LST,MOD",SA,LST DEVICE_INFO; MOD DEVICE_INFO,chapter:SA,
Device.DeviceInfo.ROUTE_CONFIG2_V6_GW,2,2,"LST,MOD",SA,LST DEVICE_INFO; MOD DEVICE_INFO,chapter:SA,
Device.DeviceInfo.ROUTE_CONFIG2_V6_NETADDR,2,2,"LST,MOD",SA,LST DEVICE_INFO; MOD DEVICE_INFO,chapter:SA,
Device.DeviceInfo.ROUTE_CONFIG2_V6_ONBOOT,2,2,"LST,MOD",SA,LST DEVICE_INFO; MOD DEVICE_INFO,chapter:SA,
Device.DeviceInfo.ROUTE_CONFIG2_V6_PREFIX,2,2,"LST,MOD",SA,LST DEVICE_INFO; MOD DEVICE_INFO,chapter:SA,
Device.DeviceInfo.ROUTE_CONFIG3_GW,2,2,"LST,MOD",SA,LST DEVICE_INFO; MOD DEVICE_INFO,chapter:SA,
Device.DeviceInfo.ROUTE_CONFIG3_NETADDR,2,2,"LST,MOD",SA,LST DEVICE_INFO; MOD DEVICE_INFO,chapter:SA,
Device.DeviceInfo.ROUTE_CONFIG3_NETMASK,2,2,"LST,MOD",SA,LST DEVICE_INFO; MOD DEVICE_INFO,chapter:SA,
Device.DeviceInfo.ROUTE_CONFIG3_ONBOOTENB,2,2,"LST,MOD",SA,LST DEVICE_INFO; MOD DEVICE_INFO,chapter:SA,
Device.DeviceInfo.ROUTE_CONFIG3_V6_GW,2,2,"LST,MOD",SA,LST DEVICE_INFO; MOD DEVICE_INFO,chapter:SA,
Device.DeviceInfo.ROUTE_CONFIG3_V6_NETADDR,2,2,"LST,MOD",SA,LST DEVICE_INFO; MOD DEVICE_INFO,chapter:SA,
Device.DeviceInfo.ROUTE_CONFIG3_V6_ONBOOT,2,2,"LST,MOD",SA,LST DEVICE_INFO; MOD DEVICE_INFO,chapter:SA,
Device.DeviceInfo.ROUTE_CONFIG3_V6_PREFIX,2,2,"LST,MOD",SA,LST DEVICE_INFO; MOD DEVICE_INFO,chapter:SA,
Device.DeviceInfo.ROUTE_CONFIG4_GW,2,2,"LST,MOD",SA,LST DEVICE_INFO; MOD DEVICE_INFO,chapter:SA,
Device.DeviceInfo.ROUTE_CONFIG4_NETADDR,2,2,"LST,MOD",SA,LST DEVICE_INFO; MOD DEVICE_INFO,chapter:SA,
Device.DeviceInfo.ROUTE_CONFIG4_NETMASK,2,2,"LST,MOD",SA,LST DEVICE_INFO; MOD DEVICE_INFO,chapter:SA,
Device.DeviceInfo.ROUTE_CONFIG4_ONBOOTENB,2,2,"LST,MOD",SA,LST DEVICE_INFO; MOD DEVICE_INFO,chapter:SA,
Device.DeviceInfo.ROUTE_CONFIG4_V6_GW,2,2,"LST,MOD",SA,LST DEVICE_INFO; MOD DEVICE_INFO,chapter:SA,
Device.DeviceInfo.ROUTE_CONFIG4_V6_NETADDR,2,2,"LST,MOD",SA,LST DEVICE_INFO; MOD DEVICE_INFO,chapter:SA,
Device.DeviceInfo.ROUTE_CONFIG4_V6_ONBOOT,2,2,"LST,MOD",SA,LST DEVICE_INFO; MOD DEVICE_INFO,chapter:SA,
Device.DeviceInfo.ROUTE_CONFIG4_V6_PREFIX,2,2,"LST,MOD",SA,LST DEVICE_INFO; MOD DEVICE_INFO,chapter:SA,
Device.DeviceInfo.ROUTE_CONFIG5_GW,2,2,"LST,MOD",SA,LST DEVICE_INFO; MOD DEVICE_INFO,chapter:SA,
Device.DeviceInfo.ROUTE_CONFIG5_NETADDR,2,2,"LST,MOD",SA,LST DEVICE_INFO; MOD DEVICE_INFO,chapter:SA,
Device.DeviceInfo.ROUTE_CONFIG5_NETMASK,2,2,"LST,MOD",SA,LST DEVICE_INFO; MOD DEVICE_INFO,chapter:SA,
Device.DeviceInfo.ROUTE_CONFIG5_ONBOOTENB,2,2,"LST,MOD",SA,LST DEVICE_INFO; MOD DEVICE_INFO,chapter:SA,
Device.DeviceInfo.ROUTE_CONFIG5_V6_GW,2,2,"LST,MOD",SA,LST DEVICE_INFO; MOD DEVICE_INFO,chapter:SA,
Device.DeviceInfo.ROUTE_CONFIG5_V6_NETADDR,2,2,"LST,MOD",SA,LST DEVICE_INFO; MOD DEVICE_INFO,chapter:SA,
Device.DeviceInfo.ROUTE_CONFIG5_V6_ONBOOT,2,2,"LST,MOD",SA,LST DEVICE_INFO; MOD DEVICE_INFO,chapter:SA,
Device.DeviceInfo.ROUTE_CONFIG5_V6_PREFIX,2,2,"LST,MOD",SA,LST DEVICE_INFO; MOD DEVICE_INFO,chapter:SA,
Device.DeviceInfo.ROUTE_CONFIG6_GW,2,2,"LST,MOD",SA,LST DEVICE_INFO; MOD DEVICE_INFO,chapter:SA,
Device.DeviceInfo.ROUTE_CONFIG6_NETADDR,2,2,"LST,MOD",SA,LST DEVICE_INFO; MOD DEVICE_INFO,chapter:SA,
Device.DeviceInfo.ROUTE_CONFIG6_NETMASK,2,2,"LST,MOD",SA,LST DEVICE_INFO; MOD DEVICE_INFO,chapter:SA,
Device.DeviceInfo.ROUTE_CONFIG6_ONBOOTENB,2,2,"LST,MOD",SA,LST DEVICE_INFO; MOD DEVICE_INFO,chapter:SA,
Device.DeviceInfo.ROUTE_CONFIG6_V6_GW,2,2,"LST,MOD",SA,LST DEVICE_INFO; MOD DEVICE_INFO,chapter:SA,
Device.DeviceInfo.ROUTE_CONFIG6_V6_NETADDR,2,2,"LST,MOD",SA,LST DEVICE_INFO; MOD DEVICE_INFO,chapter:SA,
Device.DeviceInfo.ROUTE_CONFIG6_V6_ONBOOT,2,2,"LST,MOD",SA,LST DEVICE_INFO; MOD DEVICE_INFO,chapter:SA,
Device.DeviceInfo.ROUTE_CONFIG6_V6_PREFIX,2,2,"LST,MOD",SA,LST DEVICE_INFO; MOD DEVICE_INFO,chapter:SA,
Device.DeviceInfo.ROUTE_CONFIG7_GW,2,2,"LST,MOD",SA,LST DEVICE_INFO; MOD DEVICE_INFO,chapter:SA,
Device.DeviceInfo.ROUTE_CONFIG7_NETADDR,2,2,"LST,MOD",SA,LST DEVICE_INFO; MOD DEVICE_INFO,chapter:SA,
Device.DeviceInfo.ROUTE_CONFIG7_NETMASK,2,2,"LST,MOD",SA,LST DEVICE_INFO; MOD DEVICE_INFO,chapter:SA,
Device.DeviceInfo.ROUTE_CONFIG7_ONBOOTENB,2,2,"LST,MOD",SA,LST DEVICE_INFO; MOD DEVICE_INFO,chapter:SA,
Device.DeviceInfo.ROUTE_CONFIG7_V6_GW,2,2,"LST,MOD",SA,LST DEVICE_INFO; MOD DEVICE_INFO,chapter:SA,
Device.DeviceInfo.ROUTE_CONFIG7_V6_NETADDR,2,2,"LST,MOD",SA,LST DEVICE_INFO; MOD DEVICE_INFO,chapter:SA,
Device.DeviceInfo.ROUTE_CONFIG7_V6_ONBOOT,2,2,"LST,MOD",SA,LST DEVICE_INFO; MOD DEVICE_INFO,chapter:SA,
Device.DeviceInfo.ROUTE_CONFIG7_V6_PREFIX,2,2,"LST,MOD",SA,LST DEVICE_INFO; MOD DEVICE_INFO,chapter:SA,
Device.DeviceInfo.ROUTE_CONFIG8_GW,2,2,"LST,MOD",SA,LST DEVICE_INFO; MOD DEVICE_INFO,chapter:SA,
Device.DeviceInfo.ROUTE_CONFIG8_NETADDR,2,2,"LST,MOD",SA,LST DEVICE_INFO; MOD DEVICE_INFO,chapter:SA,
Device.DeviceInfo.ROUTE_CONFIG8_NETMASK,2,2,"LST,MOD",SA,LST DEVICE_INFO; MOD DEVICE_INFO,chapter:SA,
Device.DeviceInfo.ROUTE_CONFIG8_ONBOOTENB,2,2,"LST,MOD",SA,LST DEVICE_INFO; MOD DEVICE_INFO,chapter:SA,
Device.DeviceInfo.ROUTE_CONFIG8_V6_GW,2,2,"LST,MOD",SA,LST DEVICE_INFO; MOD DEVICE_INFO,chapter:SA,
Device.DeviceInfo.ROUTE_CONFIG8_V6_NETADDR,2,2,"LST,MOD",SA,LST DEVICE_INFO; MOD DEVICE_INFO,chapter:SA,
Device.DeviceInfo.ROUTE_CONFIG8_V6_ONBOOT,2,2,"LST,MOD",SA,LST DEVICE_INFO; MOD DEVICE_INFO,chapter:SA,
Device.DeviceInfo.ROUTE_CONFIG8_V6_PREFIX,2,2,"LST,MOD",SA,LST DEVICE_INFO; MOD DEVICE_INFO,chapter:SA,
Device.DeviceInfo.ROUTE_CONFIG9_GW,2,2,"LST,MOD",SA,LST DEVICE_INFO; MOD DEVICE_INFO,chapter:SA,
Device.DeviceInfo.ROUTE_CONFIG9_NETADDR,2,2,"LST,MOD",SA,LST DEVICE_INFO; MOD DEVICE_INFO,chapter:SA,
Device.DeviceInfo.ROUTE_CONFIG9_NETMASK,2,2,"LST,MOD",SA,LST DEVICE_INFO; MOD DEVICE_INFO,chapter:SA,
Device.DeviceInfo.ROUTE_CONFIG9_ONBOOTENB,2,2,"LST,MOD",SA,LST DEVICE_INFO; MOD DEVICE_INFO,chapter:SA,
Device.DeviceInfo.ROUTE_CONFIG9_V6_GW,2,2,"LST,MOD",SA,LST DEVICE_INFO; MOD DEVICE_INFO,chapter:SA,
Device.DeviceInfo.ROUTE_CONFIG9_V6_NETADDR,2,2,"LST,MOD",SA,LST DEVICE_INFO; MOD DEVICE_INFO,chapter:SA,
Device.DeviceInfo.ROUTE_CONFIG9_V6_ONBOOT,2,2,"LST,MOD",SA,LST DEVICE_INFO; MOD DEVICE_INFO,chapter:SA,
Device.DeviceInfo.ROUTE_CONFIG9_V6_PREFIX,2,2,"LST,MOD",SA,LST DEVICE_INFO; MOD DEVICE_INFO,chapter:SA,
Device.DeviceInfo.RunningStatus,2,2,"LST,MOD",SA,LST DEVICE_INFO; MOD DEVICE_INFO,chapter:SA,
Device.DeviceInfo.STATIC_DNS_ENABLE,2,2,"LST,MOD",SA,LST DEVICE_INFO; MOD DEVICE_INFO,chapter:SA,
Device.DeviceInfo.SiteId,2,2,"LST,MOD",SA,LST DEVICE_INFO; MOD DEVICE_INFO,chapter:SA,
Device.DeviceInfo.SlaveInterface,2,2,"LST,MOD",SA,LST DEVICE_INFO; MOD DEVICE_INFO,chapter:SA,
Device.DeviceInfo.SlaveInterfaceIP,2,2,"LST,MOD",SA,LST DEVICE_INFO; MOD DEVICE_INFO,chapter:SA,
Device.DeviceInfo.SupportedPowerRange,2,2,"LST,MOD",SA,LST DEVICE_INFO; MOD DEVICE_INFO,chapter:SA,
Device.DeviceInfo.UeAmbrDl,2,2,"LST,MOD",SA,LST DEVICE_INFO; MOD DEVICE_INFO,chapter:SA,
Device.DeviceInfo.UeAmbrUl,2,2,"LST,MOD",SA,LST DEVICE_INFO; MOD DEVICE_INFO,chapter:SA,
Device.DeviceInfo.UserLabel,2,2,"LST,MOD",SA,LST DEVICE_INFO; MOD DEVICE_INFO,chapter:SA,
Device.DeviceInfo.WAN_CONFIG10_DEFAULTGW,2,2,"LST,MOD",SA,LST DEVICE_INFO; MOD DEVICE_INFO,chapter:SA,
Device.DeviceInfo.WAN_CONFIG10_ENABLE,2,2,"LST,MOD",SA,LST DEVICE_INFO; MOD DEVICE_INFO,chapter:SA,
Device.DeviceInfo.WAN_CONFIG10_IPADDR,2,2,"LST,MOD",SA,LST DEVICE_INFO; MOD DEVICE_INFO,chapter:SA,
Device.DeviceInfo.WAN_CONFIG10_IPMODE,2,2,"LST,MOD",SA,LST DEVICE_INFO; MOD DEVICE_INFO,chapter:SA,
Device.DeviceInfo.WAN_CONFIG10_NETMASK,2,2,"LST,MOD",SA,LST DEVICE_INFO; MOD DEVICE_INFO,chapter:SA,
Device.DeviceInfo.WAN_CONFIG10_OPTION60,2,2,"LST,MOD",SA,LST DEVICE_INFO; MOD DEVICE_INFO,chapter:SA,
Device.DeviceInfo.WAN_CONFIG10_V6_GW,2,2,"LST,MOD",SA,LST DEVICE_INFO; MOD DEVICE_INFO,chapter:SA,
Device.DeviceInfo.WAN_CONFIG10_V6_IPADDR,2,2,"LST,MOD",SA,LST DEVICE_INFO; MOD DEVICE_INFO,chapter:SA,
Device.DeviceInfo.WAN_CONFIG10_V6_PREFIX,2,2,"LST,MOD",SA,LST DEVICE_INFO; MOD DEVICE_INFO,chapter:SA,
Device.DeviceInfo.WAN_CONFIG10_VLAN,2,2,"LST,MOD",SA,LST DEVICE_INFO; MOD DEVICE_INFO,chapter:SA,
Device.DeviceInfo.WAN_CONFIG11_DEFAULTGW,2,2,"LST,MOD",SA,LST DEVICE_INFO; MOD DEVICE_INFO,chapter:SA,
Device.DeviceInfo.WAN_CONFIG11_ENABLE,2,2,"LST,MOD",SA,LST DEVICE_INFO; MOD DEVICE_INFO,chapter:SA,
Device.DeviceInfo.WAN_CONFIG11_IPADDR,2,2,"LST,MOD",SA,LST DEVICE_INFO; MOD DEVICE_INFO,chapter:SA,
Device.DeviceInfo.WAN_CONFIG11_IPMODE,2,2,"LST,MOD",SA,LST DEVICE_INFO; MOD DEVICE_INFO,chapter:SA,
Device.DeviceInfo.WAN_CONFIG11_NETMASK,2,2,"LST,MOD",SA,LST DEVICE_INFO; MOD DEVICE_INFO,chapter:SA,
Device.DeviceInfo.WAN_CONFIG11_OPTION60,2,2,"LST,MOD",SA,LST DEVICE_INFO; MOD DEVICE_INFO,chapter:SA,
Device.DeviceInfo.WAN_CONFIG11_V6_GW,2,2,"LST,MOD",SA,LST DEVICE_INFO; MOD DEVICE_INFO,chapter:SA,
Device.DeviceInfo.WAN_CONFIG11_V6_IPADDR,2,2,"LST,MOD",SA,LST DEVICE_INFO; MOD DEVICE_INFO,chapter:SA,
Device.DeviceInfo.WAN_CONFIG11_V6_PREFIX,2,2,"LST,MOD",SA,LST DEVICE_INFO; MOD DEVICE_INFO,chapter:SA,
Device.DeviceInfo.WAN_CONFIG11_VLAN,2,2,"LST,MOD",SA,LST DEVICE_INFO; MOD DEVICE_INFO,chapter:SA,
Device.DeviceInfo.WAN_CONFIG12_DEFAULTGW,2,2,"LST,MOD",SA,LST DEVICE_INFO; MOD DEVICE_INFO,chapter:SA,
Device.DeviceInfo.WAN_CONFIG12_ENABLE,2,2,"LST,MOD",SA,LST DEVICE_INFO; MOD DEVICE_INFO,chapter:SA,
Device.DeviceInfo.WAN_CONFIG12_IPADDR,2,2,"LST,MOD",SA,LST DEVICE_INFO; MOD DEVICE_INFO,chapter:SA,
Device.DeviceInfo.WAN_CONFIG12_IPMODE,2,2,"LST,MOD",SA,LST DEVICE_INFO; MOD DEVICE_INFO,chapter:SA,
Device.DeviceInfo.WAN_CONFIG12_NETMASK,2,2,"LST,MOD",SA,LST DEVICE_INFO; MOD DEVICE_INFO,chapter:SA,
Device.DeviceInfo.WAN_CONFIG12_OPTION60,2,2,"LST,MOD",SA,LST DEVICE_INFO; MOD DEVICE_INFO,chapter:SA,
Device.DeviceInfo.WAN_CONFIG12_V6_GW,2,2,"LST,MOD",SA,LST DEVICE_INFO; MOD DEVICE_INFO,chapter:SA,
Device.DeviceInfo.WAN_CONFIG12_V6_IPADDR,2,2,"LST,MOD",SA,LST DEVICE_INFO; MOD DEVICE_INFO,chapter:SA,
Device.DeviceInfo.WAN_CONFIG12_V6_PREFIX,2,2,"LST,MOD",SA,LST DEVICE_INFO; MOD DEVICE_INFO,chapter:SA,
Device.DeviceInfo.WAN_CONFIG12_VLAN,2,2,"LST,MOD",SA,LST DEVICE_INFO; MOD DEVICE_INFO,chapter:SA,
Device.DeviceInfo.WAN_CONFIG1_CONNECT_TYPE,2,2,"LST,MOD",SA,LST DEVICE_INFO; MOD DEVICE_INFO,chapter:SA,
Device.DeviceInfo.WAN_CONFIG1_DEFAULTGW,2,2,"LST,MOD",SA,LST DEVICE_INFO; MOD DEVICE_INFO,chapter:SA,
Device.DeviceInfo.WAN_CONFIG1_IPADDR,2,2,"LST,MOD",SA,LST DEVICE_INFO; MOD DEVICE_INFO,chapter:SA,
Device.DeviceInfo.WAN_CONFIG1_IPMODE,2,2,"LST,MOD",SA,LST DEVICE_INFO; MOD DEVICE_INFO,chapter:SA,
Device.DeviceInfo.WAN_CONFIG1_NETMASK,2,2,"LST,MOD",SA,LST DEVICE_INFO; MOD DEVICE_INFO,chapter:SA,
Device.DeviceInfo.WAN_CONFIG1_OPTION60,2,2,"LST,MOD",SA,LST DEVICE_INFO; MOD DEVICE_INFO,chapter:SA,
Device.DeviceInfo.WAN_CONFIG1_V6_GW,2,2,"LST,MOD",SA,LST DEVICE_INFO; MOD DEVICE_INFO,chapter:SA,
Device.DeviceInfo.WAN_CONFIG1_V6_IPADDR,2,2,"LST,MOD",SA,LST DEVICE_INFO; MOD DEVICE_INFO,chapter:SA,
Device.DeviceInfo.WAN_CONFIG1_V6_PREFIX,2,2,"LST,MOD",SA,LST DEVICE_INFO; MOD DEVICE_INFO,chapter:SA,
Device.DeviceInfo.WAN_CONFIG1_VLAN,2,2,"LST,MOD",SA,LST DEVICE_INFO; MOD DEVICE_INFO,chapter:SA,
Device.DeviceInfo.WAN_CONFIG2_DEFAULTGW,2,2,"LST,MOD",SA,LST DEVICE_INFO; MOD DEVICE_INFO,chapter:SA,
Device.DeviceInfo.WAN_CONFIG2_ENABLE,2,2,"LST,MOD",SA,LST DEVICE_INFO; MOD DEVICE_INFO,chapter:SA,
Device.DeviceInfo.WAN_CONFIG2_IPADDR,2,2,"LST,MOD",SA,LST DEVICE_INFO; MOD DEVICE_INFO,chapter:SA,
Device.DeviceInfo.WAN_CONFIG2_IPMODE,2,2,"LST,MOD",SA,LST DEVICE_INFO; MOD DEVICE_INFO,chapter:SA,
Device.DeviceInfo.WAN_CONFIG2_NETMASK,2,2,"LST,MOD",SA,LST DEVICE_INFO; MOD DEVICE_INFO,chapter:SA,
Device.DeviceInfo.WAN_CONFIG2_OPTION60,2,2,"LST,MOD",SA,LST DEVICE_INFO; MOD DEVICE_INFO,chapter:SA,
Device.DeviceInfo.WAN_CONFIG2_V6_GW,2,2,"LST,MOD",SA,LST DEVICE_INFO; MOD DEVICE_INFO,chapter:SA,
Device.DeviceInfo.WAN_CONFIG2_V6_IPADDR,2,2,"LST,MOD",SA,LST DEVICE_INFO; MOD DEVICE_INFO,chapter:SA,
Device.DeviceInfo.WAN_CONFIG2_V6_PREFIX,2,2,"LST,MOD",SA,LST DEVICE_INFO; MOD DEVICE_INFO,chapter:SA,
Device.DeviceInfo.WAN_CONFIG2_VLAN,2,2,"LST,MOD",SA,LST DEVICE_INFO; MOD DEVICE_INFO,chapter:SA,
Device.DeviceInfo.WAN_CONFIG3_DEFAULTGW,2,2,"LST,MOD",SA,LST DEVICE_INFO; MOD DEVICE_INFO,chapter:SA,
Device.DeviceInfo.WAN_CONFIG3_ENABLE,2,2,"LST,MOD",SA,LST DEVICE_INFO; MOD DEVICE_INFO,chapter:SA,
Device.DeviceInfo.WAN_CONFIG3_IPADDR,2,2,"LST,MOD",SA,LST DEVICE_INFO; MOD DEVICE_INFO,chapter:SA,
Device.DeviceInfo.WAN_CONFIG3_IPMODE,2,2,"LST,MOD",SA,LST DEVICE_INFO; MOD DEVICE_INFO,chapter:SA,
Device.DeviceInfo.WAN_CONFIG3_NETMASK,2,2,"LST,MOD",SA,LST DEVICE_INFO; MOD DEVICE_INFO,chapter:SA,
Device.DeviceInfo.WAN_CONFIG3_OPTION60,2,2,"LST,MOD",SA,LST DEVICE_INFO; MOD DEVICE_INFO,chapter:SA,
Device.DeviceInfo.WAN_CONFIG3_V6_GW,2,2,"LST,MOD",SA,LST DEVICE_INFO; MOD DEVICE_INFO,chapter:SA,
Device.DeviceInfo.WAN_CONFIG3_V6_IPADDR,2,2,"LST,MOD",SA,LST DEVICE_INFO; MOD DEVICE_INFO,chapter:SA,
Device.DeviceInfo.WAN_CONFIG3_V6_PREFIX,2,2,"LST,MOD",SA,LST DEVICE_INFO; MOD DEVICE_INFO,chapter:SA,
Device.DeviceInfo.WAN_CONFIG3_VLAN,2,2,"LST,MOD",SA,LST DEVICE_INFO; MOD DEVICE_INFO,chapter:SA,
Device.DeviceInfo.WAN_CONFIG4_DEFAULTGW,2,2,"LST,MOD",SA,LST DEVICE_INFO; MOD DEVICE_INFO,chapter:SA,
Device.DeviceInfo.WAN_CONFIG4_ENABLE,2,2,"LST,MOD",SA,LST DEVICE_INFO; MOD DEVICE_INFO,chapter:SA,
Device.DeviceInfo.WAN_CONFIG4_IPADDR,2,2,"LST,MOD",SA,LST DEVICE_INFO; MOD DEVICE_INFO,chapter:SA,
Device.DeviceInfo.WAN_CONFIG4_IPMODE,2,2,"LST,MOD",SA,LST DEVICE_INFO; MOD DEVICE_INFO,chapter:SA,
Device.DeviceInfo.WAN_CONFIG4_NETMASK,2,2,"LST,MOD",SA,LST DEVICE_INFO; MOD DEVICE_INFO,chapter:SA,
Device.DeviceInfo.WAN_CONFIG4_OPTION60,2,2,"LST,MOD",SA,LST DEVICE_INFO; MOD DEVICE_INFO,chapter:SA,
Device.DeviceInfo.WAN_CONFIG4_V6_GW,2,2,"LST,MOD",SA,LST DEVICE_INFO; MOD DEVICE_INFO,chapter:SA,
Device.DeviceInfo.WAN_CONFIG4_V6_IPADDR,2,2,"LST,MOD",SA,LST DEVICE_INFO; MOD DEVICE_INFO,chapter:SA,
Device.DeviceInfo.WAN_CONFIG4_V6_PREFIX,2,2,"LST,MOD",SA,LST DEVICE_INFO; MOD DEVICE_INFO,chapter:SA,
Device.DeviceInfo.WAN_CONFIG4_VLAN,2,2,"LST,MOD",SA,LST DEVICE_INFO; MOD DEVICE_INFO,chapter:SA,
Device.DeviceInfo.WAN_CONFIG5_DEFAULTGW,2,2,"LST,MOD",SA,LST DEVICE_INFO; MOD DEVICE_INFO,chapter:SA,
Device.DeviceInfo.WAN_CONFIG5_ENABLE,2,2,"LST,MOD",SA,LST DEVICE_INFO; MOD DEVICE_INFO,chapter:SA,
Device.DeviceInfo.WAN_CONFIG5_IPADDR,2,2,"LST,MOD",SA,LST DEVICE_INFO; MOD DEVICE_INFO,chapter:SA,
Device.DeviceInfo.WAN_CONFIG5_IPMODE,2,2,"LST,MOD",SA,LST DEVICE_INFO; MOD DEVICE_INFO,chapter:SA,
Device.DeviceInfo.WAN_CONFIG5_NETMASK,2,2,"LST,MOD",SA,LST DEVICE_INFO; MOD DEVICE_INFO,chapter:SA,
Device.DeviceInfo.WAN_CONFIG5_OPTION60,2,2,"LST,MOD",SA,LST DEVICE_INFO; MOD DEVICE_INFO,chapter:SA,
Device.DeviceInfo.WAN_CONFIG5_V6_GW,2,2,"LST,MOD",SA,LST DEVICE_INFO; MOD DEVICE_INFO,chapter:SA,
Device.DeviceInfo.WAN_CONFIG5_V6_IPADDR,2,2,"LST,MOD",SA,LST DEVICE_INFO; MOD DEVICE_INFO,chapter:SA,
Device.DeviceInfo.WAN_CONFIG5_V6_PREFIX,2,2,"LST,MOD",SA,LST DEVICE_INFO; MOD DEVICE_INFO,chapter:SA,
Device.DeviceInfo.WAN_CONFIG5_VLAN,2,2,"LST,MOD",SA,LST DEVICE_INFO; MOD DEVICE_INFO,chapter:SA,
Device.DeviceInfo.WAN_CONFIG6_DEFAULTGW,2,2,"LST,MOD",SA,LST DEVICE_INFO; MOD DEVICE_INFO,chapter:SA,
Device.DeviceInfo.WAN_CONFIG6_ENABLE,2,2,"LST,MOD",SA,LST DEVICE_INFO; MOD DEVICE_INFO,chapter:SA,
Device.DeviceInfo.WAN_CONFIG6_IPADDR,2,2,"LST,MOD",SA,LST DEVICE_INFO; MOD DEVICE_INFO,chapter:SA,
Device.DeviceInfo.WAN_CONFIG6_IPMODE,2,2,"LST,MOD",SA,LST DEVICE_INFO; MOD DEVICE_INFO,chapter:SA,
Device.DeviceInfo.WAN_CONFIG6_NETMASK,2,2,"LST,MOD",SA,LST DEVICE_INFO; MOD DEVICE_INFO,chapter:SA,
Device.DeviceInfo.WAN_CONFIG6_OPTION60,2,2,"LST,MOD",SA,LST DEVICE_INFO; MOD DEVICE_INFO,chapter:SA,
Device.DeviceInfo.WAN_CONFIG6_V6_GW,2,2,"LST,MOD",SA,LST DEVICE_INFO; MOD DEVICE_INFO,chapter:SA,
Device.DeviceInfo.WAN_CONFIG6_V6_IPADDR,2,2,"LST,MOD",SA,LST DEVICE_INFO; MOD DEVICE_INFO,chapter:SA,
Device.DeviceInfo.WAN_CONFIG6_V6_PREFIX,2,2,"LST,MOD",SA,LST DEVICE_INFO; MOD DEVICE_INFO,chapter:SA,
Device.DeviceInfo.WAN_CONFIG6_VLAN,2,2,"LST,MOD",SA,LST DEVICE_INFO; MOD DEVICE_INFO,chapter:SA,
Device.DeviceInfo.WAN_CONFIG7_DEFAULTGW,2,2,"LST,MOD",SA,LST DEVICE_INFO; MOD DEVICE_INFO,chapter:SA,
Device.DeviceInfo.WAN_CONFIG7_ENABLE,2,2,"LST,MOD",SA,LST DEVICE_INFO; MOD DEVICE_INFO,chapter:SA,
Device.DeviceInfo.WAN_CONFIG7_IPADDR,2,2,"LST,MOD",SA,LST DEVICE_INFO; MOD DEVICE_INFO,chapter:SA,
Device.DeviceInfo.WAN_CONFIG7_IPMODE,2,2,"LST,MOD",SA,LST DEVICE_INFO; MOD DEVICE_INFO,chapter:SA,
Device.DeviceInfo.WAN_CONFIG7_NETMASK,2,2,"LST,MOD",SA,LST DEVICE_INFO; MOD DEVICE_INFO,chapter:SA,
Device.DeviceInfo.WAN_CONFIG7_OPTION60,2,2,"LST,MOD",SA,LST DEVICE_INFO; MOD DEVICE_INFO,chapter:SA,
Device.DeviceInfo.WAN_CONFIG7_V6_GW,2,2,"LST,MOD",SA,LST DEVICE_INFO; MOD DEVICE_INFO,chapter:SA,
Device.DeviceInfo.WAN_CONFIG7_V6_IPADDR,2,2,"LST,MOD",SA,LST DEVICE_INFO; MOD DEVICE_INFO,chapter:SA,
Device.DeviceInfo.WAN_CONFIG7_V6_PREFIX,2,2,"LST,MOD",SA,LST DEVICE_INFO; MOD DEVICE_INFO,chapter:SA,
Device.DeviceInfo.WAN_CONFIG7_VLAN,2,2,"LST,MOD",SA,LST DEVICE_INFO; MOD DEVICE_INFO,chapter:SA,
Device.DeviceInfo.WAN_CONFIG8_DEFAULTGW,2,2,"LST,MOD",SA,LST DEVICE_INFO; MOD DEVICE_INFO,chapter:SA,
Device.DeviceInfo.WAN_CONFIG8_ENABLE,2,2,"LST,MOD",SA,LST DEVICE_INFO; MOD DEVICE_INFO,chapter:SA,
Device.DeviceInfo.WAN_CONFIG8_IPADDR,2,2,"LST,MOD",SA,LST DEVICE_INFO; MOD DEVICE_INFO,chapter:SA,
Device.DeviceInfo.WAN_CONFIG8_IPMODE,2,2,"LST,MOD",SA,LST DEVICE_INFO; MOD DEVICE_INFO,chapter:SA,
Device.DeviceInfo.WAN_CONFIG8_NETMASK,2,2,"LST,MOD",SA,LST DEVICE_INFO; MOD DEVICE_INFO,chapter:SA,
Device.DeviceInfo.WAN_CONFIG8_OPTION60,2,2,"LST,MOD",SA,LST DEVICE_INFO; MOD DEVICE_INFO,chapter:SA,
Device.DeviceInfo.WAN_CONFIG8_V6_GW,2,2,"LST,MOD",SA,LST DEVICE_INFO; MOD DEVICE_INFO,chapter:SA,
Device.DeviceInfo.WAN_CONFIG8_V6_IPADDR,2,2,"LST,MOD",SA,LST DEVICE_INFO; MOD DEVICE_INFO,chapter:SA,
Device.DeviceInfo.WAN_CONFIG8_V6_PREFIX,2,2,"LST,MOD",SA,LST DEVICE_INFO; MOD DEVICE_INFO,chapter:SA,
Device.DeviceInfo.WAN_CONFIG8_VLAN,2,2,"LST,MOD",SA,LST DEVICE_INFO; MOD DEVICE_INFO,chapter:SA,
Device.DeviceInfo.WAN_CONFIG9_DEFAULTGW,2,2,"LST,MOD",SA,LST DEVICE_INFO; MOD DEVICE_INFO,chapter:SA,
Device.DeviceInfo.WAN_CONFIG9_ENABLE,2,2,"LST,MOD",SA,LST DEVICE_INFO; MOD DEVICE_INFO,chapter:SA,
Device.DeviceInfo.WAN_CONFIG9_IPADDR,2,2,"LST,MOD",SA,LST DEVICE_INFO; MOD DEVICE_INFO,chapter:SA,
Device.DeviceInfo.WAN_CONFIG9_IPMODE,2,2,"LST,MOD",SA,LST DEVICE_INFO; MOD DEVICE_INFO,chapter:SA,
Device.DeviceInfo.WAN_CONFIG9_NETMASK,2,2,"LST,MOD",SA,LST DEVICE_INFO; MOD DEVICE_INFO,chapter:SA,
Device.DeviceInfo.WAN_CONFIG9_OPTION60,2,2,"LST,MOD",SA,LST DEVICE_INFO; MOD DEVICE_INFO,chapter:SA,
Device.DeviceInfo.WAN_CONFIG9_V6_GW,2,2,"LST,MOD",SA,LST DEVICE_INFO; MOD DEVICE_INFO,chapter:SA,
Device.DeviceInfo.WAN_CONFIG9_V6_IPADDR,2,2,"LST,MOD",SA,LST DEVICE_INFO; MOD DEVICE_INFO,chapter:SA,
Device.DeviceInfo.WAN_CONFIG9_V6_PREFIX,2,2,"LST,MOD",SA,LST DEVICE_INFO; MOD DEVICE_INFO,chapter:SA,
Device.DeviceInfo.WAN_CONFIG9_VLAN,2,2,"LST,MOD",SA,LST DEVICE_INFO; MOD DEVICE_INFO,chapter:SA,
Device.DeviceInfo.WanLinkSpeed,2,2,"LST,MOD",SA,LST DEVICE_INFO; MOD DEVICE_INFO,chapter:SA,
Device.DeviceInfo.X_COM_LTE_LBO_First_Static_Ip_Address,2,2,"LST,MOD",SA,LST DEVICE_INFO; MOD DEVICE_INFO,chapter:SA,
Device.DeviceInfo.X_COM_LTE_LBO_IMSI_IP_List,2,2,"LST,MOD",SA,LST DEVICE_INFO; MOD DEVICE_INFO,chapter:SA,
Device.DeviceInfo.X_COM_LTE_LBO_Ifname,2,2,"LST,MOD",SA,LST DEVICE_INFO; MOD DEVICE_INFO,chapter:SA,
Device.DeviceInfo.X_COM_LTE_LBO_Last_Static_Ip_Address,2,2,"LST,MOD",SA,LST DEVICE_INFO; MOD DEVICE_INFO,chapter:SA,
Device.DeviceInfo.X_COM_LTE_LBO_NET_Mask,2,2,"LST,MOD",SA,LST DEVICE_INFO; MOD DEVICE_INFO,chapter:SA,
Device.DeviceInfo.X_COM_LTE_LBO_START_UE_Addr,2,2,"LST,MOD",SA,LST DEVICE_INFO; MOD DEVICE_INFO,chapter:SA,
Device.DeviceInfo.X_COM_LTE_LBO_Static_Ip_Addr_Switch,2,2,"LST,MOD",SA,LST DEVICE_INFO; MOD DEVICE_INFO,chapter:SA,
Device.DeviceInfo.X_COM_LTE_LBO_Switch,2,2,"LST,MOD",SA,LST DEVICE_INFO; MOD DEVICE_INFO,chapter:SA,
Device.DeviceInfo.X_COM_LTE_LGW_First_Static_Ip_Address,2,2,"LST,MOD",SA,LST DEVICE_INFO; MOD DEVICE_INFO,chapter:SA,
Device.DeviceInfo.X_COM_LTE_LGW_IMSI_IP_List,2,2,"LST,MOD",SA,LST DEVICE_INFO; MOD DEVICE_INFO,chapter:SA,
Device.DeviceInfo.X_COM_LTE_LGW_Ifname,2,2,"LST,MOD",SA,LST DEVICE_INFO; MOD DEVICE_INFO,chapter:SA,
Device.DeviceInfo.X_COM_LTE_LGW_Last_Static_Ip_Address,2,2,"LST,MOD",SA,LST DEVICE_INFO; MOD DEVICE_INFO,chapter:SA,
Device.DeviceInfo.X_COM_LTE_LGW_NET_Mask,2,2,"LST,MOD",SA,LST DEVICE_INFO; MOD DEVICE_INFO,chapter:SA,
Device.DeviceInfo.X_COM_LTE_LGW_START_UE_Addr,2,2,"LST,MOD",SA,LST DEVICE_INFO; MOD DEVICE_INFO,chapter:SA,
Device.DeviceInfo.X_COM_LTE_LGW_Static_Ip_Addr_Switch,2,2,"LST,MOD",SA,LST DEVICE_INFO; MOD DEVICE_INFO,chapter:SA,
Device.DeviceInfo.X_COM_LTE_LGW_Switch,2,2,"LST,MOD",SA,LST DEVICE_INFO; MOD DEVICE_INFO,chapter:SA,
Device.DeviceInfo.X_COM_LTE_WAN_CHECK_ENABLE,2,2,"LST,MOD",SA,LST DEVICE_INFO; MOD DEVICE_INFO,chapter:SA,
Device.DeviceInfo.X_COM_LTE_WAN_CHECK_TIMER_LEN,2,2,"LST,MOD",SA,LST DEVICE_INFO; MOD DEVICE_INFO,chapter:SA,
Device.DeviceInfo.X_COM_LmtEnable,2,2,"LST,MOD",SA,LST DEVICE_INFO; MOD DEVICE_INFO,chapter:SA,
Device.DeviceInfo.X_COM_OMC_ETH_CONFIG_MTU,2,2,"LST,MOD",SA,LST DEVICE_INFO; MOD DEVICE_INFO,chapter:SA,
Device.DeviceInfo.X_COM_PTP1588DomainNum,2,2,"LST,MOD",SA,LST DEVICE_INFO; MOD DEVICE_INFO,chapter:SA,
Device.DeviceInfo.X_COM_PTP1588Interface,2,2,"LST,MOD",SA,LST DEVICE_INFO; MOD DEVICE_INFO,chapter:SA,
Device.DeviceInfo.X_COM_PTP1588Profile,2,2,"LST,MOD",SA,LST DEVICE_INFO; MOD DEVICE_INFO,chapter:SA,
Device.DeviceInfo.X_COM_PTP1588TRANS_PORT,2,2,"LST,MOD",SA,LST DEVICE_INFO; MOD DEVICE_INFO,chapter:SA,
Device.DeviceInfo.X_COM_PTP1588Trigger,2,2,"LST,MOD",SA,LST DEVICE_INFO; MOD DEVICE_INFO,chapter:SA,
Device.DeviceInfo.X_COM_PTP1588UnicastAddr,2,2,"LST,MOD",SA,LST DEVICE_INFO; MOD DEVICE_INFO,chapter:SA,
Device.DeviceInfo.X_COM_PTP1588syncsMode,2,2,"LST,MOD",SA,LST DEVICE_INFO; MOD DEVICE_INFO,chapter:SA,
Device.DeviceInfo.X_COM_SCTP_CONFIG_MTU,2,2,"LST,MOD",SA,LST DEVICE_INFO; MOD DEVICE_INFO,chapter:SA,
Device.DeviceInfo.X_COM_Toggle_Switch,2,2,"LST,MOD",SA,LST DEVICE_INFO; MOD DEVICE_INFO,chapter:SA,
Device.DeviceInfo.cbsdCategory,2,2,"LST,MOD",SA,LST DEVICE_INFO; MOD DEVICE_INFO,chapter:SA,
Device.DeviceInfo.highFrequency,2,2,"LST,MOD",SA,LST DEVICE_INFO; MOD DEVICE_INFO,chapter:SA,
Device.DeviceInfo.iForcedSyncControlSwitch,2,2,"LST,MOD",SA,LST DEVICE_INFO; MOD DEVICE_INFO,chapter:SA,
Device.DeviceInfo.indoorDeployment,2,2,"LST,MOD",SA,LST DEVICE_INFO; MOD DEVICE_INFO,chapter:SA,
Device.DeviceInfo.lowFrequency,2,2,"LST,MOD",SA,LST DEVICE_INFO; MOD DEVICE_INFO,chapter:SA,
Device.Ethernet.Interface.{i}.DuplexMode,2,2,"LST,MOD",SL,LST ETHERNET_INTERFACE; MOD ETHERNET_INTERFACE,chapter:SL,该连接使用的双工模式
Device.Ethernet.Interface.{i}.Enable,2,2,"LST,MOD",SL,LST ETHERNET_INTERFACE; MOD ETHERNET_INTERFACE,chapter:SL,启用或禁用该接口
Device.Ethernet.Interface.{i}.IPv4Address.{i}.AddressingType,2,2,"LST,MOD",SL,LST INTERFACE_I_PV4_ADDRESS; MOD INTERFACE_I_PV4_ADDRESS,chapter:SL,外部IP 地址方法
Device.Ethernet.Interface.{i}.IPv4Address.{i}.DefaultGateway,2,2,"LST,MOD",SL,LST INTERFACE_I_PV4_ADDRESS; MOD INTERFACE_I_PV4_ADDRESS,chapter:SL,WAN 接口的默认网关
Device.Ethernet.Interface.{i}.IPv4Address.{i}.IPAddress,2,2,"LST,MOD",SL,LST INTERFACE_I_PV4_ADDRESS; MOD INTERFACE_I_PV4_ADDRESS,chapter:SL,IP 地址
Device.Ethernet.Interface.{i}.IPv4Address.{i}.PortType,2,2,"LST,MOD",SL,LST INTERFACE_I_PV4_ADDRESS; MOD INTERFACE_I_PV4_ADDRESS,chapter:SL,端口类型
Device.Ethernet.Interface.{i}.IPv4Address.{i}.SubnetMask,2,2,"LST,MOD",SL,LST INTERFACE_I_PV4_ADDRESS; MOD INTERFACE_I_PV4_ADDRESS,chapter:SL,WAN 接口的子网掩码
Device.Ethernet.Interface.{i}.IPv6Address.{i}.DefaultGateway,2,2,"LST,MOD",SL,LST INTERFACE_I_PV6_ADDRESS; MOD INTERFACE_I_PV6_ADDRESS,chapter:SL,WAN 接口的默认网关
Device.Ethernet.Interface.{i}.IPv6Address.{i}.IPAddress,2,2,"LST,MOD",SL,LST INTERFACE_I_PV6_ADDRESS; MOD INTERFACE_I_PV6_ADDRESS,chapter:SL,IPv6 地址
Device.Ethernet.Interface.{i}.IPv6Address.{i}.Origin,2,2,"LST,MOD",SL,LST INTERFACE_I_PV6_ADDRESS; MOD INTERFACE_I_PV6_ADDRESS,chapter:SL,外部IP 来源
Device.Ethernet.Interface.{i}.IPv6Address.{i}.PortType,2,2,"LST,MOD",SL,LST INTERFACE_I_PV6_ADDRESS; MOD INTERFACE_I_PV6_ADDRESS,chapter:SL,端口类型
Device.Ethernet.Interface.{i}.IPv6Address.{i}.PrefixLength,2,2,"LST,MOD",SL,LST INTERFACE_I_PV6_ADDRESS; MOD INTERFACE_I_PV6_ADDRESS,chapter:SL,前缀长度
Device.Ethernet.Interface.{i}.MaxBitRate,2,2,"LST,MOD",SL,LST ETHERNET_INTERFACE; MOD ETHERNET_INTERFACE,chapter:SL,该连接可用的最大速率模式
Device.Ethernet.Interface.{i}.UserLabel,2,2,"LST,MOD",SL,LST ETHERNET_INTERFACE; MOD ETHERNET_INTERFACE,chapter:SL,
Device.Ethernet.Interface.{i}.VlanInterface.{i}.IPv4Address.{i}.AddressingType,2,2,"LST,MOD",SL,LST VLAN_INTERFACE_I_PV4_ADDRESS; MOD VLAN_INTERFACE_I_PV4_ADDRESS,chapter:SL,外部IP 地址方法
Device.Ethernet.Interface.{i}.VlanInterface.{i}.IPv4Address.{i}.DefaultGateway,2,2,"LST,MOD",SL,LST VLAN_INTERFACE_I_PV4_ADDRESS; MOD VLAN_INTERFACE_I_PV4_ADDRESS,chapter:SL,vlan子接口的默认网关
Device.Ethernet.Interface.{i}.VlanInterface.{i}.IPv4Address.{i}.IPAddress,2,2,"LST,MOD",SL,LST VLAN_INTERFACE_I_PV4_ADDRESS; MOD VLAN_INTERFACE_I_PV4_ADDRESS,chapter:SL,IP 地址
Device.Ethernet.Interface.{i}.VlanInterface.{i}.IPv4Address.{i}.PortType,2,2,"LST,MOD",SL,LST VLAN_INTERFACE_I_PV4_ADDRESS; MOD VLAN_INTERFACE_I_PV4_ADDRESS,chapter:SL,端口类型
Device.Ethernet.Interface.{i}.VlanInterface.{i}.IPv4Address.{i}.SubnetMask,2,2,"LST,MOD",SL,LST VLAN_INTERFACE_I_PV4_ADDRESS; MOD VLAN_INTERFACE_I_PV4_ADDRESS,chapter:SL,vlan子接口的子网掩码
Device.Ethernet.Interface.{i}.VlanInterface.{i}.IPv6Address.{i}.DefaultGateway,2,2,"LST,MOD",SL,LST VLAN_INTERFACE_I_PV6_ADDRESS; MOD VLAN_INTERFACE_I_PV6_ADDRESS,chapter:SL,vlan子接口的默认网关
Device.Ethernet.Interface.{i}.VlanInterface.{i}.IPv6Address.{i}.IPAddress,2,2,"LST,MOD",SL,LST VLAN_INTERFACE_I_PV6_ADDRESS; MOD VLAN_INTERFACE_I_PV6_ADDRESS,chapter:SL,IPv6 地址
Device.Ethernet.Interface.{i}.VlanInterface.{i}.IPv6Address.{i}.Origin,2,2,"LST,MOD",SL,LST VLAN_INTERFACE_I_PV6_ADDRESS; MOD VLAN_INTERFACE_I_PV6_ADDRESS,chapter:SL,外部IP 来源
Device.Ethernet.Interface.{i}.VlanInterface.{i}.IPv6Address.{i}.PortType,2,2,"LST,MOD",SL,LST VLAN_INTERFACE_I_PV6_ADDRESS; MOD VLAN_INTERFACE_I_PV6_ADDRESS,chapter:SL,端口类型
Device.Ethernet.Interface.{i}.VlanInterface.{i}.IPv6Address.{i}.PrefixLength,2,2,"LST,MOD",SL,LST VLAN_INTERFACE_I_PV6_ADDRESS; MOD VLAN_INTERFACE_I_PV6_ADDRESS,chapter:SL,前缀长度
Device.Ethernet.Interface.{i}.VlanInterface.{i}.Id,2,2,"LST,MOD",SL,LST VLAN_INTERFACE; MOD VLAN_INTERFACE,chapter:SL,Vlan Id
Device.Ethernet.Interface.{i}.VlanInterface.{i}.Name,2,2,"LST,MOD",SL,LST VLAN_INTERFACE; MOD VLAN_INTERFACE,chapter:SL,vlan子接口名称
Device.Ethernet.Interface.{i}.interfaceType,2,2,"LST,MOD",SL,LST ETHERNET_INTERFACE; MOD ETHERNET_INTERFACE,chapter:SL,
Device.Ethernet.IpRoute.{i}.DstIpNetwork,2,2,"LST,MOD",SL,LST ETHERNET_IP_ROUTE; MOD ETHERNET_IP_ROUTE,chapter:SL,目的网段
Device.Ethernet.IpRoute.{i}.GatewayIpAddress,2,2,"LST,MOD",SL,LST ETHERNET_IP_ROUTE; MOD ETHERNET_IP_ROUTE,chapter:SL,网关地址
Device.Ethernet.IpRoute.{i}.InterfaceName,2,2,"LST,MOD",SL,LST ETHERNET_IP_ROUTE; MOD ETHERNET_IP_ROUTE,chapter:SL,端口名称
Device.Ethernet.IpRoute.{i}.IpVer,2,2,"LST,MOD",SL,LST ETHERNET_IP_ROUTE; MOD ETHERNET_IP_ROUTE,chapter:SL,IP地址版本
Device.Ethernet.IpRoute.{i}.PrefixLength,2,2,"LST,MOD",SL,LST ETHERNET_IP_ROUTE; MOD ETHERNET_IP_ROUTE,chapter:SL,前缀长度
Device.FAP.MRMgmt.Config.{i}.MRECGIList,2,2,"LST,MOD",SP,LST MR_MGMT_CONFIG; MOD MR_MGMT_CONFIG,chapter:SP,
Device.FAP.MRMgmt.Config.{i}.MeasureItems,2,2,"LST,MOD",SP,LST MR_MGMT_CONFIG; MOD MR_MGMT_CONFIG,chapter:SP,
Device.FAP.MRMgmt.Config.{i}.MeasureType,2,2,"LST,MOD",SP,LST MR_MGMT_CONFIG; MOD MR_MGMT_CONFIG,chapter:SP,MR文件类型
Device.FAP.MRMgmt.Config.{i}.MrEnable,2,2,"LST,MOD",SP,LST MR_MGMT_CONFIG; MOD MR_MGMT_CONFIG,chapter:SP,MR开关
Device.FAP.MRMgmt.Config.{i}.MrGnssReportEnable,2,2,"LST,MOD",SP,LST MR_MGMT_CONFIG; MOD MR_MGMT_CONFIG,chapter:SP,
Device.FAP.MRMgmt.Config.{i}.MrPassword,2,2,"LST,MOD",SP,LST MR_MGMT_CONFIG; MOD MR_MGMT_CONFIG,chapter:SP,密码
Device.FAP.MRMgmt.Config.{i}.MrUrl,2,2,"LST,MOD",SP,LST MR_MGMT_CONFIG; MOD MR_MGMT_CONFIG,chapter:SP,Url地址
Device.FAP.MRMgmt.Config.{i}.MrUsername,2,2,"LST,MOD",SP,LST MR_MGMT_CONFIG; MOD MR_MGMT_CONFIG,chapter:SP,用户名
Device.FAP.MRMgmt.Config.{i}.OmcName,2,2,"LST,MOD",SP,LST MR_MGMT_CONFIG; MOD MR_MGMT_CONFIG,chapter:SP,OMC-R名称
Device.FAP.MRMgmt.Config.{i}.PeriodicReportInterval,2,2,"LST,MOD",SP,LST MR_MGMT_CONFIG; MOD MR_MGMT_CONFIG,chapter:SP,
Device.FAP.MRMgmt.Config.{i}.PrbNum,2,2,"LST,MOD",SP,LST MR_MGMT_CONFIG; MOD MR_MGMT_CONFIG,chapter:SP,子帧的PRB
Device.FAP.MRMgmt.Config.{i}.SampleBeginTime,2,2,"LST,MOD",SP,LST MR_MGMT_CONFIG; MOD MR_MGMT_CONFIG,chapter:SP,绝对时间参考
Device.FAP.MRMgmt.Config.{i}.SampleEndTime,2,2,"LST,MOD",SP,LST MR_MGMT_CONFIG; MOD MR_MGMT_CONFIG,chapter:SP,绝对时间参考
Device.FAP.MRMgmt.Config.{i}.SamplePeriod,2,2,"LST,MOD",SP,LST MR_MGMT_CONFIG; MOD MR_MGMT_CONFIG,chapter:SP,MR采样周期
Device.FAP.MRMgmt.Config.{i}.SubFrameNum,2,2,"LST,MOD",SP,LST MR_MGMT_CONFIG; MOD MR_MGMT_CONFIG,chapter:SP,子帧数
Device.FAP.MRMgmt.Config.{i}.UploadPeriod,2,2,"LST,MOD",SP,LST MR_MGMT_CONFIG; MOD MR_MGMT_CONFIG,chapter:SP,MR采集周期
Device.FAP.MRMgmt.Config.{i}.Vendor,2,2,"LST,MOD",SP,LST MR_MGMT_CONFIG; MOD MR_MGMT_CONFIG,chapter:SP,
Device.FAP.PerfMgmt.Config.{i}.Alias,2,2,"LST,MOD",SQ,LST PERF_MGMT_CONFIG; MOD PERF_MGMT_CONFIG,chapter:SQ,别名
Device.FAP.PerfMgmt.Config.{i}.Enable,2,2,"LST,MOD",SQ,LST PERF_MGMT_CONFIG; MOD PERF_MGMT_CONFIG,chapter:SQ,文件周期上传使能开关
Device.FAP.PerfMgmt.Config.{i}.Password,2,2,"LST,MOD",SQ,LST PERF_MGMT_CONFIG; MOD PERF_MGMT_CONFIG,chapter:SQ,文件管理密码
Device.FAP.PerfMgmt.Config.{i}.PeriodicUploadInterval,2,2,"LST,MOD",SQ,LST PERF_MGMT_CONFIG; MOD PERF_MGMT_CONFIG,chapter:SQ,文件周期上传时间间隔
Device.FAP.PerfMgmt.Config.{i}.PeriodicUploadTime,2,2,"LST,MOD",SQ,LST PERF_MGMT_CONFIG; MOD PERF_MGMT_CONFIG,chapter:SQ,文件上传时间
Device.FAP.PerfMgmt.Config.{i}.ReplenishEnable,2,2,"LST,MOD",SQ,LST PERF_MGMT_CONFIG; MOD PERF_MGMT_CONFIG,chapter:SQ,
Device.FAP.PerfMgmt.Config.{i}.ReplenishEndTime,2,2,"LST,MOD",SQ,LST PERF_MGMT_CONFIG; MOD PERF_MGMT_CONFIG,chapter:SQ,
Device.FAP.PerfMgmt.Config.{i}.ReplenishStartTime,2,2,"LST,MOD",SQ,LST PERF_MGMT_CONFIG; MOD PERF_MGMT_CONFIG,chapter:SQ,
Device.FAP.PerfMgmt.Config.{i}.URL,2,2,"LST,MOD",SQ,LST PERF_MGMT_CONFIG; MOD PERF_MGMT_CONFIG,chapter:SQ,文件管理URL
Device.FAP.PerfMgmt.Config.{i}.Username,2,2,"LST,MOD",SQ,LST PERF_MGMT_CONFIG; MOD PERF_MGMT_CONFIG,chapter:SQ,文件管理用户名
Device.FaultMgmt.SupportedAlarm.{i}.ReportingMechanism,2,2,"LST,MOD",SD,LST FAULT_MGMT_SUPPORTED_ALARM; MOD FAULT_MGMT_SUPPORTED_ALARM,chapter:SD,告警上报机制
Device.IPsec.Enable,2,2,"LST,MOD",SM,LST I_PSEC; MOD I_PSEC,chapter:SM,开关
Device.IPsec.MyKeyMode,2,2,"LST,MOD",SM,LST I_PSEC; MOD I_PSEC,chapter:SM,鉴权方式
Device.LogMgmt.Password,2,2,"LST,MOD",SE,LST LOG_MGMT; MOD LOG_MGMT,chapter:SE,日志管理密码
Device.LogMgmt.PeriodicUploadEnable,2,2,"LST,MOD",SE,LST LOG_MGMT; MOD LOG_MGMT,chapter:SE,日志周期上传使能开关
Device.LogMgmt.PeriodicUploadInterval,2,2,"LST,MOD",SE,LST LOG_MGMT; MOD LOG_MGMT,chapter:SE,日志周期上传时间间隔
Device.LogMgmt.URL,2,2,"LST,MOD",SE,LST LOG_MGMT; MOD LOG_MGMT,chapter:SE,日志上传URL
Device.LogMgmt.Username,2,2,"LST,MOD",SE,LST LOG_MGMT; MOD LOG_MGMT,chapter:SE,日志管理用户名
Device.ManagementServer.ConnectionRequestPassword,2,2,"LST,MOD",SC,LST MANAGEMENT_SERVER; MOD MANAGEMENT_SERVER,chapter:SC,连接请求密码
Device.ManagementServer.ConnectionRequestUsername,2,2,"LST,MOD",SC,LST MANAGEMENT_SERVER; MOD MANAGEMENT_SERVER,chapter:SC,连接请求用户名
Device.ManagementServer.Password,2,2,"LST,MOD",SC,LST MANAGEMENT_SERVER; MOD MANAGEMENT_SERVER,chapter:SC,连接密码
Device.ManagementServer.PeriodicInformEnable,2,2,"LST,MOD",SC,LST MANAGEMENT_SERVER; MOD MANAGEMENT_SERVER,chapter:SC,连接使能开关
Device.ManagementServer.PeriodicInformInterval,2,2,"LST,MOD",SC,LST MANAGEMENT_SERVER; MOD MANAGEMENT_SERVER,chapter:SC,周期上报时间间隔
Device.ManagementServer.PeriodicInformTime,2,2,"LST,MOD",SC,LST MANAGEMENT_SERVER; MOD MANAGEMENT_SERVER,chapter:SC,上报周期
Device.ManagementServer.STUNEnable,2,2,"LST,MOD",SC,LST MANAGEMENT_SERVER; MOD MANAGEMENT_SERVER,chapter:SC,STUN使能开关
Device.ManagementServer.STUNMaximumKeepAlivePeriod,2,2,"LST,MOD",SC,LST MANAGEMENT_SERVER; MOD MANAGEMENT_SERVER,chapter:SC,STUN最大生存周期
Device.ManagementServer.STUNMinimumKeepAlivePeriod,2,2,"LST,MOD",SC,LST MANAGEMENT_SERVER; MOD MANAGEMENT_SERVER,chapter:SC,STUN最小生存周期
Device.ManagementServer.STUNPassword,2,2,"LST,MOD",SC,LST MANAGEMENT_SERVER; MOD MANAGEMENT_SERVER,chapter:SC,STUN密码
Device.ManagementServer.STUNServerAddress,2,2,"LST,MOD",SC,LST MANAGEMENT_SERVER; MOD MANAGEMENT_SERVER,chapter:SC,STUN服务器地址
Device.ManagementServer.STUNServerPort,2,2,"LST,MOD",SC,LST MANAGEMENT_SERVER; MOD MANAGEMENT_SERVER,chapter:SC,STUN服务器端口
Device.ManagementServer.STUNUsername,2,2,"LST,MOD",SC,LST MANAGEMENT_SERVER; MOD MANAGEMENT_SERVER,chapter:SC,STUN用户名
Device.ManagementServer.URL,2,2,"LST,MOD",SC,LST MANAGEMENT_SERVER; MOD MANAGEMENT_SERVER,chapter:SC,网管服务器URL
Device.ManagementServer.Username,2,2,"LST,MOD",SC,LST MANAGEMENT_SERVER; MOD MANAGEMENT_SERVER,chapter:SC,连接用户名
Device.ManagementServer.X_COM_tr069_port,2,2,"LST,MOD",SC,LST MANAGEMENT_SERVER; MOD MANAGEMENT_SERVER,chapter:SC,
Device.ManagementServer.tfcsManagerPrimsrc,2,2,"LST,MOD",SC,LST MANAGEMENT_SERVER; MOD MANAGEMENT_SERVER,chapter:SC,
Device.ManagementServer.tfcsSyncState,2,2,"LST,MOD",SC,LST MANAGEMENT_SERVER; MOD MANAGEMENT_SERVER,chapter:SC,
Device.Services.FAPControl.LTE.AdminState,2,2,"LST,MOD",SF,LST FAP_CONTROL_LTE; MOD FAP_CONTROL_LTE,chapter:SF,
Device.Services.FAPControl.LTE.Gateway.AGPort1,2,2,"LST,MOD",SF,LST LTE_GATEWAY; MOD LTE_GATEWAY,chapter:SF,
Device.Services.FAPControl.LTE.Gateway.AGPort2,2,2,"LST,MOD",SF,LST LTE_GATEWAY; MOD LTE_GATEWAY,chapter:SF,
Device.Services.FAPControl.LTE.Gateway.AGPort3,2,2,"LST,MOD",SF,LST LTE_GATEWAY; MOD LTE_GATEWAY,chapter:SF,
Device.Services.FAPControl.LTE.Gateway.AGServerEnable,2,2,"LST,MOD",SF,LST LTE_GATEWAY; MOD LTE_GATEWAY,chapter:SF,
Device.Services.FAPControl.LTE.Gateway.AGServerIp1,2,2,"LST,MOD",SF,LST LTE_GATEWAY; MOD LTE_GATEWAY,chapter:SF,
Device.Services.FAPControl.LTE.Gateway.AGServerIp2,2,2,"LST,MOD",SF,LST LTE_GATEWAY; MOD LTE_GATEWAY,chapter:SF,
Device.Services.FAPControl.LTE.Gateway.AGServerIp3,2,2,"LST,MOD",SF,LST LTE_GATEWAY; MOD LTE_GATEWAY,chapter:SF,
Device.Services.FAPControl.LTE.Gateway.SecGWServer1,2,2,"LST,MOD",SF,LST LTE_GATEWAY; MOD LTE_GATEWAY,chapter:SF,
Device.Services.FAPControl.LTE.Gateway.SecGWServer2,2,2,"LST,MOD",SF,LST LTE_GATEWAY; MOD LTE_GATEWAY,chapter:SF,
Device.Services.FAPControl.LTE.Gateway.SecGWServer3,2,2,"LST,MOD",SF,LST LTE_GATEWAY; MOD LTE_GATEWAY,chapter:SF,
Device.Services.FAPControl.LTE.MmePoolConfigParam.{i}.MMEIp1,2,2,"LST,MOD",SF,LST LTE_MME_POOL_CONFIG_PARAM; MOD LTE_MME_POOL_CONFIG_PARAM,chapter:SF,
Device.Services.FAPControl.LTE.MmePoolConfigParam.{i}.MMEIp2,2,2,"LST,MOD",SF,LST LTE_MME_POOL_CONFIG_PARAM; MOD LTE_MME_POOL_CONFIG_PARAM,chapter:SF,
Device.Services.FAPControl.Transport.SCTP.Enable,2,2,"LST,MOD",SG,LST TRANSPORT_SCTP; MOD TRANSPORT_SCTP,chapter:SG,
Device.Services.FAPControl.Transport.SCTP.HBInterval,2,2,"LST,MOD",SG,LST TRANSPORT_SCTP; MOD TRANSPORT_SCTP,chapter:SG,
Device.Services.FAPControl.Transport.SCTP.MaxAssociationRetransmits,2,2,"LST,MOD",SG,LST TRANSPORT_SCTP; MOD TRANSPORT_SCTP,chapter:SG,
Device.Services.FAPControl.Transport.SCTP.MaxInitRetransmits,2,2,"LST,MOD",SG,LST TRANSPORT_SCTP; MOD TRANSPORT_SCTP,chapter:SG,
Device.Services.FAPControl.Transport.SCTP.MaxPathRetransmits,2,2,"LST,MOD",SG,LST TRANSPORT_SCTP; MOD TRANSPORT_SCTP,chapter:SG,
Device.Services.FAPControl.Transport.SCTP.RTOInitial,2,2,"LST,MOD",SG,LST TRANSPORT_SCTP; MOD TRANSPORT_SCTP,chapter:SG,
Device.Services.FAPControl.Transport.SCTP.RTOMax,2,2,"LST,MOD",SG,LST TRANSPORT_SCTP; MOD TRANSPORT_SCTP,chapter:SG,
Device.Services.FAPControl.Transport.SCTP.RTOMin,2,2,"LST,MOD",SG,LST TRANSPORT_SCTP; MOD TRANSPORT_SCTP,chapter:SG,
Device.Services.FAPControl.Transport.SCTP.ValCookieLife,2,2,"LST,MOD",SG,LST TRANSPORT_SCTP; MOD TRANSPORT_SCTP,chapter:SG,
Device.Services.FAPControl.X2IpAddrMapInfo.{i}.EnbId,2,2,"LST,MOD",SF,LST X2_IP_ADDR_MAP_INFO; MOD X2_IP_ADDR_MAP_INFO,chapter:SF,
Device.Services.FAPControl.X2IpAddrMapInfo.{i}.EnbType,2,2,"LST,MOD",SF,LST X2_IP_ADDR_MAP_INFO; MOD X2_IP_ADDR_MAP_INFO,chapter:SF,
Device.Services.FAPControl.X2IpAddrMapInfo.{i}.PLMNID,2,2,"LST,MOD",SF,LST X2_IP_ADDR_MAP_INFO; MOD X2_IP_ADDR_MAP_INFO,chapter:SF,
Device.Services.FAPControl.X2IpAddrMapInfo.{i}.SubnetMask,2,2,"LST,MOD",SF,LST X2_IP_ADDR_MAP_INFO; MOD X2_IP_ADDR_MAP_INFO,chapter:SF,
Device.Services.FAPControl.X2IpAddrMapInfo.{i}.WanIpAddress,2,2,"LST,MOD",SF,LST X2_IP_ADDR_MAP_INFO; MOD X2_IP_ADDR_MAP_INFO,chapter:SF,
Device.Services.FAPService.{i}.Capabilities.LTE.NNSFSupported,2,2,"LST,MOD",SF,LST FAP_SERVICE_CAPABILITIES; MOD FAP_SERVICE_CAPABILITIES,chapter:SF,负载均衡参数
Device.Services.FAPService.{i}.CellConfig.Capabilities.LTE.UeInactiveTimer,2,2,"LST,MOD",SF,LST CELL_CONFIG_CAPABILITIES; MOD CELL_CONFIG_CAPABILITIES,chapter:SF,
Device.Services.FAPService.{i}.CellConfig.LTE.CAParam.CASwitchDl,2,2,"LST,MOD",SF,LST FAP_SERVICE; MOD FAP_SERVICE,chapter:SF,下行载波聚合功能开关
Device.Services.FAPService.{i}.CellConfig.LTE.CAParam.CASwitchUl,2,2,"LST,MOD",SF,LST FAP_SERVICE; MOD FAP_SERVICE,chapter:SF,上行载波聚合功能开关
Device.Services.FAPService.{i}.CellConfig.LTE.EPC.AllowedCipheringAlgorithmList,2,2,"LST,MOD",SF,LST LTE_EPC; MOD LTE_EPC,chapter:SF,
Device.Services.FAPService.{i}.CellConfig.LTE.EPC.AllowedIntegrityProtectionAlgorithmList,2,2,"LST,MOD",SF,LST LTE_EPC; MOD LTE_EPC,chapter:SF,
Device.Services.FAPService.{i}.CellConfig.LTE.EPC.EAID,2,2,"LST,MOD",SF,LST LTE_EPC; MOD LTE_EPC,chapter:SF,EPCEAID
Device.Services.FAPService.{i}.CellConfig.LTE.EPC.PLMNList.{i}.CellReservedForOperatorUse,2,2,"LST,MOD",SF,LST PLMN_LIST; MOD PLMN_LIST,chapter:SF,小区预留标识
Device.Services.FAPService.{i}.CellConfig.LTE.EPC.PLMNList.{i}.Enable,2,2,"LST,MOD",SF,LST PLMN_LIST; MOD PLMN_LIST,chapter:SF,
Device.Services.FAPService.{i}.CellConfig.LTE.EPC.PLMNList.{i}.IsPrimary,2,2,"LST,MOD",SF,LST PLMN_LIST; MOD PLMN_LIST,chapter:SF,
Device.Services.FAPService.{i}.CellConfig.LTE.EPC.PLMNList.{i}.PLMNID,2,2,"LST,MOD",SF,LST PLMN_LIST; MOD PLMN_LIST,chapter:SF,小区PLMNID
Device.Services.FAPService.{i}.CellConfig.LTE.EPC.TAC,2,2,"LST,MOD",SF,LST LTE_EPC; MOD LTE_EPC,chapter:SF,TAC
Device.Services.FAPService.{i}.CellConfig.LTE.RAN.CellEnable.AdminState,2,2,"LST,MOD",SF,LST FAP_SERVICE; MOD FAP_SERVICE,chapter:SF,
Device.Services.FAPService.{i}.CellConfig.LTE.RAN.CellRestriction.CellBarred,2,2,"LST,MOD",SF,LST FAP_SERVICE; MOD FAP_SERVICE,chapter:SF,小区闭塞
Device.Services.FAPService.{i}.CellConfig.LTE.RAN.Common.CellIdentity,2,2,"LST,MOD",SF,LST FAP_SERVICE; MOD FAP_SERVICE,chapter:SF,小区标识
Device.Services.FAPService.{i}.CellConfig.LTE.RAN.Common.EnbType,2,2,"LST,MOD",SF,LST FAP_SERVICE; MOD FAP_SERVICE,chapter:SF,基站类型
Device.Services.FAPService.{i}.CellConfig.LTE.RAN.MAC.DRX.DRXEnabled,2,2,"LST,MOD",SH,LST RAN_MAC; MOD RAN_MAC,chapter:SH,DRX功能开关
Device.Services.FAPService.{i}.CellConfig.LTE.RAN.MAC.DrxInitialParam.{i}.DRXInactivityTimer,2,2,"LST,MOD",SH,LST DRX_INITIAL_PARAM; MOD DRX_INITIAL_PARAM,chapter:SH,DRX非激活定时器
Device.Services.FAPService.{i}.CellConfig.LTE.RAN.MAC.DrxInitialParam.{i}.DRXRetransmissionTimer,2,2,"LST,MOD",SH,LST DRX_INITIAL_PARAM; MOD DRX_INITIAL_PARAM,chapter:SH,DRX等待重传定时器
Device.Services.FAPService.{i}.CellConfig.LTE.RAN.MAC.DrxInitialParam.{i}.DRXShortCycleTimer,2,2,"LST,MOD",SH,LST DRX_INITIAL_PARAM; MOD DRX_INITIAL_PARAM,chapter:SH,DRX短周期定时器
Device.Services.FAPService.{i}.CellConfig.LTE.RAN.MAC.DrxInitialParam.{i}.LongDRXCycle,2,2,"LST,MOD",SH,LST DRX_INITIAL_PARAM; MOD DRX_INITIAL_PARAM,chapter:SH,DRX长周期
Device.Services.FAPService.{i}.CellConfig.LTE.RAN.MAC.DrxInitialParam.{i}.ONDurationTimer,2,2,"LST,MOD",SH,LST DRX_INITIAL_PARAM; MOD DRX_INITIAL_PARAM,chapter:SH,DRX持续时间定时器
Device.Services.FAPService.{i}.CellConfig.LTE.RAN.MAC.DrxInitialParam.{i}.ShortDRXCycle,2,2,"LST,MOD",SH,LST DRX_INITIAL_PARAM; MOD DRX_INITIAL_PARAM,chapter:SH,DRX短周期
Device.Services.FAPService.{i}.CellConfig.LTE.RAN.MAC.RACH.ContentionResolutionTimer,2,2,"LST,MOD",SH,LST RAN_MAC; MOD RAN_MAC,chapter:SH,冲突解决定时器
Device.Services.FAPService.{i}.CellConfig.LTE.RAN.MAC.RACH.MaxHARQMsg3Tx,2,2,"LST,MOD",SH,LST RAN_MAC; MOD RAN_MAC,chapter:SH,Msg3HARQ最大传输次数
Device.Services.FAPService.{i}.CellConfig.LTE.RAN.MAC.RACH.MessagePowerOffsetGroupB,2,2,"LST,MOD",SH,LST RAN_MAC; MOD RAN_MAC,chapter:SH,组B功率补偿信息
Device.Services.FAPService.{i}.CellConfig.LTE.RAN.MAC.RACH.MessageSizeGroupA,2,2,"LST,MOD",SH,LST RAN_MAC; MOD RAN_MAC,chapter:SH,组A信息大小
Device.Services.FAPService.{i}.CellConfig.LTE.RAN.MAC.RACH.NumberOfRaPreambles,2,2,"LST,MOD",SH,LST RAN_MAC; MOD RAN_MAC,chapter:SH,竞争随机接入前导码数
Device.Services.FAPService.{i}.CellConfig.LTE.RAN.MAC.RACH.PowerRampingStep,2,2,"LST,MOD",SH,LST RAN_MAC; MOD RAN_MAC,chapter:SH,功率增加补偿
Device.Services.FAPService.{i}.CellConfig.LTE.RAN.MAC.RACH.PreambleInitialReceivedTargetPower,2,2,"LST,MOD",SH,LST RAN_MAC; MOD RAN_MAC,chapter:SH,前导码初始接收目标功率
Device.Services.FAPService.{i}.CellConfig.LTE.RAN.MAC.RACH.PreambleTransMax,2,2,"LST,MOD",SH,LST RAN_MAC; MOD RAN_MAC,chapter:SH,最大随机接入次数
Device.Services.FAPService.{i}.CellConfig.LTE.RAN.MAC.RACH.ResponseWindowSize,2,2,"LST,MOD",SH,LST RAN_MAC; MOD RAN_MAC,chapter:SH,随机接入响应窗口大小
Device.Services.FAPService.{i}.CellConfig.LTE.RAN.MAC.RACH.SizeOfRaGroupA,2,2,"LST,MOD",SH,LST RAN_MAC; MOD RAN_MAC,chapter:SH,随机接入前导码组A大小
Device.Services.FAPService.{i}.CellConfig.LTE.RAN.MAC.ULSCH.MaxHARQTx,2,2,"LST,MOD",SH,LST RAN_MAC; MOD RAN_MAC,chapter:SH,上行HARQ最大传输次数
Device.Services.FAPService.{i}.CellConfig.LTE.RAN.MAC.ULSCH.MaxUePerUlSf,2,2,"LST,MOD",SH,LST RAN_MAC; MOD RAN_MAC,chapter:SH,上行单帧最大调度用户数
Device.Services.FAPService.{i}.CellConfig.LTE.RAN.MAC.ULSCH.PeriodicBSRTimer,2,2,"LST,MOD",SH,LST RAN_MAC; MOD RAN_MAC,chapter:SH,周期性BSR定时器
Device.Services.FAPService.{i}.CellConfig.LTE.RAN.MAC.ULSCH.RetxBSRTimer,2,2,"LST,MOD",SH,LST RAN_MAC; MOD RAN_MAC,chapter:SH,重传BSR定时器
Device.Services.FAPService.{i}.CellConfig.LTE.RAN.MAC.ULSCH.TTIBundling,2,2,"LST,MOD",SH,LST RAN_MAC; MOD RAN_MAC,chapter:SH,TTI绑定功能开关
Device.Services.FAPService.{i}.CellConfig.LTE.RAN.Mobility.ConnMode.EUTRA.A1MeasureCtrl.{i}.A1ThresholdRSRP,2,2,"LST,MOD",SJ,LST A1_MEASURE_CTRL; MOD A1_MEASURE_CTRL,chapter:SJ,A1事件RSRP门限
Device.Services.FAPService.{i}.CellConfig.LTE.RAN.Mobility.ConnMode.EUTRA.A1MeasureCtrl.{i}.A1ThresholdRSRQ,2,2,"LST,MOD",SJ,LST A1_MEASURE_CTRL; MOD A1_MEASURE_CTRL,chapter:SJ,A1事件RSRQ门限
Device.Services.FAPService.{i}.CellConfig.LTE.RAN.Mobility.ConnMode.EUTRA.A1MeasureCtrl.{i}.Enable,2,2,"LST,MOD",SJ,LST A1_MEASURE_CTRL; MOD A1_MEASURE_CTRL,chapter:SJ,使能开关
Device.Services.FAPService.{i}.CellConfig.LTE.RAN.Mobility.ConnMode.EUTRA.A1MeasureCtrl.{i}.Hysteresis,2,2,"LST,MOD",SJ,LST A1_MEASURE_CTRL; MOD A1_MEASURE_CTRL,chapter:SJ,迟滞值
Device.Services.FAPService.{i}.CellConfig.LTE.RAN.Mobility.ConnMode.EUTRA.A1MeasureCtrl.{i}.MaxReportCells,2,2,"LST,MOD",SJ,LST A1_MEASURE_CTRL; MOD A1_MEASURE_CTRL,chapter:SJ,最大上报小区数
Device.Services.FAPService.{i}.CellConfig.LTE.RAN.Mobility.ConnMode.EUTRA.A1MeasureCtrl.{i}.ReportAmount,2,2,"LST,MOD",SJ,LST A1_MEASURE_CTRL; MOD A1_MEASURE_CTRL,chapter:SJ,上报次数
Device.Services.FAPService.{i}.CellConfig.LTE.RAN.Mobility.ConnMode.EUTRA.A1MeasureCtrl.{i}.ReportInterval,2,2,"LST,MOD",SJ,LST A1_MEASURE_CTRL; MOD A1_MEASURE_CTRL,chapter:SJ,上报间隔
Device.Services.FAPService.{i}.CellConfig.LTE.RAN.Mobility.ConnMode.EUTRA.A1MeasureCtrl.{i}.ReportQuantity,2,2,"LST,MOD",SJ,LST A1_MEASURE_CTRL; MOD A1_MEASURE_CTRL,chapter:SJ,上报量
Device.Services.FAPService.{i}.CellConfig.LTE.RAN.Mobility.ConnMode.EUTRA.A1MeasureCtrl.{i}.TimeToTrigger,2,2,"LST,MOD",SJ,LST A1_MEASURE_CTRL; MOD A1_MEASURE_CTRL,chapter:SJ,触发时间
Device.Services.FAPService.{i}.CellConfig.LTE.RAN.Mobility.ConnMode.EUTRA.A1MeasureCtrl.{i}.TriggerQuantity,2,2,"LST,MOD",SJ,LST A1_MEASURE_CTRL; MOD A1_MEASURE_CTRL,chapter:SJ,触发量
Device.Services.FAPService.{i}.CellConfig.LTE.RAN.Mobility.ConnMode.EUTRA.A1ThresholdRSRP,2,2,"LST,MOD",SJ,LST CONN_MODE_EUTRA; MOD CONN_MODE_EUTRA,chapter:SJ,
Device.Services.FAPService.{i}.CellConfig.LTE.RAN.Mobility.ConnMode.EUTRA.A2MeasureCtrl.{i}.A2ThresholdRSRP,2,2,"LST,MOD",SJ,LST A2_MEASURE_CTRL; MOD A2_MEASURE_CTRL,chapter:SJ,A2事件RSRP门限
Device.Services.FAPService.{i}.CellConfig.LTE.RAN.Mobility.ConnMode.EUTRA.A2MeasureCtrl.{i}.A2ThresholdRSRQ,2,2,"LST,MOD",SJ,LST A2_MEASURE_CTRL; MOD A2_MEASURE_CTRL,chapter:SJ,A2事件RSRQ门限
Device.Services.FAPService.{i}.CellConfig.LTE.RAN.Mobility.ConnMode.EUTRA.A2MeasureCtrl.{i}.Enable,2,2,"LST,MOD",SJ,LST A2_MEASURE_CTRL; MOD A2_MEASURE_CTRL,chapter:SJ,使能开关
Device.Services.FAPService.{i}.CellConfig.LTE.RAN.Mobility.ConnMode.EUTRA.A2MeasureCtrl.{i}.Hysteresis,2,2,"LST,MOD",SJ,LST A2_MEASURE_CTRL; MOD A2_MEASURE_CTRL,chapter:SJ,迟滞值
Device.Services.FAPService.{i}.CellConfig.LTE.RAN.Mobility.ConnMode.EUTRA.A2MeasureCtrl.{i}.MaxReportCells,2,2,"LST,MOD",SJ,LST A2_MEASURE_CTRL; MOD A2_MEASURE_CTRL,chapter:SJ,最大上报小区数
Device.Services.FAPService.{i}.CellConfig.LTE.RAN.Mobility.ConnMode.EUTRA.A2MeasureCtrl.{i}.ReportAmount,2,2,"LST,MOD",SJ,LST A2_MEASURE_CTRL; MOD A2_MEASURE_CTRL,chapter:SJ,上报次数
Device.Services.FAPService.{i}.CellConfig.LTE.RAN.Mobility.ConnMode.EUTRA.A2MeasureCtrl.{i}.ReportInterval,2,2,"LST,MOD",SJ,LST A2_MEASURE_CTRL; MOD A2_MEASURE_CTRL,chapter:SJ,上报间隔
Device.Services.FAPService.{i}.CellConfig.LTE.RAN.Mobility.ConnMode.EUTRA.A2MeasureCtrl.{i}.ReportQuantity,2,2,"LST,MOD",SJ,LST A2_MEASURE_CTRL; MOD A2_MEASURE_CTRL,chapter:SJ,上报量
Device.Services.FAPService.{i}.CellConfig.LTE.RAN.Mobility.ConnMode.EUTRA.A2MeasureCtrl.{i}.TimeToTrigger,2,2,"LST,MOD",SJ,LST A2_MEASURE_CTRL; MOD A2_MEASURE_CTRL,chapter:SJ,触发时间
Device.Services.FAPService.{i}.CellConfig.LTE.RAN.Mobility.ConnMode.EUTRA.A2MeasureCtrl.{i}.TriggerQuantity,2,2,"LST,MOD",SJ,LST A2_MEASURE_CTRL; MOD A2_MEASURE_CTRL,chapter:SJ,触发量
Device.Services.FAPService.{i}.CellConfig.LTE.RAN.Mobility.ConnMode.EUTRA.A2ThresholdRSRP,2,2,"LST,MOD",SJ,LST CONN_MODE_EUTRA; MOD CONN_MODE_EUTRA,chapter:SJ,
Device.Services.FAPService.{i}.CellConfig.LTE.RAN.Mobility.ConnMode.EUTRA.A3MeasureCtrl.{i}.A3Offset,2,2,"LST,MOD",SJ,LST A3_MEASURE_CTRL; MOD A3_MEASURE_CTRL,chapter:SJ,A3事件门限
Device.Services.FAPService.{i}.CellConfig.LTE.RAN.Mobility.ConnMode.EUTRA.A3MeasureCtrl.{i}.Enable,2,2,"LST,MOD",SJ,LST A3_MEASURE_CTRL; MOD A3_MEASURE_CTRL,chapter:SJ,使能开关
Device.Services.FAPService.{i}.CellConfig.LTE.RAN.Mobility.ConnMode.EUTRA.A3MeasureCtrl.{i}.Hysteresis,2,2,"LST,MOD",SJ,LST A3_MEASURE_CTRL; MOD A3_MEASURE_CTRL,chapter:SJ,迟滞值
Device.Services.FAPService.{i}.CellConfig.LTE.RAN.Mobility.ConnMode.EUTRA.A3MeasureCtrl.{i}.MaxReportCells,2,2,"LST,MOD",SJ,LST A3_MEASURE_CTRL; MOD A3_MEASURE_CTRL,chapter:SJ,最大上报小区数
Device.Services.FAPService.{i}.CellConfig.LTE.RAN.Mobility.ConnMode.EUTRA.A3MeasureCtrl.{i}.ReportAmount,2,2,"LST,MOD",SJ,LST A3_MEASURE_CTRL; MOD A3_MEASURE_CTRL,chapter:SJ,上报次数
Device.Services.FAPService.{i}.CellConfig.LTE.RAN.Mobility.ConnMode.EUTRA.A3MeasureCtrl.{i}.ReportInterval,2,2,"LST,MOD",SJ,LST A3_MEASURE_CTRL; MOD A3_MEASURE_CTRL,chapter:SJ,上报间隔
Device.Services.FAPService.{i}.CellConfig.LTE.RAN.Mobility.ConnMode.EUTRA.A3MeasureCtrl.{i}.ReportOnLeave,2,2,"LST,MOD",SJ,LST A3_MEASURE_CTRL; MOD A3_MEASURE_CTRL,chapter:SJ,A3事件离开上报指示
Device.Services.FAPService.{i}.CellConfig.LTE.RAN.Mobility.ConnMode.EUTRA.A3MeasureCtrl.{i}.ReportQuantity,2,2,"LST,MOD",SJ,LST A3_MEASURE_CTRL; MOD A3_MEASURE_CTRL,chapter:SJ,上报量
Device.Services.FAPService.{i}.CellConfig.LTE.RAN.Mobility.ConnMode.EUTRA.A3MeasureCtrl.{i}.TimeToTrigger,2,2,"LST,MOD",SJ,LST A3_MEASURE_CTRL; MOD A3_MEASURE_CTRL,chapter:SJ,触发时间
Device.Services.FAPService.{i}.CellConfig.LTE.RAN.Mobility.ConnMode.EUTRA.A3MeasureCtrl.{i}.TriggerQuantity,2,2,"LST,MOD",SJ,LST A3_MEASURE_CTRL; MOD A3_MEASURE_CTRL,chapter:SJ,触发量
Device.Services.FAPService.{i}.CellConfig.LTE.RAN.Mobility.ConnMode.EUTRA.A4MeasureCtrl.{i}.A4ThresholdRSRP,2,2,"LST,MOD",SJ,LST A4_MEASURE_CTRL; MOD A4_MEASURE_CTRL,chapter:SJ,A4事件RSRP门限
Device.Services.FAPService.{i}.CellConfig.LTE.RAN.Mobility.ConnMode.EUTRA.A4MeasureCtrl.{i}.A4ThresholdRSRQ,2,2,"LST,MOD",SJ,LST A4_MEASURE_CTRL; MOD A4_MEASURE_CTRL,chapter:SJ,A4事件RSRQ门限
Device.Services.FAPService.{i}.CellConfig.LTE.RAN.Mobility.ConnMode.EUTRA.A4MeasureCtrl.{i}.Enable,2,2,"LST,MOD",SJ,LST A4_MEASURE_CTRL; MOD A4_MEASURE_CTRL,chapter:SJ,使能开关
Device.Services.FAPService.{i}.CellConfig.LTE.RAN.Mobility.ConnMode.EUTRA.A4MeasureCtrl.{i}.Hysteresis,2,2,"LST,MOD",SJ,LST A4_MEASURE_CTRL; MOD A4_MEASURE_CTRL,chapter:SJ,迟滞值
Device.Services.FAPService.{i}.CellConfig.LTE.RAN.Mobility.ConnMode.EUTRA.A4MeasureCtrl.{i}.MaxReportCells,2,2,"LST,MOD",SJ,LST A4_MEASURE_CTRL; MOD A4_MEASURE_CTRL,chapter:SJ,最大上报小区数
Device.Services.FAPService.{i}.CellConfig.LTE.RAN.Mobility.ConnMode.EUTRA.A4MeasureCtrl.{i}.ReportAmount,2,2,"LST,MOD",SJ,LST A4_MEASURE_CTRL; MOD A4_MEASURE_CTRL,chapter:SJ,上报次数
Device.Services.FAPService.{i}.CellConfig.LTE.RAN.Mobility.ConnMode.EUTRA.A4MeasureCtrl.{i}.ReportInterval,2,2,"LST,MOD",SJ,LST A4_MEASURE_CTRL; MOD A4_MEASURE_CTRL,chapter:SJ,上报间隔
Device.Services.FAPService.{i}.CellConfig.LTE.RAN.Mobility.ConnMode.EUTRA.A4MeasureCtrl.{i}.ReportQuantity,2,2,"LST,MOD",SJ,LST A4_MEASURE_CTRL; MOD A4_MEASURE_CTRL,chapter:SJ,上报量
Device.Services.FAPService.{i}.CellConfig.LTE.RAN.Mobility.ConnMode.EUTRA.A4MeasureCtrl.{i}.TimeToTrigger,2,2,"LST,MOD",SJ,LST A4_MEASURE_CTRL; MOD A4_MEASURE_CTRL,chapter:SJ,触发时间
Device.Services.FAPService.{i}.CellConfig.LTE.RAN.Mobility.ConnMode.EUTRA.A4MeasureCtrl.{i}.TriggerQuantity,2,2,"LST,MOD",SJ,LST A4_MEASURE_CTRL; MOD A4_MEASURE_CTRL,chapter:SJ,触发量
Device.Services.FAPService.{i}.CellConfig.LTE.RAN.Mobility.ConnMode.EUTRA.A5MeasureCtrl.{i}.A5Threshold1RSRP,2,2,"LST,MOD",SJ,LST A5_MEASURE_CTRL; MOD A5_MEASURE_CTRL,chapter:SJ,A5事件RSRP门限1
Device.Services.FAPService.{i}.CellConfig.LTE.RAN.Mobility.ConnMode.EUTRA.A5MeasureCtrl.{i}.A5Threshold1RSRQ,2,2,"LST,MOD",SJ,LST A5_MEASURE_CTRL; MOD A5_MEASURE_CTRL,chapter:SJ,A5事件RSRQ门限1
Device.Services.FAPService.{i}.CellConfig.LTE.RAN.Mobility.ConnMode.EUTRA.A5MeasureCtrl.{i}.A5Threshold2RSRP,2,2,"LST,MOD",SJ,LST A5_MEASURE_CTRL; MOD A5_MEASURE_CTRL,chapter:SJ,A5事件RSRP门限2
Device.Services.FAPService.{i}.CellConfig.LTE.RAN.Mobility.ConnMode.EUTRA.A5MeasureCtrl.{i}.A5Threshold2RSRQ,2,2,"LST,MOD",SJ,LST A5_MEASURE_CTRL; MOD A5_MEASURE_CTRL,chapter:SJ,A5事件RSRQ门限2
Device.Services.FAPService.{i}.CellConfig.LTE.RAN.Mobility.ConnMode.EUTRA.A5MeasureCtrl.{i}.Enable,2,2,"LST,MOD",SJ,LST A5_MEASURE_CTRL; MOD A5_MEASURE_CTRL,chapter:SJ,使能开关
Device.Services.FAPService.{i}.CellConfig.LTE.RAN.Mobility.ConnMode.EUTRA.A5MeasureCtrl.{i}.Hysteresis,2,2,"LST,MOD",SJ,LST A5_MEASURE_CTRL; MOD A5_MEASURE_CTRL,chapter:SJ,迟滞值
Device.Services.FAPService.{i}.CellConfig.LTE.RAN.Mobility.ConnMode.EUTRA.A5MeasureCtrl.{i}.MaxReportCells,2,2,"LST,MOD",SJ,LST A5_MEASURE_CTRL; MOD A5_MEASURE_CTRL,chapter:SJ,最大上报小区数
Device.Services.FAPService.{i}.CellConfig.LTE.RAN.Mobility.ConnMode.EUTRA.A5MeasureCtrl.{i}.ReportAmount,2,2,"LST,MOD",SJ,LST A5_MEASURE_CTRL; MOD A5_MEASURE_CTRL,chapter:SJ,上报次数
Device.Services.FAPService.{i}.CellConfig.LTE.RAN.Mobility.ConnMode.EUTRA.A5MeasureCtrl.{i}.ReportInterval,2,2,"LST,MOD",SJ,LST A5_MEASURE_CTRL; MOD A5_MEASURE_CTRL,chapter:SJ,上报间隔
Device.Services.FAPService.{i}.CellConfig.LTE.RAN.Mobility.ConnMode.EUTRA.A5MeasureCtrl.{i}.ReportQuantity,2,2,"LST,MOD",SJ,LST A5_MEASURE_CTRL; MOD A5_MEASURE_CTRL,chapter:SJ,上报量
Device.Services.FAPService.{i}.CellConfig.LTE.RAN.Mobility.ConnMode.EUTRA.A5MeasureCtrl.{i}.TimeToTrigger,2,2,"LST,MOD",SJ,LST A5_MEASURE_CTRL; MOD A5_MEASURE_CTRL,chapter:SJ,触发时间
Device.Services.FAPService.{i}.CellConfig.LTE.RAN.Mobility.ConnMode.EUTRA.A5MeasureCtrl.{i}.TriggerQuantity,2,2,"LST,MOD",SJ,LST A5_MEASURE_CTRL; MOD A5_MEASURE_CTRL,chapter:SJ,触发量
Device.Services.FAPService.{i}.CellConfig.LTE.RAN.Mobility.ConnMode.EUTRA.Hysteresis,2,2,"LST,MOD",SJ,LST CONN_MODE_EUTRA; MOD CONN_MODE_EUTRA,chapter:SJ,
Device.Services.FAPService.{i}.CellConfig.LTE.RAN.Mobility.ConnMode.EUTRA.MeasureCtrl.Smeasure,2,2,"LST,MOD",SJ,LST CONN_MODE_EUTRA; MOD CONN_MODE_EUTRA,chapter:SJ,测量启动门限
Device.Services.FAPService.{i}.CellConfig.LTE.RAN.Mobility.ConnMode.EUTRA.PeriodMeasCtrl.{i}.MaxReportCells,2,2,"LST,MOD",SJ,LST PERIOD_MEAS_CTRL; MOD PERIOD_MEAS_CTRL,chapter:SJ,小区的最大数目
Device.Services.FAPService.{i}.CellConfig.LTE.RAN.Mobility.ConnMode.EUTRA.PeriodMeasCtrl.{i}.MeasurePurpose,2,2,"LST,MOD",SJ,LST PERIOD_MEAS_CTRL; MOD PERIOD_MEAS_CTRL,chapter:SJ,测量目的
Device.Services.FAPService.{i}.CellConfig.LTE.RAN.Mobility.ConnMode.EUTRA.PeriodMeasCtrl.{i}.ReportAmount,2,2,"LST,MOD",SJ,LST PERIOD_MEAS_CTRL; MOD PERIOD_MEAS_CTRL,chapter:SJ,测量报告次数
Device.Services.FAPService.{i}.CellConfig.LTE.RAN.Mobility.ConnMode.EUTRA.PeriodMeasCtrl.{i}.ReportInterval,2,2,"LST,MOD",SJ,LST PERIOD_MEAS_CTRL; MOD PERIOD_MEAS_CTRL,chapter:SJ,周期性测量报告
Device.Services.FAPService.{i}.CellConfig.LTE.RAN.Mobility.ConnMode.EUTRA.TimeToTrigger,2,2,"LST,MOD",SJ,LST CONN_MODE_EUTRA; MOD CONN_MODE_EUTRA,chapter:SJ,
Device.Services.FAPService.{i}.CellConfig.LTE.RAN.Mobility.ConnMode.IRAT.B1MeasureCtrl.{i}.B1ThresholdCDMA2000,2,2,"LST,MOD",SJ,LST B1_MEASURE_CTRL; MOD B1_MEASURE_CTRL,chapter:SJ,B1事件门限(CDMA2000)
Device.Services.FAPService.{i}.CellConfig.LTE.RAN.Mobility.ConnMode.IRAT.B1MeasureCtrl.{i}.B1ThresholdGERAN,2,2,"LST,MOD",SJ,LST B1_MEASURE_CTRL; MOD B1_MEASURE_CTRL,chapter:SJ,B1事件门限(GERAN)
Device.Services.FAPService.{i}.CellConfig.LTE.RAN.Mobility.ConnMode.IRAT.B1MeasureCtrl.{i}.B1ThresholdUTRAEcN0,2,2,"LST,MOD",SJ,LST B1_MEASURE_CTRL; MOD B1_MEASURE_CTRL,chapter:SJ,B1事件EcN0门限(UTRA)
Device.Services.FAPService.{i}.CellConfig.LTE.RAN.Mobility.ConnMode.IRAT.B1MeasureCtrl.{i}.B1ThresholdUTRARSCP,2,2,"LST,MOD",SJ,LST B1_MEASURE_CTRL; MOD B1_MEASURE_CTRL,chapter:SJ,B1事件RSCP门限(UTRA)
Device.Services.FAPService.{i}.CellConfig.LTE.RAN.Mobility.ConnMode.IRAT.B1MeasureCtrl.{i}.Enable,2,2,"LST,MOD",SJ,LST B1_MEASURE_CTRL; MOD B1_MEASURE_CTRL,chapter:SJ,使能开关
Device.Services.FAPService.{i}.CellConfig.LTE.RAN.Mobility.ConnMode.IRAT.B1MeasureCtrl.{i}.Hysteresis,2,2,"LST,MOD",SJ,LST B1_MEASURE_CTRL; MOD B1_MEASURE_CTRL,chapter:SJ,迟滞值
Device.Services.FAPService.{i}.CellConfig.LTE.RAN.Mobility.ConnMode.IRAT.B1MeasureCtrl.{i}.MaxReportCells,2,2,"LST,MOD",SJ,LST B1_MEASURE_CTRL; MOD B1_MEASURE_CTRL,chapter:SJ,最大上报小区数
Device.Services.FAPService.{i}.CellConfig.LTE.RAN.Mobility.ConnMode.IRAT.B1MeasureCtrl.{i}.ReportAmount,2,2,"LST,MOD",SJ,LST B1_MEASURE_CTRL; MOD B1_MEASURE_CTRL,chapter:SJ,上报次数
Device.Services.FAPService.{i}.CellConfig.LTE.RAN.Mobility.ConnMode.IRAT.B1MeasureCtrl.{i}.ReportInterval,2,2,"LST,MOD",SJ,LST B1_MEASURE_CTRL; MOD B1_MEASURE_CTRL,chapter:SJ,上报间隔
Device.Services.FAPService.{i}.CellConfig.LTE.RAN.Mobility.ConnMode.IRAT.B1MeasureCtrl.{i}.TimeToTrigger,2,2,"LST,MOD",SJ,LST B1_MEASURE_CTRL; MOD B1_MEASURE_CTRL,chapter:SJ,触发时间
Device.Services.FAPService.{i}.CellConfig.LTE.RAN.Mobility.ConnMode.IRAT.B2MeasureCtrl.{i}.B2Threshold1EutraRSRP,2,2,"LST,MOD",SJ,LST B2_MEASURE_CTRL; MOD B2_MEASURE_CTRL,chapter:SJ,B2事件RSRP门限(EUTRA)
Device.Services.FAPService.{i}.CellConfig.LTE.RAN.Mobility.ConnMode.IRAT.B2MeasureCtrl.{i}.B2Threshold1EutraRSRQ,2,2,"LST,MOD",SJ,LST B2_MEASURE_CTRL; MOD B2_MEASURE_CTRL,chapter:SJ,B2事件RSRQ门限(EUTRA)
Device.Services.FAPService.{i}.CellConfig.LTE.RAN.Mobility.ConnMode.IRAT.B2MeasureCtrl.{i}.B2Threshold2CDMA2000,2,2,"LST,MOD",SJ,LST B2_MEASURE_CTRL; MOD B2_MEASURE_CTRL,chapter:SJ,B2事件门限(CDMA2000)
Device.Services.FAPService.{i}.CellConfig.LTE.RAN.Mobility.ConnMode.IRAT.B2MeasureCtrl.{i}.B2Threshold2GERAN,2,2,"LST,MOD",SJ,LST B2_MEASURE_CTRL; MOD B2_MEASURE_CTRL,chapter:SJ,B2事件门限(GERAN)
Device.Services.FAPService.{i}.CellConfig.LTE.RAN.Mobility.ConnMode.IRAT.B2MeasureCtrl.{i}.B2Threshold2UTRAEcN0,2,2,"LST,MOD",SJ,LST B2_MEASURE_CTRL; MOD B2_MEASURE_CTRL,chapter:SJ,B2事件EcN0门限(UTRA)
Device.Services.FAPService.{i}.CellConfig.LTE.RAN.Mobility.ConnMode.IRAT.B2MeasureCtrl.{i}.B2Threshold2UTRARSCP,2,2,"LST,MOD",SJ,LST B2_MEASURE_CTRL; MOD B2_MEASURE_CTRL,chapter:SJ,B2触发RSCP门限(UTRA)
Device.Services.FAPService.{i}.CellConfig.LTE.RAN.Mobility.ConnMode.IRAT.B2MeasureCtrl.{i}.Enable,2,2,"LST,MOD",SJ,LST B2_MEASURE_CTRL; MOD B2_MEASURE_CTRL,chapter:SJ,使能开关
Device.Services.FAPService.{i}.CellConfig.LTE.RAN.Mobility.ConnMode.IRAT.B2MeasureCtrl.{i}.Hysteresis,2,2,"LST,MOD",SJ,LST B2_MEASURE_CTRL; MOD B2_MEASURE_CTRL,chapter:SJ,迟滞值
Device.Services.FAPService.{i}.CellConfig.LTE.RAN.Mobility.ConnMode.IRAT.B2MeasureCtrl.{i}.MaxReportCells,2,2,"LST,MOD",SJ,LST B2_MEASURE_CTRL; MOD B2_MEASURE_CTRL,chapter:SJ,最大上报小区数
Device.Services.FAPService.{i}.CellConfig.LTE.RAN.Mobility.ConnMode.IRAT.B2MeasureCtrl.{i}.ReportAmount,2,2,"LST,MOD",SJ,LST B2_MEASURE_CTRL; MOD B2_MEASURE_CTRL,chapter:SJ,上报次数
Device.Services.FAPService.{i}.CellConfig.LTE.RAN.Mobility.ConnMode.IRAT.B2MeasureCtrl.{i}.ReportInterval,2,2,"LST,MOD",SJ,LST B2_MEASURE_CTRL; MOD B2_MEASURE_CTRL,chapter:SJ,上报间隔
Device.Services.FAPService.{i}.CellConfig.LTE.RAN.Mobility.ConnMode.IRAT.B2MeasureCtrl.{i}.TimeToTrigger,2,2,"LST,MOD",SJ,LST B2_MEASURE_CTRL; MOD B2_MEASURE_CTRL,chapter:SJ,触发时间
Device.Services.FAPService.{i}.CellConfig.LTE.RAN.Mobility.ConnMode.IRAT.MeasQuantityGERAN,2,2,"LST,MOD",SJ,LST CONN_MODE_IRAT; MOD CONN_MODE_IRAT,chapter:SJ,GERAN测量量
Device.Services.FAPService.{i}.CellConfig.LTE.RAN.Mobility.ConnMode.IRAT.MeasQuantityUTRAFDD,2,2,"LST,MOD",SJ,LST CONN_MODE_IRAT; MOD CONN_MODE_IRAT,chapter:SJ,UTRA测量量
Device.Services.FAPService.{i}.CellConfig.LTE.RAN.Mobility.ConnMode.IRAT.QoffsetGERAN,2,2,"LST,MOD",SJ,LST CONN_MODE_IRAT; MOD CONN_MODE_IRAT,chapter:SJ,GERAN频点偏移量
Device.Services.FAPService.{i}.CellConfig.LTE.RAN.Mobility.ConnMode.IRAT.QoffsetUTRA,2,2,"LST,MOD",SJ,LST CONN_MODE_IRAT; MOD CONN_MODE_IRAT,chapter:SJ,UTRA频点偏移量
Device.Services.FAPService.{i}.CellConfig.LTE.RAN.Mobility.IdleMode.Common.IntraFreqReselection,2,2,"LST,MOD",SJ,LST MOBILITY_IDLE_MODE; MOD MOBILITY_IDLE_MODE,chapter:SJ,同频重选指示
Device.Services.FAPService.{i}.CellConfig.LTE.RAN.Mobility.IdleMode.Common.NCellChangeHigh,2,2,"LST,MOD",SJ,LST MOBILITY_IDLE_MODE; MOD MOBILITY_IDLE_MODE,chapter:SJ,进入高速重选次数门限
Device.Services.FAPService.{i}.CellConfig.LTE.RAN.Mobility.IdleMode.Common.NCellChangeMedium,2,2,"LST,MOD",SJ,LST MOBILITY_IDLE_MODE; MOD MOBILITY_IDLE_MODE,chapter:SJ,进入中速重选次数门限
Device.Services.FAPService.{i}.CellConfig.LTE.RAN.Mobility.IdleMode.Common.QHystSFHigh,2,2,"LST,MOD",SJ,LST MOBILITY_IDLE_MODE; MOD MOBILITY_IDLE_MODE,chapter:SJ,Qhyst比例因子(高速)
Device.Services.FAPService.{i}.CellConfig.LTE.RAN.Mobility.IdleMode.Common.QHystSFMedium,2,2,"LST,MOD",SJ,LST MOBILITY_IDLE_MODE; MOD MOBILITY_IDLE_MODE,chapter:SJ,Qhyst比例因子(中速)
Device.Services.FAPService.{i}.CellConfig.LTE.RAN.Mobility.IdleMode.Common.Qhyst,2,2,"LST,MOD",SJ,LST MOBILITY_IDLE_MODE; MOD MOBILITY_IDLE_MODE,chapter:SJ,服务小区重选迟滞值
Device.Services.FAPService.{i}.CellConfig.LTE.RAN.Mobility.IdleMode.Common.TEvaluation,2,2,"LST,MOD",SJ,LST MOBILITY_IDLE_MODE; MOD MOBILITY_IDLE_MODE,chapter:SJ,允许小区重选数目的间隔时间
Device.Services.FAPService.{i}.CellConfig.LTE.RAN.Mobility.IdleMode.Common.THystNormal,2,2,"LST,MOD",SJ,LST MOBILITY_IDLE_MODE; MOD MOBILITY_IDLE_MODE,chapter:SJ,正常状态附加判决时长
Device.Services.FAPService.{i}.CellConfig.LTE.RAN.Mobility.IdleMode.IRAT.GERAN.GERANFreqGroup.{i}.BCCHARFCN,2,2,"LST,MOD",SJ,LST GERAN_FREQ_GROUP; MOD GERAN_FREQ_GROUP,chapter:SJ,GERAN小区频点
Device.Services.FAPService.{i}.CellConfig.LTE.RAN.Mobility.IdleMode.IRAT.GERAN.GERANFreqGroup.{i}.CellReselectionPriority,2,2,"LST,MOD",SJ,LST GERAN_FREQ_GROUP; MOD GERAN_FREQ_GROUP,chapter:SJ,异系统GERAN重选优先级配置
Device.Services.FAPService.{i}.CellConfig.LTE.RAN.Mobility.IdleMode.IRAT.GERAN.GERANFreqGroup.{i}.PMaxGERAN,2,2,"LST,MOD",SJ,LST GERAN_FREQ_GROUP; MOD GERAN_FREQ_GROUP,chapter:SJ,UE最大许可传输功率
Device.Services.FAPService.{i}.CellConfig.LTE.RAN.Mobility.IdleMode.IRAT.GERAN.GERANFreqGroup.{i}.QRxLevMin,2,2,"LST,MOD",SJ,LST GERAN_FREQ_GROUP; MOD GERAN_FREQ_GROUP,chapter:SJ,GERAN最低接收电平
Device.Services.FAPService.{i}.CellConfig.LTE.RAN.Mobility.IdleMode.IRAT.GERAN.GERANFreqGroup.{i}.ThreshXHigh,2,2,"LST,MOD",SJ,LST GERAN_FREQ_GROUP; MOD GERAN_FREQ_GROUP,chapter:SJ,GERAN高优先级重选门限值
Device.Services.FAPService.{i}.CellConfig.LTE.RAN.Mobility.IdleMode.IRAT.GERAN.GERANFreqGroup.{i}.ThreshXLow,2,2,"LST,MOD",SJ,LST GERAN_FREQ_GROUP; MOD GERAN_FREQ_GROUP,chapter:SJ,GERAN低优先级重选门限值
Device.Services.FAPService.{i}.CellConfig.LTE.RAN.Mobility.IdleMode.IRAT.GERAN.TReselectionGERAN,2,2,"LST,MOD",SJ,LST IDLE_MODE_IRAT; MOD IDLE_MODE_IRAT,chapter:SJ,GERAN小区重选时间
Device.Services.FAPService.{i}.CellConfig.LTE.RAN.Mobility.IdleMode.IRAT.UTRA.TReselectionUTRA,2,2,"LST,MOD",SJ,LST IDLE_MODE_IRAT; MOD IDLE_MODE_IRAT,chapter:SJ,UTRAN小区重选时间
Device.Services.FAPService.{i}.CellConfig.LTE.RAN.Mobility.IdleMode.IRAT.UTRA.UTRANFDDFreq.{i}.CellReselectionPriority,2,2,"LST,MOD",SJ,LST UTRANFDD_FREQ; MOD UTRANFDD_FREQ,chapter:SJ,UTRAN频点重选优先级
Device.Services.FAPService.{i}.CellConfig.LTE.RAN.Mobility.IdleMode.IRAT.UTRA.UTRANFDDFreq.{i}.PMaxUTRA,2,2,"LST,MOD",SJ,LST UTRANFDD_FREQ; MOD UTRANFDD_FREQ,chapter:SJ,UTRAN最大允许发射功率
Device.Services.FAPService.{i}.CellConfig.LTE.RAN.Mobility.IdleMode.IRAT.UTRA.UTRANFDDFreq.{i}.QRxLevMin,2,2,"LST,MOD",SJ,LST UTRANFDD_FREQ; MOD UTRANFDD_FREQ,chapter:SJ,UTRAN最低接收电平
Device.Services.FAPService.{i}.CellConfig.LTE.RAN.Mobility.IdleMode.IRAT.UTRA.UTRANFDDFreq.{i}.ThreshXHigh,2,2,"LST,MOD",SJ,LST UTRANFDD_FREQ; MOD UTRANFDD_FREQ,chapter:SJ,UTRAN频点高优先级重选门限
Device.Services.FAPService.{i}.CellConfig.LTE.RAN.Mobility.IdleMode.IRAT.UTRA.UTRANFDDFreq.{i}.ThreshXLow,2,2,"LST,MOD",SJ,LST UTRANFDD_FREQ; MOD UTRANFDD_FREQ,chapter:SJ,UTRAN频点低优先级重选门限
Device.Services.FAPService.{i}.CellConfig.LTE.RAN.Mobility.IdleMode.IRAT.UTRA.UTRANFDDFreq.{i}.UTRACarrierARFCN,2,2,"LST,MOD",SJ,LST UTRANFDD_FREQ; MOD UTRANFDD_FREQ,chapter:SJ,UTRAN小区频点
Device.Services.FAPService.{i}.CellConfig.LTE.RAN.Mobility.IdleMode.InterFreq.Carrier.{i}.CellReselectionPriority,2,2,"LST,MOD",SJ,LST CARRIER; MOD CARRIER,chapter:SJ,异频小区重选优先级
Device.Services.FAPService.{i}.CellConfig.LTE.RAN.Mobility.IdleMode.InterFreq.Carrier.{i}.EUTRACarrierARFCN,2,2,"LST,MOD",SJ,LST CARRIER; MOD CARRIER,chapter:SJ,EARFCN
Device.Services.FAPService.{i}.CellConfig.LTE.RAN.Mobility.IdleMode.InterFreq.Carrier.{i}.Enable,2,2,"LST,MOD",SJ,LST CARRIER; MOD CARRIER,chapter:SJ,
Device.Services.FAPService.{i}.CellConfig.LTE.RAN.Mobility.IdleMode.InterFreq.Carrier.{i}.PMax,2,2,"LST,MOD",SJ,LST CARRIER; MOD CARRIER,chapter:SJ,UE最大允许发射功率
Device.Services.FAPService.{i}.CellConfig.LTE.RAN.Mobility.IdleMode.InterFreq.Carrier.{i}.QOffsetFreq,2,2,"LST,MOD",SJ,LST CARRIER; MOD CARRIER,chapter:SJ,小区间频率偏移量
Device.Services.FAPService.{i}.CellConfig.LTE.RAN.Mobility.IdleMode.InterFreq.Carrier.{i}.QRxLevMinSIB5,2,2,"LST,MOD",SJ,LST CARRIER; MOD CARRIER,chapter:SJ,异频邻区最小接收电平
Device.Services.FAPService.{i}.CellConfig.LTE.RAN.Mobility.IdleMode.InterFreq.Carrier.{i}.TReselectionEUTRA,2,2,"LST,MOD",SJ,LST CARRIER; MOD CARRIER,chapter:SJ,异频小区重选时间
Device.Services.FAPService.{i}.CellConfig.LTE.RAN.Mobility.IdleMode.InterFreq.Carrier.{i}.TReselectionEUTRASFHigh,2,2,"LST,MOD",SJ,LST CARRIER; MOD CARRIER,chapter:SJ,TReselectionEUTRA比例因子(高速)
Device.Services.FAPService.{i}.CellConfig.LTE.RAN.Mobility.IdleMode.InterFreq.Carrier.{i}.TReselectionEUTRASFMedium,2,2,"LST,MOD",SJ,LST CARRIER; MOD CARRIER,chapter:SJ,TReselectionEUTRA比例因子(中速)
Device.Services.FAPService.{i}.CellConfig.LTE.RAN.Mobility.IdleMode.InterFreq.Carrier.{i}.ThreshXHigh,2,2,"LST,MOD",SJ,LST CARRIER; MOD CARRIER,chapter:SJ,异频高优先级重选门限
Device.Services.FAPService.{i}.CellConfig.LTE.RAN.Mobility.IdleMode.InterFreq.Carrier.{i}.ThreshXLow,2,2,"LST,MOD",SJ,LST CARRIER; MOD CARRIER,chapter:SJ,异频低优先级重选门限
Device.Services.FAPService.{i}.CellConfig.LTE.RAN.Mobility.IdleMode.IntraFreq.AllowedMeasBandwidth,2,2,"LST,MOD",SJ,LST MOBILITY_IDLE_MODE; MOD MOBILITY_IDLE_MODE,chapter:SJ,测量带宽
Device.Services.FAPService.{i}.CellConfig.LTE.RAN.Mobility.IdleMode.IntraFreq.CellReselectionPriority,2,2,"LST,MOD",SJ,LST MOBILITY_IDLE_MODE; MOD MOBILITY_IDLE_MODE,chapter:SJ,同频小区重选优先级
Device.Services.FAPService.{i}.CellConfig.LTE.RAN.Mobility.IdleMode.IntraFreq.PMax,2,2,"LST,MOD",SJ,LST MOBILITY_IDLE_MODE; MOD MOBILITY_IDLE_MODE,chapter:SJ,UE允许最大发射功率
Device.Services.FAPService.{i}.CellConfig.LTE.RAN.Mobility.IdleMode.IntraFreq.QQualMinOffsetR9,2,2,"LST,MOD",SJ,LST MOBILITY_IDLE_MODE; MOD MOBILITY_IDLE_MODE,chapter:SJ,小区选择最低接入信号质量偏置
Device.Services.FAPService.{i}.CellConfig.LTE.RAN.Mobility.IdleMode.IntraFreq.QQualMinR9Reselection,2,2,"LST,MOD",SJ,LST MOBILITY_IDLE_MODE; MOD MOBILITY_IDLE_MODE,chapter:SJ,小区重选最低接入信号质量
Device.Services.FAPService.{i}.CellConfig.LTE.RAN.Mobility.IdleMode.IntraFreq.QQualMinR9Selection,2,2,"LST,MOD",SJ,LST MOBILITY_IDLE_MODE; MOD MOBILITY_IDLE_MODE,chapter:SJ,小区选择最低接入信号质量
Device.Services.FAPService.{i}.CellConfig.LTE.RAN.Mobility.IdleMode.IntraFreq.QRxLevMinOffset,2,2,"LST,MOD",SJ,LST MOBILITY_IDLE_MODE; MOD MOBILITY_IDLE_MODE,chapter:SJ,最小接收电平偏移量
Device.Services.FAPService.{i}.CellConfig.LTE.RAN.Mobility.IdleMode.IntraFreq.QRxLevMinSIB1,2,2,"LST,MOD",SJ,LST MOBILITY_IDLE_MODE; MOD MOBILITY_IDLE_MODE,chapter:SJ,服务小区最小接收电平
Device.Services.FAPService.{i}.CellConfig.LTE.RAN.Mobility.IdleMode.IntraFreq.QRxLevMinSIB3,2,2,"LST,MOD",SJ,LST MOBILITY_IDLE_MODE; MOD MOBILITY_IDLE_MODE,chapter:SJ,同频邻区最小接收电平
Device.Services.FAPService.{i}.CellConfig.LTE.RAN.Mobility.IdleMode.IntraFreq.SIntraSearch,2,2,"LST,MOD",SJ,LST MOBILITY_IDLE_MODE; MOD MOBILITY_IDLE_MODE,chapter:SJ,同频测量启动门限
Device.Services.FAPService.{i}.CellConfig.LTE.RAN.Mobility.IdleMode.IntraFreq.SIntraSearchPR9,2,2,"LST,MOD",SJ,LST MOBILITY_IDLE_MODE; MOD MOBILITY_IDLE_MODE,chapter:SJ,同频RSRP测量启动门限
Device.Services.FAPService.{i}.CellConfig.LTE.RAN.Mobility.IdleMode.IntraFreq.SIntraSearchQR9,2,2,"LST,MOD",SJ,LST MOBILITY_IDLE_MODE; MOD MOBILITY_IDLE_MODE,chapter:SJ,同频RSRQ测量启动门限
Device.Services.FAPService.{i}.CellConfig.LTE.RAN.Mobility.IdleMode.IntraFreq.SNonIntraSearch,2,2,"LST,MOD",SJ,LST MOBILITY_IDLE_MODE; MOD MOBILITY_IDLE_MODE,chapter:SJ,非同频测量启动门限
Device.Services.FAPService.{i}.CellConfig.LTE.RAN.Mobility.IdleMode.IntraFreq.SNonIntraSearchPR9,2,2,"LST,MOD",SJ,LST MOBILITY_IDLE_MODE; MOD MOBILITY_IDLE_MODE,chapter:SJ,异频/异系统RSRP测量启动门限
Device.Services.FAPService.{i}.CellConfig.LTE.RAN.Mobility.IdleMode.IntraFreq.SNonIntraSearchQR9,2,2,"LST,MOD",SJ,LST MOBILITY_IDLE_MODE; MOD MOBILITY_IDLE_MODE,chapter:SJ,异频/异系统RSRQ测量启动门限
Device.Services.FAPService.{i}.CellConfig.LTE.RAN.Mobility.IdleMode.IntraFreq.TReselectionEUTRA,2,2,"LST,MOD",SJ,LST MOBILITY_IDLE_MODE; MOD MOBILITY_IDLE_MODE,chapter:SJ,同频小区重选时间
Device.Services.FAPService.{i}.CellConfig.LTE.RAN.Mobility.IdleMode.IntraFreq.TReselectionEUTRASFHigh,2,2,"LST,MOD",SJ,LST MOBILITY_IDLE_MODE; MOD MOBILITY_IDLE_MODE,chapter:SJ,TReselectionUTRA比例因子(高速)
Device.Services.FAPService.{i}.CellConfig.LTE.RAN.Mobility.IdleMode.IntraFreq.TReselectionEUTRASFMedium,2,2,"LST,MOD",SJ,LST MOBILITY_IDLE_MODE; MOD MOBILITY_IDLE_MODE,chapter:SJ,TReselectionUTRA比例因子(中速)
Device.Services.FAPService.{i}.CellConfig.LTE.RAN.Mobility.IdleMode.IntraFreq.ThreshServingLow,2,2,"LST,MOD",SJ,LST MOBILITY_IDLE_MODE; MOD MOBILITY_IDLE_MODE,chapter:SJ,低优先级重选门限
Device.Services.FAPService.{i}.CellConfig.LTE.RAN.Mobility.IdleMode.IntraFreq.ThreshServingLowQR9,2,2,"LST,MOD",SJ,LST MOBILITY_IDLE_MODE; MOD MOBILITY_IDLE_MODE,chapter:SJ,服务频点低优先级RSRQ重选门限
Device.Services.FAPService.{i}.CellConfig.LTE.RAN.NeighborList.InterRATCell.GSM.{i}.BCCHARFCN,2,2,"LST,MOD",SI,LST INTER_RAT_CELL_GSM; MOD INTER_RAT_CELL_GSM,chapter:SI,BCCH ARFCN
Device.Services.FAPService.{i}.CellConfig.LTE.RAN.NeighborList.InterRATCell.GSM.{i}.BSIC,2,2,"LST,MOD",SI,LST INTER_RAT_CELL_GSM; MOD INTER_RAT_CELL_GSM,chapter:SI,BSIC
Device.Services.FAPService.{i}.CellConfig.LTE.RAN.NeighborList.InterRATCell.GSM.{i}.BandIndicator,2,2,"LST,MOD",SI,LST INTER_RAT_CELL_GSM; MOD INTER_RAT_CELL_GSM,chapter:SI,频段指示
Device.Services.FAPService.{i}.CellConfig.LTE.RAN.NeighborList.InterRATCell.GSM.{i}.CI,2,2,"LST,MOD",SI,LST INTER_RAT_CELL_GSM; MOD INTER_RAT_CELL_GSM,chapter:SI,CI
Device.Services.FAPService.{i}.CellConfig.LTE.RAN.NeighborList.InterRATCell.GSM.{i}.Enable,2,2,"LST,MOD",SI,LST INTER_RAT_CELL_GSM; MOD INTER_RAT_CELL_GSM,chapter:SI,
Device.Services.FAPService.{i}.CellConfig.LTE.RAN.NeighborList.InterRATCell.GSM.{i}.LAC,2,2,"LST,MOD",SI,LST INTER_RAT_CELL_GSM; MOD INTER_RAT_CELL_GSM,chapter:SI,LAC
Device.Services.FAPService.{i}.CellConfig.LTE.RAN.NeighborList.InterRATCell.GSM.{i}.PLMNID,2,2,"LST,MOD",SI,LST INTER_RAT_CELL_GSM; MOD INTER_RAT_CELL_GSM,chapter:SI,PLMN ID
Device.Services.FAPService.{i}.CellConfig.LTE.RAN.NeighborList.InterRATCell.GSM.{i}.RAC,2,2,"LST,MOD",SI,LST INTER_RAT_CELL_GSM; MOD INTER_RAT_CELL_GSM,chapter:SI,RAC
Device.Services.FAPService.{i}.CellConfig.LTE.RAN.NeighborList.InterRATCell.UMTS.{i}.CID,2,2,"LST,MOD",SI,LST INTER_RAT_CELL_UMTS; MOD INTER_RAT_CELL_UMTS,chapter:SI,CID
Device.Services.FAPService.{i}.CellConfig.LTE.RAN.NeighborList.InterRATCell.UMTS.{i}.LAC,2,2,"LST,MOD",SI,LST INTER_RAT_CELL_UMTS; MOD INTER_RAT_CELL_UMTS,chapter:SI,LAC
Device.Services.FAPService.{i}.CellConfig.LTE.RAN.NeighborList.InterRATCell.UMTS.{i}.PCPICHScramblingCode,2,2,"LST,MOD",SI,LST INTER_RAT_CELL_UMTS; MOD INTER_RAT_CELL_UMTS,chapter:SI,Primary CPICH扰码
Device.Services.FAPService.{i}.CellConfig.LTE.RAN.NeighborList.InterRATCell.UMTS.{i}.PCPICHTxPower,2,2,"LST,MOD",SI,LST INTER_RAT_CELL_UMTS; MOD INTER_RAT_CELL_UMTS,chapter:SI,Primary CPICH发射功率
Device.Services.FAPService.{i}.CellConfig.LTE.RAN.NeighborList.InterRATCell.UMTS.{i}.PLMNID,2,2,"LST,MOD",SI,LST INTER_RAT_CELL_UMTS; MOD INTER_RAT_CELL_UMTS,chapter:SI,PLMN ID
Device.Services.FAPService.{i}.CellConfig.LTE.RAN.NeighborList.InterRATCell.UMTS.{i}.RAC,2,2,"LST,MOD",SI,LST INTER_RAT_CELL_UMTS; MOD INTER_RAT_CELL_UMTS,chapter:SI,RAC
Device.Services.FAPService.{i}.CellConfig.LTE.RAN.NeighborList.InterRATCell.UMTS.{i}.RNCID,2,2,"LST,MOD",SI,LST INTER_RAT_CELL_UMTS; MOD INTER_RAT_CELL_UMTS,chapter:SI,RNC ID
Device.Services.FAPService.{i}.CellConfig.LTE.RAN.NeighborList.InterRATCell.UMTS.{i}.UARFCNDL,2,2,"LST,MOD",SI,LST INTER_RAT_CELL_UMTS; MOD INTER_RAT_CELL_UMTS,chapter:SI,下行UARFCN
Device.Services.FAPService.{i}.CellConfig.LTE.RAN.NeighborList.InterRATCell.UMTS.{i}.UARFCNUL,2,2,"LST,MOD",SI,LST INTER_RAT_CELL_UMTS; MOD INTER_RAT_CELL_UMTS,chapter:SI,上行UARFCN
Device.Services.FAPService.{i}.CellConfig.LTE.RAN.NeighborList.InterRATCell.UMTS.{i}.URA,2,2,"LST,MOD",SI,LST INTER_RAT_CELL_UMTS; MOD INTER_RAT_CELL_UMTS,chapter:SI,URA
Device.Services.FAPService.{i}.CellConfig.LTE.RAN.NeighborList.LTECell.{i}.Blacklisted,2,2,"LST,MOD",SI,LST LTE_CELL; MOD LTE_CELL,chapter:SI,禁止切换标识
Device.Services.FAPService.{i}.CellConfig.LTE.RAN.NeighborList.LTECell.{i}.CID,2,2,"LST,MOD",SI,LST LTE_CELL; MOD LTE_CELL,chapter:SI,邻区CID
Device.Services.FAPService.{i}.CellConfig.LTE.RAN.NeighborList.LTECell.{i}.CIO,2,2,"LST,MOD",SI,LST LTE_CELL; MOD LTE_CELL,chapter:SI,小区独立偏移量
Device.Services.FAPService.{i}.CellConfig.LTE.RAN.NeighborList.LTECell.{i}.EUTRACarrierARFCN,2,2,"LST,MOD",SI,LST LTE_CELL; MOD LTE_CELL,chapter:SI,邻区EARFCN
Device.Services.FAPService.{i}.CellConfig.LTE.RAN.NeighborList.LTECell.{i}.Enable,2,2,"LST,MOD",SI,LST LTE_CELL; MOD LTE_CELL,chapter:SI,
Device.Services.FAPService.{i}.CellConfig.LTE.RAN.NeighborList.LTECell.{i}.EnbType,2,2,"LST,MOD",SI,LST LTE_CELL; MOD LTE_CELL,chapter:SI,邻区基站类型
Device.Services.FAPService.{i}.CellConfig.LTE.RAN.NeighborList.LTECell.{i}.NeighCellAddReason,2,2,"LST,MOD",SI,LST LTE_CELL; MOD LTE_CELL,chapter:SI,
Device.Services.FAPService.{i}.CellConfig.LTE.RAN.NeighborList.LTECell.{i}.NeighCellTypeContainer,2,2,"LST,MOD",SI,LST LTE_CELL; MOD LTE_CELL,chapter:SI,
Device.Services.FAPService.{i}.CellConfig.LTE.RAN.NeighborList.LTECell.{i}.PLMNID,2,2,"LST,MOD",SI,LST LTE_CELL; MOD LTE_CELL,chapter:SI,邻区PLMN ID
Device.Services.FAPService.{i}.CellConfig.LTE.RAN.NeighborList.LTECell.{i}.PhyCellID,2,2,"LST,MOD",SI,LST LTE_CELL; MOD LTE_CELL,chapter:SI,邻区PCI
Device.Services.FAPService.{i}.CellConfig.LTE.RAN.NeighborList.LTECell.{i}.QOffset,2,2,"LST,MOD",SI,LST LTE_CELL; MOD LTE_CELL,chapter:SI,小区特定偏移量
Device.Services.FAPService.{i}.CellConfig.LTE.RAN.NeighborList.LTECell.{i}.RSTxPower,2,2,"LST,MOD",SI,LST LTE_CELL; MOD LTE_CELL,chapter:SI,参考信号发射功率
Device.Services.FAPService.{i}.CellConfig.LTE.RAN.NeighborList.LTECell.{i}.TAC,2,2,"LST,MOD",SI,LST LTE_CELL; MOD LTE_CELL,chapter:SI,邻区TAC
Device.Services.FAPService.{i}.CellConfig.LTE.RAN.NeighborList.LTECell.{i}.X2Flag,2,2,"LST,MOD",SI,LST LTE_CELL; MOD LTE_CELL,chapter:SI,
Device.Services.FAPService.{i}.CellConfig.LTE.RAN.NeighborList.LTECell.{i}.X2IP,2,2,"LST,MOD",SI,LST LTE_CELL; MOD LTE_CELL,chapter:SI,
Device.Services.FAPService.{i}.CellConfig.LTE.RAN.NeighborList.LTECell.{i}.X2Status,2,2,"LST,MOD",SI,LST LTE_CELL; MOD LTE_CELL,chapter:SI,
Device.Services.FAPService.{i}.CellConfig.LTE.RAN.NeighborList.LTECell.{i}.X_COM_TAC,2,2,"LST,MOD",SI,LST LTE_CELL; MOD LTE_CELL,chapter:SI,
Device.Services.FAPService.{i}.CellConfig.LTE.RAN.PHY.MBSFN.NeighCellConfig,2,2,"LST,MOD",SH,LST PHY_MBSFN; MOD PHY_MBSFN,chapter:SH,邻区配置
Device.Services.FAPService.{i}.CellConfig.LTE.RAN.PHY.MBSFN.SFConfigList.{i}.RadioFrameAllocationPeriod,2,2,"LST,MOD",SH,LST SF_CONFIG_LIST; MOD SF_CONFIG_LIST,chapter:SH,无线帧分配周期
Device.Services.FAPService.{i}.CellConfig.LTE.RAN.PHY.MBSFN.SFConfigList.{i}.RadioFrameAllocationSize,2,2,"LST,MOD",SH,LST SF_CONFIG_LIST; MOD SF_CONFIG_LIST,chapter:SH,MBSFN连续无线帧数
Device.Services.FAPService.{i}.CellConfig.LTE.RAN.PHY.MBSFN.SFConfigList.{i}.RadioframeAllocationOffset,2,2,"LST,MOD",SH,LST SF_CONFIG_LIST; MOD SF_CONFIG_LIST,chapter:SH,无线帧分配偏置
Device.Services.FAPService.{i}.CellConfig.LTE.RAN.PHY.MBSFN.SFConfigList.{i}.SubFrameAllocations,2,2,"LST,MOD",SH,LST SF_CONFIG_LIST; MOD SF_CONFIG_LIST,chapter:SH,MBSFN子帧分配样式
Device.Services.FAPService.{i}.CellConfig.LTE.RAN.PHY.MBSFN.SFConfigList.{i}.SyncStratumID,2,2,"LST,MOD",SH,LST SF_CONFIG_LIST; MOD SF_CONFIG_LIST,chapter:SH,空口同步等级
Device.Services.FAPService.{i}.CellConfig.LTE.RAN.PHY.PDSCH.Pa,2,2,"LST,MOD",SH,LST RAN_PHY; MOD RAN_PHY,chapter:SH,小区PDSCH采用固定功率分配时的PA取值
Device.Services.FAPService.{i}.CellConfig.LTE.RAN.PHY.PDSCH.Pb,2,2,"LST,MOD",SH,LST RAN_PHY; MOD RAN_PHY,chapter:SH,天线端口信号功率比
Device.Services.FAPService.{i}.CellConfig.LTE.RAN.PHY.PRACH.ConfigurationIndex,2,2,"LST,MOD",SH,LST RAN_PHY; MOD RAN_PHY,chapter:SH,PRACH配置索引
Device.Services.FAPService.{i}.CellConfig.LTE.RAN.PHY.PRACH.FreqOffset,2,2,"LST,MOD",SH,LST RAN_PHY; MOD RAN_PHY,chapter:SH,PRACH频率偏移
Device.Services.FAPService.{i}.CellConfig.LTE.RAN.PHY.PRACH.HighSpeedFlag,2,2,"LST,MOD",SH,LST RAN_PHY; MOD RAN_PHY,chapter:SH,高速状态标识
Device.Services.FAPService.{i}.CellConfig.LTE.RAN.PHY.PRACH.RootSequenceIndex,2,2,"LST,MOD",SH,LST RAN_PHY; MOD RAN_PHY,chapter:SH,逻辑根序列索引
Device.Services.FAPService.{i}.CellConfig.LTE.RAN.PHY.PRACH.ZeroCorrelationZoneConfig,2,2,"LST,MOD",SH,LST RAN_PHY; MOD RAN_PHY,chapter:SH,零相关配置
Device.Services.FAPService.{i}.CellConfig.LTE.RAN.PHY.PRS.NumConsecutivePRSSubfames,2,2,"LST,MOD",SH,LST RAN_PHY; MOD RAN_PHY,chapter:SH,PRS连续子帧数
Device.Services.FAPService.{i}.CellConfig.LTE.RAN.PHY.PRS.NumPRSResourceBlocks,2,2,"LST,MOD",SH,LST RAN_PHY; MOD RAN_PHY,chapter:SH,PRSRB数目
Device.Services.FAPService.{i}.CellConfig.LTE.RAN.PHY.PRS.PRSConfigurationIndex,2,2,"LST,MOD",SH,LST RAN_PHY; MOD RAN_PHY,chapter:SH,PRS配置索引
Device.Services.FAPService.{i}.CellConfig.LTE.RAN.PHY.PUCCH.CQIPUCCHResourceIndex,2,2,"LST,MOD",SH,LST RAN_PHY; MOD RAN_PHY,chapter:SH,CQI报告使用PUCCH资源索引
Device.Services.FAPService.{i}.CellConfig.LTE.RAN.PHY.PUCCH.DeltaPUCCHShift,2,2,"LST,MOD",SH,LST RAN_PHY; MOD RAN_PHY,chapter:SH,PUCCH循环移位间隔
Device.Services.FAPService.{i}.CellConfig.LTE.RAN.PHY.PUCCH.K,2,2,"LST,MOD",SH,LST RAN_PHY; MOD RAN_PHY,chapter:SH,子带CQI报告带宽
Device.Services.FAPService.{i}.CellConfig.LTE.RAN.PHY.PUCCH.N1PUCCHAN,2,2,"LST,MOD",SH,LST RAN_PHY; MOD RAN_PHY,chapter:SH,SPSACK/NACK及SR预留资源数
Device.Services.FAPService.{i}.CellConfig.LTE.RAN.PHY.PUCCH.NCSAN,2,2,"LST,MOD",SH,LST RAN_PHY; MOD RAN_PHY,chapter:SH,PUCCH1/1a/1b预留资源数
Device.Services.FAPService.{i}.CellConfig.LTE.RAN.PHY.PUCCH.NRBCQI,2,2,"LST,MOD",SH,LST RAN_PHY; MOD RAN_PHY,chapter:SH,PUCCH2/2a/2b占用RB数
Device.Services.FAPService.{i}.CellConfig.LTE.RAN.PHY.PUSCH.Enable64QAM,2,2,"LST,MOD",SH,LST RAN_PHY; MOD RAN_PHY,chapter:SH,PUSCH64QAM使能开关
Device.Services.FAPService.{i}.CellConfig.LTE.RAN.PHY.PUSCH.HoppingMode,2,2,"LST,MOD",SH,LST RAN_PHY; MOD RAN_PHY,chapter:SH,PUSCH跳频模式
Device.Services.FAPService.{i}.CellConfig.LTE.RAN.PHY.PUSCH.HoppingOffset,2,2,"LST,MOD",SH,LST RAN_PHY; MOD RAN_PHY,chapter:SH,PUSCH跳频偏置
Device.Services.FAPService.{i}.CellConfig.LTE.RAN.PHY.PUSCH.NSB,2,2,"LST,MOD",SH,LST RAN_PHY; MOD RAN_PHY,chapter:SH,跳频子带个数
Device.Services.FAPService.{i}.CellConfig.LTE.RAN.PHY.PaParam.PUCCHPowerCtrlSwitch,2,2,"LST,MOD",SH,LST RAN_PHY; MOD RAN_PHY,chapter:SH,上行PUCCH闭环功控开关
Device.Services.FAPService.{i}.CellConfig.LTE.RAN.PHY.PaParam.PUSCHPowerCtrlSwitch,2,2,"LST,MOD",SH,LST RAN_PHY; MOD RAN_PHY,chapter:SH,上行PUSCH闭环功控开关
Device.Services.FAPService.{i}.CellConfig.LTE.RAN.PHY.SRS.AckNackSRSSimultaneousTransmission,2,2,"LST,MOD",SH,LST RAN_PHY; MOD RAN_PHY,chapter:SH,SRS/ACK/NACK同时传输标识
Device.Services.FAPService.{i}.CellConfig.LTE.RAN.PHY.SRS.SRSBandwidthConfig,2,2,"LST,MOD",SH,LST RAN_PHY; MOD RAN_PHY,chapter:SH,SRS带宽配置
Device.Services.FAPService.{i}.CellConfig.LTE.RAN.PHY.SRS.SRSEnabled,2,2,"LST,MOD",SH,LST RAN_PHY; MOD RAN_PHY,chapter:SH,SRS使能开关
Device.Services.FAPService.{i}.CellConfig.LTE.RAN.PHY.SRS.SRSMaxUpPTS,2,2,"LST,MOD",SH,LST RAN_PHY; MOD RAN_PHY,chapter:SH,SRSUpPTS带宽重配指示
Device.Services.FAPService.{i}.CellConfig.LTE.RAN.PHY.TDDFrame.SpecialSubframePatterns,2,2,"LST,MOD",SH,LST RAN_PHY; MOD RAN_PHY,chapter:SH,特殊子帧配置
Device.Services.FAPService.{i}.CellConfig.LTE.RAN.PHY.TDDFrame.SubFrameAssignment,2,2,"LST,MOD",SH,LST RAN_PHY; MOD RAN_PHY,chapter:SH,上下行子帧配置
Device.Services.FAPService.{i}.CellConfig.LTE.RAN.PHY.ULPowerControl.Alpha,2,2,"LST,MOD",SH,LST RAN_PHY; MOD RAN_PHY,chapter:SH,部分路损补偿系数
Device.Services.FAPService.{i}.CellConfig.LTE.RAN.PHY.ULPowerControl.DeltaMCSEnabled,2,2,"LST,MOD",SH,LST RAN_PHY; MOD RAN_PHY,chapter:SH,MCS补偿值
Device.Services.FAPService.{i}.CellConfig.LTE.RAN.PHY.ULPowerControl.P0NominalPUCCH,2,2,"LST,MOD",SH,LST RAN_PHY; MOD RAN_PHY,chapter:SH,PUCCH期望功率
Device.Services.FAPService.{i}.CellConfig.LTE.RAN.PHY.ULPowerControl.P0NominalPUSCH,2,2,"LST,MOD",SH,LST RAN_PHY; MOD RAN_PHY,chapter:SH,非持续调度期望功率
Device.Services.FAPService.{i}.CellConfig.LTE.RAN.PHY.ULPowerControl.P0NominalPUSCHPersistent,2,2,"LST,MOD",SH,LST RAN_PHY; MOD RAN_PHY,chapter:SH,持续调度期望接收功率
Device.Services.FAPService.{i}.CellConfig.LTE.RAN.RF.DLBandwidth,2,2,"LST,MOD",SF,LST FAP_SERVICE; MOD FAP_SERVICE,chapter:SF,下行带宽
Device.Services.FAPService.{i}.CellConfig.LTE.RAN.RF.EARFCNDL,2,2,"LST,MOD",SF,LST FAP_SERVICE; MOD FAP_SERVICE,chapter:SF,下行EARFCN
Device.Services.FAPService.{i}.CellConfig.LTE.RAN.RF.EARFCNUL,2,2,"LST,MOD",SF,LST FAP_SERVICE; MOD FAP_SERVICE,chapter:SF,上行EARFCN
Device.Services.FAPService.{i}.CellConfig.LTE.RAN.RF.FreqBandIndicator,2,2,"LST,MOD",SF,LST FAP_SERVICE; MOD FAP_SERVICE,chapter:SF,频带指示
Device.Services.FAPService.{i}.CellConfig.LTE.RAN.RF.PBCHPowerOffset,2,2,"LST,MOD",SF,LST FAP_SERVICE; MOD FAP_SERVICE,chapter:SF,PBCH功率偏置
Device.Services.FAPService.{i}.CellConfig.LTE.RAN.RF.PSCHPowerOffset,2,2,"LST,MOD",SF,LST FAP_SERVICE; MOD FAP_SERVICE,chapter:SF,PSCH功率偏置
Device.Services.FAPService.{i}.CellConfig.LTE.RAN.RF.PhyCellID,2,2,"LST,MOD",SF,LST FAP_SERVICE; MOD FAP_SERVICE,chapter:SF,PCI
Device.Services.FAPService.{i}.CellConfig.LTE.RAN.RF.ReferenceSignalPower,2,2,"LST,MOD",SF,LST FAP_SERVICE; MOD FAP_SERVICE,chapter:SF,参考信号功率
Device.Services.FAPService.{i}.CellConfig.LTE.RAN.RF.SSCHPowerOffset,2,2,"LST,MOD",SF,LST FAP_SERVICE; MOD FAP_SERVICE,chapter:SF,SSCH功率偏置
Device.Services.FAPService.{i}.CellConfig.LTE.RAN.RF.ULBandwidth,2,2,"LST,MOD",SF,LST FAP_SERVICE; MOD FAP_SERVICE,chapter:SF,上行带宽
Device.Services.FAPService.{i}.CellConfig.LTE.RAN.RF.UserLabel,2,2,"LST,MOD",SF,LST FAP_SERVICE; MOD FAP_SERVICE,chapter:SF,
Device.Services.FAPService.{i}.CellConfig.LTE.RAN.RRCTimers.N310,2,2,"LST,MOD",SF,LST FAP_SERVICE; MOD FAP_SERVICE,chapter:SF,T310定时器
Device.Services.FAPService.{i}.CellConfig.LTE.RAN.RRCTimers.N311,2,2,"LST,MOD",SF,LST FAP_SERVICE; MOD FAP_SERVICE,chapter:SF,T311定时器
Device.Services.FAPService.{i}.CellConfig.LTE.RAN.RRCTimers.T300,2,2,"LST,MOD",SF,LST FAP_SERVICE; MOD FAP_SERVICE,chapter:SF,T300定时器
Device.Services.FAPService.{i}.CellConfig.LTE.RAN.RRCTimers.T301,2,2,"LST,MOD",SF,LST FAP_SERVICE; MOD FAP_SERVICE,chapter:SF,T301定时器
Device.Services.FAPService.{i}.CellConfig.LTE.RAN.RRCTimers.T302,2,2,"LST,MOD",SF,LST FAP_SERVICE; MOD FAP_SERVICE,chapter:SF,T302定时器
Device.Services.FAPService.{i}.CellConfig.LTE.RAN.RRCTimers.T304EUTRA,2,2,"LST,MOD",SF,LST FAP_SERVICE; MOD FAP_SERVICE,chapter:SF,T304(EUTRA)定时器
Device.Services.FAPService.{i}.CellConfig.LTE.RAN.RRCTimers.T304IRAT,2,2,"LST,MOD",SF,LST FAP_SERVICE; MOD FAP_SERVICE,chapter:SF,T304(异系统)定时器
Device.Services.FAPService.{i}.CellConfig.LTE.RAN.RRCTimers.T310,2,2,"LST,MOD",SF,LST FAP_SERVICE; MOD FAP_SERVICE,chapter:SF,T310定时器
Device.Services.FAPService.{i}.CellConfig.LTE.RAN.RRCTimers.T311,2,2,"LST,MOD",SF,LST FAP_SERVICE; MOD FAP_SERVICE,chapter:SF,T311定时器
Device.Services.FAPService.{i}.CellConfig.LTE.RAN.RRCTimers.T320,2,2,"LST,MOD",SF,LST FAP_SERVICE; MOD FAP_SERVICE,chapter:SF,T320定时器
Device.Services.FAPService.{i}.CellConfig.LTE.RAN.RouteIndexList,2,2,"LST,MOD",SF,LST FAP_SERVICE; MOD FAP_SERVICE,chapter:SF,
Device.Services.FAPService.{i}.CellConfig.LTE.RAN.RuList,2,2,"LST,MOD",SF,LST FAP_SERVICE; MOD FAP_SERVICE,chapter:SF,
Device.Services.FAPService.{i}.CellConfig.LTE.VoLTE.PdcpInitParam.{i}.RohcEn,2,2,"LST,MOD",SF,LST PDCP_INIT_PARAM; MOD PDCP_INIT_PARAM,chapter:SF,分QCI头压缩功能开关
Device.Services.FAPService.{i}.CellConfig.LTE.VoLTEParam.SPSSwitchQCI1Ul,2,2,"LST,MOD",SF,LST FAP_SERVICE; MOD FAP_SERVICE,chapter:SF,QCI1上行SPS功能开关
Device.Services.FAPService.{i}.CellConfig.SysInfoCtrlParam.MultiBandInfoListSIB1,2,2,"LST,MOD",SF,LST FAP_SERVICE; MOD FAP_SERVICE,chapter:SF,SIB1中多频段指示参数
Device.Services.FAPService.{i}.CellConfig.SysInfoCtrlParam.MultiBandInfoListSIB5,2,2,"LST,MOD",SF,LST FAP_SERVICE; MOD FAP_SERVICE,chapter:SF,SIB5中多频段指示参数
Device.Services.FAPService.{i}.EnableX2,2,2,"LST,MOD",SF,LST FAP_SERVICE; MOD FAP_SERVICE,chapter:SF,
Device.Services.FAPService.{i}.FAPControl.LTE.SelfConfig.SONConfigParam.ANREnable,2,2,"LST,MOD",SK,LST SELF_CONFIG_SON_CONFIG_PARAM; MOD SELF_CONFIG_SON_CONFIG_PARAM,chapter:SK,ANR算法总开关
Device.Services.FAPService.{i}.FAPControl.LTE.SelfConfig.SONConfigParam.ANRGERANEnable,2,2,"LST,MOD",SK,LST SELF_CONFIG_SON_CONFIG_PARAM; MOD SELF_CONFIG_SON_CONFIG_PARAM,chapter:SK,GERAN异系统ANR算法开关
Device.Services.FAPService.{i}.FAPControl.LTE.SelfConfig.SONConfigParam.ANRInterFeqEnable,2,2,"LST,MOD",SK,LST SELF_CONFIG_SON_CONFIG_PARAM; MOD SELF_CONFIG_SON_CONFIG_PARAM,chapter:SK,E-UTRAN异频ANR算法开关
Device.Services.FAPService.{i}.FAPControl.LTE.SelfConfig.SONConfigParam.ANRUTRANEnable,2,2,"LST,MOD",SK,LST SELF_CONFIG_SON_CONFIG_PARAM; MOD SELF_CONFIG_SON_CONFIG_PARAM,chapter:SK,UTRAN异系统ANR算法开关
Device.Services.FAPService.{i}.FAPControl.LTE.SelfConfig.SONConfigParam.ARFCNEnable,2,2,"LST,MOD",SK,LST SELF_CONFIG_SON_CONFIG_PARAM; MOD SELF_CONFIG_SON_CONFIG_PARAM,chapter:SK,频点自配置算法开关
Device.Services.FAPService.{i}.FAPControl.LTE.SelfConfig.SONConfigParam.CandidateARFCNList,2,2,"LST,MOD",SK,LST SELF_CONFIG_SON_CONFIG_PARAM; MOD SELF_CONFIG_SON_CONFIG_PARAM,chapter:SK,候选频点列表
Device.Services.FAPService.{i}.FAPControl.LTE.SelfConfig.SONConfigParam.CandidatePCIList,2,2,"LST,MOD",SK,LST SELF_CONFIG_SON_CONFIG_PARAM; MOD SELF_CONFIG_SON_CONFIG_PARAM,chapter:SK,候选PCI列表
Device.Services.FAPService.{i}.FAPControl.LTE.SelfConfig.SONConfigParam.GERANSnifferChannelList,2,2,"LST,MOD",SK,LST SELF_CONFIG_SON_CONFIG_PARAM; MOD SELF_CONFIG_SON_CONFIG_PARAM,chapter:SK,GERAN侦听频道号列表
Device.Services.FAPService.{i}.FAPControl.LTE.SelfConfig.SONConfigParam.GERANSnifferEnable,2,2,"LST,MOD",SK,LST SELF_CONFIG_SON_CONFIG_PARAM; MOD SELF_CONFIG_SON_CONFIG_PARAM,chapter:SK,GERAN侦听使能
Device.Services.FAPService.{i}.FAPControl.LTE.SelfConfig.SONConfigParam.LTESnifferChannelList,2,2,"LST,MOD",SK,LST SELF_CONFIG_SON_CONFIG_PARAM; MOD SELF_CONFIG_SON_CONFIG_PARAM,chapter:SK,LTE侦听频点列表
Device.Services.FAPService.{i}.FAPControl.LTE.SelfConfig.SONConfigParam.LTESnifferFreqBandList,2,2,"LST,MOD",SK,LST SELF_CONFIG_SON_CONFIG_PARAM; MOD SELF_CONFIG_SON_CONFIG_PARAM,chapter:SK,LTE侦听频段列表
Device.Services.FAPService.{i}.FAPControl.LTE.SelfConfig.SONConfigParam.MROEnable,2,2,"LST,MOD",SK,LST SELF_CONFIG_SON_CONFIG_PARAM; MOD SELF_CONFIG_SON_CONFIG_PARAM,chapter:SK,邻区鲁棒性优化功能开关
Device.Services.FAPService.{i}.FAPControl.LTE.SelfConfig.SONConfigParam.MaxGRANNeighbourCellNum,2,2,"LST,MOD",SK,LST SELF_CONFIG_SON_CONFIG_PARAM; MOD SELF_CONFIG_SON_CONFIG_PARAM,chapter:SK,最大GERAN邻区数
Device.Services.FAPService.{i}.FAPControl.LTE.SelfConfig.SONConfigParam.MaxLTENeighbourCellNum,2,2,"LST,MOD",SK,LST SELF_CONFIG_SON_CONFIG_PARAM; MOD SELF_CONFIG_SON_CONFIG_PARAM,chapter:SK,最大LTE邻区数
Device.Services.FAPService.{i}.FAPControl.LTE.SelfConfig.SONConfigParam.MaxUTRANNeighbourCellNum,2,2,"LST,MOD",SK,LST SELF_CONFIG_SON_CONFIG_PARAM; MOD SELF_CONFIG_SON_CONFIG_PARAM,chapter:SK,最大UTRAN邻区数
Device.Services.FAPService.{i}.FAPControl.LTE.SelfConfig.SONConfigParam.PCIOptEnable,2,2,"LST,MOD",SK,LST SELF_CONFIG_SON_CONFIG_PARAM; MOD SELF_CONFIG_SON_CONFIG_PARAM,chapter:SK,PCI自优化算法开关
Device.Services.FAPService.{i}.FAPControl.LTE.SelfConfig.SONConfigParam.PCIReconfigWaitTime,2,2,"LST,MOD",SK,LST SELF_CONFIG_SON_CONFIG_PARAM; MOD SELF_CONFIG_SON_CONFIG_PARAM,chapter:SK,PCI重配等待定时器
Device.Services.FAPService.{i}.FAPControl.LTE.SelfConfig.SONConfigParam.PowerEnable,2,2,"LST,MOD",SK,LST SELF_CONFIG_SON_CONFIG_PARAM; MOD SELF_CONFIG_SON_CONFIG_PARAM,chapter:SK,功率自配置算法开关
Device.Services.FAPService.{i}.FAPControl.LTE.SelfConfig.SONConfigParam.ReSynCellEnable,2,2,"LST,MOD",SK,LST SELF_CONFIG_SON_CONFIG_PARAM; MOD SELF_CONFIG_SON_CONFIG_PARAM,chapter:SK,重新同步小区使能开关
Device.Services.FAPService.{i}.FAPControl.LTE.SelfConfig.SONConfigParam.SHEnable,2,2,"LST,MOD",SK,LST SELF_CONFIG_SON_CONFIG_PARAM; MOD SELF_CONFIG_SON_CONFIG_PARAM,chapter:SK,自治愈功能开关
Device.Services.FAPService.{i}.FAPControl.LTE.SelfConfig.SONConfigParam.SONSysMode,2,2,"LST,MOD",SK,LST SELF_CONFIG_SON_CONFIG_PARAM; MOD SELF_CONFIG_SON_CONFIG_PARAM,chapter:SK,SON系统模式
Device.Services.FAPService.{i}.FAPControl.LTE.SelfConfig.SONConfigParam.SONWorkMode,2,2,"LST,MOD",SK,LST SELF_CONFIG_SON_CONFIG_PARAM; MOD SELF_CONFIG_SON_CONFIG_PARAM,chapter:SK,SON模式设置
Device.Services.FAPService.{i}.FAPControl.LTE.SelfConfig.SONConfigParam.UTRANSnifferChannelList,2,2,"LST,MOD",SK,LST SELF_CONFIG_SON_CONFIG_PARAM; MOD SELF_CONFIG_SON_CONFIG_PARAM,chapter:SK,UTRAN侦听频道号列表
Device.Services.FAPService.{i}.FAPControl.LTE.SelfConfig.SONConfigParam.UTRANSnifferEnable,2,2,"LST,MOD",SK,LST SELF_CONFIG_SON_CONFIG_PARAM; MOD SELF_CONFIG_SON_CONFIG_PARAM,chapter:SK,UTRAN侦听使能
Device.SoftwareCtrl.AccCard1PpsDelay,2,2,"LST,MOD",SB,LST SOFTWARE_CTRL; MOD SOFTWARE_CTRL,chapter:SB,
Device.SoftwareCtrl.ActivateEnable,2,2,"LST,MOD",SB,LST SOFTWARE_CTRL; MOD SOFTWARE_CTRL,chapter:SB,激活备份版本使能开关
Device.SoftwareCtrl.ActivateTime,2,2,"LST,MOD",SB,LST SOFTWARE_CTRL; MOD SOFTWARE_CTRL,chapter:SB,软件激活时间
Device.SoftwareCtrl.AutoActivateEnable,2,2,"LST,MOD",SB,LST SOFTWARE_CTRL; MOD SOFTWARE_CTRL,chapter:SB,立即激活目标升级版本使能开关
Device.Time.Enable,2,2,"LST,MOD",SN,LST TIME; MOD TIME,chapter:SN,NTP使能开关
Device.Time.LTE_X_COM_NTP_SYNC_INTERVAL,2,2,"LST,MOD",SN,LST TIME; MOD TIME,chapter:SN,
Device.Time.LocalTimeZone,2,2,"LST,MOD",SN,LST TIME; MOD TIME,chapter:SN,本地时区
Device.Time.LocalTimeZoneName,2,2,"LST,MOD",SN,LST TIME; MOD TIME,chapter:SN,
Device.Time.NTPPort1,2,2,"LST,MOD",SN,LST TIME; MOD TIME,chapter:SN,
Device.Time.NTPPort2,2,2,"LST,MOD",SN,LST TIME; MOD TIME,chapter:SN,
Device.Time.NTPPort3,2,2,"LST,MOD",SN,LST TIME; MOD TIME,chapter:SN,
Device.Time.NTPPort4,2,2,"LST,MOD",SN,LST TIME; MOD TIME,chapter:SN,
Device.Time.NTPServer1,2,2,"LST,MOD",SN,LST TIME; MOD TIME,chapter:SN,NTP服务器1
Device.Time.NTPServer2,2,2,"LST,MOD",SN,LST TIME; MOD TIME,chapter:SN,NTP服务器2
Device.Time.NTPServer3,2,2,"LST,MOD",SN,LST TIME; MOD TIME,chapter:SN,NTP服务器3
Device.Time.NTPServer4,2,2,"LST,MOD",SN,LST TIME; MOD TIME,chapter:SN,NTP服务器4
Device.Time.NTPServer5,2,2,"LST,MOD",SN,LST TIME; MOD TIME,chapter:SN,NTP服务器5
