path_group,standard_path,access,data_type,change_applies,description
Device.Ethernet,Device.Ethernet.DefaultIpRoute.DefaultInterfaceName,READ_WRITE,STRING,Immediate,""
Device.FAP,Device.FAP.HANRU.LockBand,READ_WRITE,STRING,Immediate,""
Device.FAP,Device.FAP.HANRU.LockCellId,READ_WRITE,STRING,Immediate,""
Device.FAP,Device.FAP.HANRU.LockFrequency,READ_WRITE,STRING,Immediate,""
Device.FAP,Device.FAP.HANRU.LockParam,READ_WRITE,STRING,Immediate,""
Device.FAP,Device.FAP.HANRU.LockParamNettype,READ_WRITE,STRING,Immediate,""
Device.FAP,Device.FAP.Ipsec.{i},READ_WRITE,STRING,Immediate,""
Device.FAP,Device.FAP.Ipsec.{i}.DPDACTION,READ_WRITE,INT,Immediate,""
Device.FAP,Device.FAP.Ipsec.{i}.DPDDELAY,READ_WRITE,STRING,Immediate,""
Device.FAP,Device.FAP.Ipsec.{i}.ESP_AUTHENTICATION,READ_WRITE,INT,Immediate,""
Device.FAP,Device.FAP.Ipsec.{i}.ESP_DH_GROUP,READ_WRITE,INT,Immediate,""
Device.FAP,Device.FAP.Ipsec.{i}.ESP_ENCRYPTION,READ_WRITE,INT,Immediate,""
Device.FAP,Device.FAP.Ipsec.{i}.FRAGMENTATION,READ_WRITE,INT,Immediate,""
Device.FAP,Device.FAP.Ipsec.{i}.IKELIFETIME,READ_WRITE,STRING,Immediate,""
Device.FAP,Device.FAP.Ipsec.{i}.IKE_AUTHENTICATION,READ_WRITE,INT,Immediate,""
Device.FAP,Device.FAP.Ipsec.{i}.IKE_DH_GROUP,READ_WRITE,INT,Immediate,""
Device.FAP,Device.FAP.Ipsec.{i}.IKE_ENCRYPTION,READ_WRITE,INT,Immediate,""
Device.FAP,Device.FAP.Ipsec.{i}.KEYLIFE,READ_WRITE,STRING,Immediate,""
Device.FAP,Device.FAP.Ipsec.{i}.LEFTSOURCEIP,READ_WRITE,STRING,Immediate,""
Device.FAP,Device.FAP.Ipsec.{i}.LEFTSUBNET,READ_WRITE,STRING,Immediate,""
Device.FAP,Device.FAP.Ipsec.{i}.LEFT_AUTH,READ_WRITE,INT,Immediate,""
Device.FAP,Device.FAP.Ipsec.{i}.LEFT_CERT,READ_WRITE,STRING,Immediate,""
Device.FAP,Device.FAP.Ipsec.{i}.LEFT_IDENTIFIER,READ_WRITE,STRING,Immediate,""
Device.FAP,Device.FAP.Ipsec.{i}.LEFT_INTERFACE,READ_WRITE,STRING,Immediate,""
Device.FAP,Device.FAP.Ipsec.{i}.LEFT_SUBNET,READ_WRITE,STRING,Immediate,""
Device.FAP,Device.FAP.Ipsec.{i}.REKEYMARGIN,READ_WRITE,STRING,Immediate,""
Device.FAP,Device.FAP.Ipsec.{i}.RIGHT_AUTH,READ_WRITE,INT,Immediate,""
Device.FAP,Device.FAP.Ipsec.{i}.RIGHT_IDENTIFIER,READ_WRITE,STRING,Immediate,""
Device.FAP,Device.FAP.Ipsec.{i}.RIGHT_SUBNET,READ_WRITE,STRING,Immediate,""
Device.FAP,Device.FAP.Ipsec.{i}.SECRET_KEY,READ_WRITE,STRING,Immediate,""
Device.FAP,Device.FAP.Ipsec.{i}.STATUS,READ_WRITE,STRING,Immediate,""
Device.FAP,Device.FAP.Ipsec.{i}.TUNNEL_CONFIG_LEFTIP,READ_WRITE,STRING,Immediate,""
Device.FAP,Device.FAP.Ipsec.{i}.TUNNEL_ENABLE,READ_WRITE,BOOLEAN,Immediate,""
Device.FAP,Device.FAP.Ipsec.{i}.TUNNEL_FRAGMENTATION,READ_WRITE,STRING,Immediate,""
Device.FAP,Device.FAP.Ipsec.{i}.TUNNEL_GATEWAY,READ_WRITE,STRING,Immediate,""
Device.FAP,Device.FAP.Ipsec.{i}.TUNNEL_LEFT_AUTH,READ_WRITE,STRING,Immediate,""
Device.FAP,Device.FAP.Ipsec.{i}.TUNNEL_LEFT_CERT,READ_WRITE,STRING,Immediate,""
Device.FAP,Device.FAP.Ipsec.{i}.TUNNEL_NAME,READ_WRITE,STRING,Immediate,""
Device.FAP,Device.FAP.Ipsec.{i}.TUNNEL_RIGHT_AUTH,READ_WRITE,STRING,Immediate,""
Device.FAP,Device.FAP.Ipsec.{i}.TUNNEL_SECRET_KEY,READ_WRITE,STRING,Immediate,""
Device.FAP,Device.FAP.Ipsec.{i}.USED_SOURCE_IP,READ_WRITE,STRING,Immediate,""
Device.FAP,Device.FAP.LanConfig.LanDhcpEndIp,READ_WRITE,STRING,Immediate,""
Device.FAP,Device.FAP.LanConfig.LanDhcpNetmask,READ_WRITE,STRING,Immediate,""
Device.FAP,Device.FAP.LanConfig.LanDhcpStartIp,READ_WRITE,STRING,Immediate,""
Device.FAP,Device.FAP.LanConfig.LanNetctlSwitch,READ_WRITE,STRING,Immediate,""
Device.FAP,Device.FAP.NL.{i},READ_WRITE,STRING,Immediate,""
Device.FAP,Device.FAP.NL.{i}.band,READ_WRITE,STRING,Immediate,""
Device.FAP,Device.FAP.NL.{i}.cellID,READ_WRITE,STRING,Immediate,""
Device.FAP,Device.FAP.NL.{i}.channelNum,READ_WRITE,STRING,Immediate,""
Device.FAP,Device.FAP.NL.{i}.freqUncerThreshlod,READ_WRITE,STRING,Immediate,""
Device.FAP,Device.FAP.NL.{i}.phaseOffset,READ_WRITE,STRING,Immediate,""
Device.FAP,Device.FAP.NL.{i}.priority,READ_WRITE,STRING,Immediate,""
Device.FAP,Device.FAP.NL.{i}.syncInterval,READ_WRITE,STRING,Immediate,""
Device.FAP,Device.FAP.NL.{i}.technology,READ_WRITE,STRING,Immediate,""
Device.FAP,Device.FAP.PTP1588.DelayInterval,READ_WRITE,STRING,Immediate,""
Device.FAP,Device.FAP.PTP1588.Domain,READ_WRITE,STRING,Immediate,""
Device.FAP,Device.FAP.PTP1588.Interface,READ_WRITE,STRING,Immediate,""
Device.FAP,Device.FAP.PTP1588.IpAddr,READ_WRITE,STRING,Immediate,""
Device.FAP,Device.FAP.PTP1588.Profile,READ_WRITE,STRING,Immediate,""
Device.FAP,Device.FAP.PTP1588.ServerAddr,READ_WRITE,STRING,Immediate,""
Device.FAP,Device.FAP.PTP1588.SyncInterval,READ_WRITE,STRING,Immediate,""
Device.FAP,Device.FAP.PTP1588.Transmode,READ_WRITE,STRING,Immediate,""
Device.FAP,Device.FAP.PTP1588.UnicastMode,READ_WRITE,STRING,Immediate,""
Device.FAP,Device.FAP.PTP1588.VlanId,READ_WRITE,STRING,Immediate,""
Device.FAP,Device.FAP.Synchronization.ClockSourceSyncState,READ_ONLY,STRING,Immediate,""
Device.FAP,Device.FAP.Synchronization.PpsTimeMode,READ_WRITE,STRING,Immediate,""
Device.FAP,Device.FAP.TFCS.primSrc,READ_WRITE,INT,Immediate,""
Device.FAP,Device.FAP.TfcsParams.PrimSrc,READ_WRITE,STRING,Immediate,""
Device.FAP,Device.FAP.TfcsParams.SyncMode,READ_WRITE,STRING,Immediate,""
Device.FAP,Device.FAP.gNB.config.DhcpDns,READ_WRITE,STRING,Immediate,""
Device.FAP,Device.FAP.gNB.config.DnsType,READ_WRITE,STRING,Immediate,""
Device.FAP,Device.FAP.gNB.config.dns,READ_WRITE,STRING,Immediate,""
Device.HaltReason,Device.HaltReason.DetailReason,READ_WRITE,STRING,Immediate,""
Device.HaltReason,Device.HaltReason.MainReason,READ_WRITE,STRING,Immediate,""
Device.Https,Device.Https.HttpsEnable,READ_ONLY,BOOLEAN,Immediate,""
Device.IP,Device.IP.Interface.{i}.IPv4Address.{i}.AddressingType,READ_WRITE,STRING,Immediate,""
Device.IP,Device.IP.Interface.{i}.IPv4Address.{i}.DefaultGateway,READ_WRITE,STRING,Immediate,""
Device.IP,Device.IP.Interface.{i}.IPv4Address.{i}.IPAddress,READ_WRITE,STRING,Immediate,""
Device.IP,Device.IP.Interface.{i}.IPv4Address.{i}.SubnetMask,READ_WRITE,STRING,Immediate,""
Device.KeepalivedMgmt,Device.KeepalivedMgmt.CounterCheck,READ_ONLY,U_INT,Immediate,""
Device.KeepalivedMgmt,Device.KeepalivedMgmt.Enable,READ_ONLY,STRING,Immediate,""
Device.KeepalivedMgmt,Device.KeepalivedMgmt.LocalUplinkIpAddr,READ_ONLY,STRING,Immediate,""
Device.KeepalivedMgmt,Device.KeepalivedMgmt.ManualSwitch,READ_ONLY,STRING,Immediate,""
Device.KeepalivedMgmt,Device.KeepalivedMgmt.MaxVrrpEntries,READ_ONLY,U_INT,Immediate,""
Device.KeepalivedMgmt,Device.KeepalivedMgmt.RemoteUplinkIpAddr,READ_ONLY,STRING,Immediate,""
Device.KeepalivedMgmt,Device.KeepalivedMgmt.RouterId,READ_ONLY,STRING,Immediate,""
Device.KeepalivedMgmt,Device.KeepalivedMgmt.SecondTimeout,READ_ONLY,U_INT,Immediate,""
Device.KeepalivedMgmt,Device.KeepalivedMgmt.VrrpMgmt.Index,READ_ONLY,U_INT,Immediate,""
Device.KeepalivedMgmt,Device.KeepalivedMgmt.VrrpMgmt.{i}.AdvertInt,READ_ONLY,U_INT,Immediate,""
Device.KeepalivedMgmt,Device.KeepalivedMgmt.VrrpMgmt.{i}.DstIpAddr,READ_ONLY,STRING,Immediate,""
Device.KeepalivedMgmt,Device.KeepalivedMgmt.VrrpMgmt.{i}.Enable,READ_ONLY,STRING,Immediate,""
Device.KeepalivedMgmt,Device.KeepalivedMgmt.VrrpMgmt.{i}.Interface,READ_ONLY,STRING,Immediate,""
Device.KeepalivedMgmt,Device.KeepalivedMgmt.VrrpMgmt.{i}.MaxVirtualIpEntries,READ_ONLY,U_INT,Immediate,""
Device.KeepalivedMgmt,Device.KeepalivedMgmt.VrrpMgmt.{i}.Name,READ_ONLY,STRING,Immediate,""
Device.KeepalivedMgmt,Device.KeepalivedMgmt.VrrpMgmt.{i}.Priority,READ_ONLY,U_INT,Immediate,""
Device.KeepalivedMgmt,Device.KeepalivedMgmt.VrrpMgmt.{i}.SrcIpAddr,READ_ONLY,STRING,Immediate,""
Device.KeepalivedMgmt,Device.KeepalivedMgmt.VrrpMgmt.{i}.State,READ_ONLY,STRING,Immediate,""
Device.KeepalivedMgmt,Device.KeepalivedMgmt.VrrpMgmt.{i}.VirtualIpList.{i}.IP,READ_ONLY,STRING,Immediate,""
Device.KeepalivedMgmt,Device.KeepalivedMgmt.VrrpMgmt.{i}.VirtualIpList.{i}.Interface,READ_ONLY,STRING,Immediate,""
Device.KeepalivedMgmt,Device.KeepalivedMgmt.VrrpMgmt.{i}.VirtualIpList.{i}.Label,READ_ONLY,U_INT,Immediate,""
Device.KeepalivedMgmt,Device.KeepalivedMgmt.VrrpMgmt.{i}.VirtualIpList.{i}.NetmaskPrefix,READ_ONLY,U_INT,Immediate,""
Device.KeepalivedMgmt,Device.KeepalivedMgmt.VrrpMgmt.{i}.VirtualIpNumberOfEntries,READ_ONLY,U_INT,Immediate,""
Device.KeepalivedMgmt,Device.KeepalivedMgmt.VrrpMgmt.{i}.VirtualRouterId,READ_ONLY,U_INT,Immediate,""
Device.KeepalivedMgmt,Device.KeepalivedMgmt.VrrpNumberOfEntries,READ_ONLY,U_INT,Immediate,""
Device.LAN_HostConfigManagement,Device.LAN_HostConfigManagement.IPInterface.NRCU.F1UIpAddr,READ_WRITE,STRING,Immediate,""
Device.LAN_HostConfigManagement,Device.LAN_HostConfigManagement.IPInterface.NRCU.F1apLocalIpAddr,READ_WRITE,STRING,Immediate,""
Device.LAN_HostConfigManagement,Device.LAN_HostConfigManagement.IPInterface.NRCU.XnapLocalIpAddr,READ_WRITE,STRING,Immediate,""
Device.LAN_HostConfigManagement,Device.LAN_HostConfigManagement.IPInterface.NRDU.DuF1UIpAddr,READ_WRITE,STRING,Immediate,""
Device.LAN_HostConfigManagement,Device.LAN_HostConfigManagement.IPInterface.NRDU.DuF1apLocalIpAddr,READ_WRITE,STRING,Immediate,""
Device.LAN_HostConfigManagement,Device.LAN_HostConfigManagement.IPInterface.NRDU.DuF1apRemoteIpAddr,READ_WRITE,STRING,Immediate,""
Device.LAN_HostConfigManagement,Device.LAN_HostConfigManagement.IPInterface.NgapMgmt.NgapLocalIpAddrList,READ_WRITE,STRING,Immediate,""
Device.LAN_HostConfigManagement,Device.LAN_HostConfigManagement.IPInterface.NgapMgmt.NguLocalIpAddrList,READ_WRITE,STRING,Immediate,""
Device.Nr,Device.Nr.Ipsec.NgapIpsecBindInterface,READ_WRITE,STRING,Immediate,""
Device.Nr,Device.Nr.Ipsec.NguIpsecBindInterface,READ_WRITE,STRING,Immediate,""
Device.RemoteDeviceList,Device.RemoteDeviceList.{i}.AdminState,READ_WRITE,STRING,Immediate,""
Device.RemoteDeviceList,Device.RemoteDeviceList.{i}.ConnStatus,READ_WRITE,STRING,Immediate,""
Device.RemoteDeviceList,Device.RemoteDeviceList.{i}.HardwareVersion,READ_WRITE,STRING,Immediate,""
Device.RemoteDeviceList,Device.RemoteDeviceList.{i}.IpAddress,READ_WRITE,STRING,Immediate,""
Device.RemoteDeviceList,Device.RemoteDeviceList.{i}.LastLogin,READ_WRITE,STRING,Immediate,""
Device.RemoteDeviceList,Device.RemoteDeviceList.{i}.LastLogout,READ_WRITE,STRING,Immediate,""
Device.RemoteDeviceList,Device.RemoteDeviceList.{i}.Latitude,READ_WRITE,STRING,Immediate,""
Device.RemoteDeviceList,Device.RemoteDeviceList.{i}.Longitude,READ_WRITE,STRING,Immediate,""
Device.RemoteDeviceList,Device.RemoteDeviceList.{i}.PhyState,READ_WRITE,STRING,Immediate,""
Device.RemoteDeviceList,Device.RemoteDeviceList.{i}.SerialNumber,READ_WRITE,STRING,Immediate,""
Device.RemoteDeviceList,Device.RemoteDeviceList.{i}.SoftwareVersion,READ_WRITE,STRING,Immediate,""
Device.RemoteDeviceList,Device.RemoteDeviceList.{i}.SyncState,READ_WRITE,STRING,Immediate,""
Device.RemoteDeviceList,Device.RemoteDeviceList.{i}.TfcsSyncMgrState,READ_WRITE,STRING,Immediate,""
Device.Services,Device.Services.GsmBTSCellDT.{i}.BscSelect,READ_WRITE,STRING,Immediate,""
Device.Services,Device.Services.GsmBTSCellDT.{i}.CellStateControl,READ_WRITE,STRING,Immediate,""
Device.Services,Device.Services.GsmBTSCellDT.{i}.CurrLocAreaCode,READ_WRITE,STRING,Immediate,""
Device.Services,Device.Services.GsmBTSCellDT.{i}.CurrentArfcn,READ_WRITE,STRING,Immediate,""
Device.Services,Device.Services.GsmBTSCellDT.{i}.GsmBSIC,READ_WRITE,STRING,Immediate,""
Device.Services,Device.Services.GsmBTSCellDT.{i}.GsmBtsBand,READ_WRITE,INT,Immediate,""
Device.Services,Device.Services.GsmBTSCellDT.{i}.GsmBtsBindMib,READ_WRITE,STRING,Immediate,""
Device.Services,Device.Services.GsmBTSCellDT.{i}.GsmBtsCellActiveBefore,READ_WRITE,INT,Immediate,""
Device.Services,Device.Services.GsmBTSCellDT.{i}.GsmBtsIfname,READ_WRITE,STRING,Immediate,""
Device.Services,Device.Services.GsmBTSCellDT.{i}.GsmBtsIpAddr,READ_WRITE,STRING,Immediate,""
Device.Services,Device.Services.GsmBTSCellDT.{i}.GsmBtsRFPower,READ_WRITE,STRING,Immediate,""
Device.Services,Device.Services.GsmBTSCellDT.{i}.GsmCellID,READ_WRITE,STRING,Immediate,""
Device.Services,Device.Services.GsmBTSCellDT.{i}.GsmCellWithRuRelation,READ_WRITE,STRING,Immediate,""
Device.Services,Device.Services.GsmBTSCellDT.{i}.GsmDlPhyDelayTime,READ_WRITE,INT,Immediate,""
Device.Services,Device.Services.GsmBTSCellDT.{i}.GsmMACStubVal,READ_WRITE,STRING,Immediate,""
Device.Services,Device.Services.GsmBTSCellDT.{i}.GsmMACTraceMsgType,READ_WRITE,STRING,Immediate,""
Device.Services,Device.Services.GsmBTSCellDT.{i}.GsmMACTraceNum,READ_WRITE,STRING,Immediate,""
Device.Services,Device.Services.GsmBTSCellDT.{i}.GsmMACTtiSwitch,READ_WRITE,STRING,Immediate,""
Device.Services,Device.Services.GsmBTSCellDT.{i}.GsmUlPhyDelayTime,READ_WRITE,INT,Immediate,""
Device.Services,Device.Services.GsmBTSCellDT.{i}.IPAUnitID,READ_WRITE,STRING,Immediate,""
Device.Services,Device.Services.GsmBTSCellDT.{i}.InUse,READ_WRITE,STRING,Immediate,""
Device.Services,Device.Services.GsmBTSCellDT.{i}.MobileNetworkCode,READ_WRITE,STRING,Immediate,""
Device.Services,Device.Services.GsmBTSCellDT.{i}.NetworkCountryCode,READ_WRITE,STRING,Immediate,""
Device.Services,Device.Services.GsmBTSCellDT.{i}.OMLRemoteIP,READ_WRITE,STRING,Immediate,""
Device.Services,Device.Services.GsmBTSCellDT.{i}.OMLRemoteIPBak,READ_WRITE,STRING,Immediate,""
Device.Services,Device.Services.GsmBTSCellDT.{i}.OpState,READ_WRITE,STRING,Immediate,""
Device.Services,Device.Services.GsmBTSCellDT.{i}.PhyCatchIq,READ_WRITE,INT,Immediate,""
Device.Services,Device.Services.GsmBTSCellDT.{i}.PhyStop,READ_WRITE,INT,Immediate,""
Device.Services,Device.Services.GsmBTSCellDT.{i}.RTPJitterBuffer,READ_WRITE,INT,Immediate,""
Device.Services,Device.Services.GsmBTSCellDT.{i}.RfState,READ_WRITE,STRING,Immediate,""
Device.Services,Device.Services.GsmBTSCellDT.{i}.TrxNum,READ_ONLY,INT,Immediate,""
Device.Services,Device.Services.GsmBTSCellDT.{i}.UeCount,READ_WRITE,STRING,Immediate,""
Device.Services,Device.Services.lmt.userConfig.{i}.pass,READ_WRITE,STRING,Immediate,""
Device.Services.FAPService,Device.Services.FAPService.Device.Services.FAPService.{i}.CellConfig.LTE.RAN.RF.DLBandwidth,READ_WRITE,STRING,Immediate,""
Device.Services.FAPService,Device.Services.FAPService.EMBEDDED_EPCBearerLBOQos.{i},READ_WRITE,STRING,Immediate,""
Device.Services.FAPService,Device.Services.FAPService.EMBEDDED_EPCBearerLBOQos.{i}.ArpPci,READ_WRITE,STRING,Immediate,""
Device.Services.FAPService,Device.Services.FAPService.EMBEDDED_EPCBearerLBOQos.{i}.ArpPl,READ_WRITE,STRING,Immediate,""
Device.Services.FAPService,Device.Services.FAPService.EMBEDDED_EPCBearerLBOQos.{i}.ArpPvi,READ_WRITE,STRING,Immediate,""
Device.Services.FAPService,Device.Services.FAPService.EMBEDDED_EPCBearerLBOQos.{i}.GbrDl,READ_WRITE,STRING,Immediate,""
Device.Services.FAPService,Device.Services.FAPService.EMBEDDED_EPCBearerLBOQos.{i}.GbrUl,READ_WRITE,STRING,Immediate,""
Device.Services.FAPService,Device.Services.FAPService.EMBEDDED_EPCBearerLBOQos.{i}.MbrDl,READ_WRITE,STRING,Immediate,""
Device.Services.FAPService,Device.Services.FAPService.EMBEDDED_EPCBearerLBOQos.{i}.MbrUl,READ_WRITE,STRING,Immediate,""
Device.Services.FAPService,Device.Services.FAPService.EMBEDDED_EPCBearerLBOQos.{i}.PccId,READ_WRITE,STRING,Immediate,""
Device.Services.FAPService,Device.Services.FAPService.EMBEDDED_EPCBearerLBOQos.{i}.PccName,READ_WRITE,STRING,Immediate,""
Device.Services.FAPService,Device.Services.FAPService.EMBEDDED_EPCBearerLBOQos.{i}.PfList,READ_WRITE,STRING,Immediate,""
Device.Services.FAPService,Device.Services.FAPService.EMBEDDED_EPCBearerLBOQos.{i}.Precedence,READ_WRITE,STRING,Immediate,""
Device.Services.FAPService,Device.Services.FAPService.EMBEDDED_EPCBearerLBOQos.{i}.Qci,READ_WRITE,STRING,Immediate,""
Device.Services.FAPService,Device.Services.FAPService.EMBEDDED_EPCBearerLBOTft.{i},READ_WRITE,STRING,Immediate,""
Device.Services.FAPService,Device.Services.FAPService.EMBEDDED_EPCBearerLBOTft.{i}.AppName,READ_WRITE,STRING,Immediate,""
Device.Services.FAPService,Device.Services.FAPService.EMBEDDED_EPCBearerLBOTft.{i}.IpMask,READ_WRITE,STRING,Immediate,""
Device.Services.FAPService,Device.Services.FAPService.EMBEDDED_EPCBearerLBOTft.{i}.IpPort,READ_WRITE,STRING,Immediate,""
Device.Services.FAPService,Device.Services.FAPService.EMBEDDED_EPCBearerLBOTft.{i}.PfId,READ_WRITE,STRING,Immediate,""
Device.Services.FAPService,Device.Services.FAPService.EMBEDDED_EPCBearerLBOTft.{i}.ProtocolId,READ_WRITE,STRING,Immediate,""
Device.Services.FAPService,Device.Services.FAPService.Ipsec.IPSEC_ASN_DEBUG_LEVEL,READ_WRITE,STRING,Immediate,""
Device.Services.FAPService,Device.Services.FAPService.Ipsec.IPSEC_CFG_DEBUG_LEVEL,READ_WRITE,STRING,Immediate,""
Device.Services.FAPService,Device.Services.FAPService.Ipsec.IPSEC_CHD_DEBUG_LEVEL,READ_WRITE,STRING,Immediate,""
Device.Services.FAPService,Device.Services.FAPService.Ipsec.IPSEC_ESP_DEBUG_LEVEL,READ_WRITE,STRING,Immediate,""
Device.Services.FAPService,Device.Services.FAPService.Ipsec.IPSEC_IKE_DEBUG_LEVEL,READ_WRITE,STRING,Immediate,""
Device.Services.FAPService,Device.Services.FAPService.Ipsec.IPSEC_IMSI,READ_WRITE,STRING,Immediate,""
Device.Services.FAPService,Device.Services.FAPService.Ipsec.IPSEC_KEY,READ_WRITE,STRING,Immediate,""
Device.Services.FAPService,Device.Services.FAPService.Ipsec.IPSEC_KNL_DEBUG_LEVEL,READ_WRITE,STRING,Immediate,""
Device.Services.FAPService,Device.Services.FAPService.Ipsec.IPSEC_LIB_DEBUG_LEVEL,READ_WRITE,STRING,Immediate,""
Device.Services.FAPService,Device.Services.FAPService.Ipsec.IPSEC_MGR_DEBUG_LEVEL,READ_WRITE,STRING,Immediate,""
Device.Services.FAPService,Device.Services.FAPService.Ipsec.IPSEC_MSS,READ_WRITE,STRING,Immediate,""
Device.Services.FAPService,Device.Services.FAPService.Ipsec.IPSEC_MTU,READ_WRITE,STRING,Immediate,""
Device.Services.FAPService,Device.Services.FAPService.Ipsec.IPSEC_OPC,READ_WRITE,STRING,Immediate,""
Device.Services.FAPService,Device.Services.FAPService.Ipsec.IPSEC_PORT,READ_WRITE,STRING,Immediate,""
Device.Services.FAPService,Device.Services.FAPService.Ipsec.IPSEC_PORT_NAT_T,READ_WRITE,STRING,Immediate,""
Device.Services.FAPService,Device.Services.FAPService.Ipsec.IPSEC_RETRY_INITIATE_INTERVAL,READ_WRITE,STRING,Immediate,""
Device.Services.FAPService,Device.Services.FAPService.Ipsec.IPSEC_RIGHTIKEPORT,READ_WRITE,STRING,Immediate,""
Device.Services.FAPService,Device.Services.FAPService.Ipsec.IPSEC_USIM_ENABLE,READ_WRITE,STRING,Immediate,""
Device.Services.FAPService,Device.Services.FAPService.Ipsec.IpsecUsimAuthenticationEnable,READ_WRITE,STRING,Immediate,""
Device.Services.FAPService,Device.Services.FAPService.Ipsec.LEFT_INTERFACE,READ_WRITE,STRING,Immediate,""
Device.Services.FAPService,Device.Services.FAPService.MmePoolConfigParam.{i}.MMEIp,READ_WRITE,STRING,Immediate,""
Device.WebConfig,Device.WebConfig.WanVisitEnable,READ_WRITE,STRING,Immediate,""
DeviceGSM.BscSelect,DeviceGSM.BscSelect,READ_ONLY,STRING,Immediate,""
DeviceGSM.Bts,DeviceGSM.Bts.Index,READ_ONLY,U_INT,Immediate,""
DeviceGSM.Bts,DeviceGSM.Bts.Trx.Index,READ_ONLY,U_INT,Immediate,""
DeviceGSM.Bts,DeviceGSM.Bts.{i}.Band,READ_ONLY,U_INT,Immediate,""
DeviceGSM.Bts,DeviceGSM.Bts.{i}.Bsic,READ_ONLY,U_INT,Immediate,""
DeviceGSM.Bts,DeviceGSM.Bts.{i}.C0PowerRed,READ_ONLY,U_INT,Immediate,""
DeviceGSM.Bts,DeviceGSM.Bts.{i}.CellId,READ_ONLY,U_INT,Immediate,""
DeviceGSM.Bts,DeviceGSM.Bts.{i}.CellReselectHysteresis,READ_ONLY,U_INT,Immediate,""
DeviceGSM.Bts,DeviceGSM.Bts.{i}.CellReselectOffset,READ_ONLY,U_INT,Immediate,""
DeviceGSM.Bts,DeviceGSM.Bts.{i}.CellReselectPenaltyTime,READ_ONLY,U_INT,Immediate,""
DeviceGSM.Bts,DeviceGSM.Bts.{i}.CodecSupport,READ_ONLY,STRING,Immediate,""
DeviceGSM.Bts,DeviceGSM.Bts.{i}.GprsMode,READ_ONLY,STRING,Immediate,""
DeviceGSM.Bts,DeviceGSM.Bts.{i}.HandoverAlgorithm,READ_ONLY,STRING,Immediate,""
DeviceGSM.Bts,DeviceGSM.Bts.{i}.IpaRslIp,READ_ONLY,STRING,Immediate,""
DeviceGSM.Bts,DeviceGSM.Bts.{i}.IpaUnitId,READ_ONLY,STRING,Immediate,""
DeviceGSM.Bts,DeviceGSM.Bts.{i}.LocationAreaCode,READ_ONLY,U_INT,Immediate,""
DeviceGSM.Bts,DeviceGSM.Bts.{i}.MsMaxPower,READ_ONLY,U_INT,Immediate,""
DeviceGSM.Bts,DeviceGSM.Bts.{i}.NeighborCgiAdd,READ_ONLY,STRING,Immediate,""
DeviceGSM.Bts,DeviceGSM.Bts.{i}.NeighborCgiDel,READ_ONLY,STRING,Immediate,""
DeviceGSM.Bts,DeviceGSM.Bts.{i}.NeighborListMode,READ_ONLY,STRING,Immediate,""
DeviceGSM.Bts,DeviceGSM.Bts.{i}.NumofTrxChannel,READ_ONLY,U_INT,Immediate,""
DeviceGSM.Bts,DeviceGSM.Bts.{i}.OmlConnectState,READ_ONLY,STRING,Immediate,""
DeviceGSM.Bts,DeviceGSM.Bts.{i}.OmlIpaStreamId,READ_ONLY,STRING,Immediate,""
DeviceGSM.Bts,DeviceGSM.Bts.{i}.RachCellBarred,READ_ONLY,U_INT,Immediate,""
DeviceGSM.Bts,DeviceGSM.Bts.{i}.Si2quaterNeighborListAdd,READ_ONLY,STRING,Immediate,""
DeviceGSM.Bts,DeviceGSM.Bts.{i}.Si2quaterNeighborListDel,READ_ONLY,STRING,Immediate,""
DeviceGSM.Bts,DeviceGSM.Bts.{i}.Trx.{i}.Arfcn,READ_ONLY,U_INT,Immediate,""
DeviceGSM.Bts,DeviceGSM.Bts.{i}.Trx.{i}.MaxPowerRed,READ_ONLY,U_INT,Immediate,""
DeviceGSM.Bts,DeviceGSM.Bts.{i}.Trx.{i}.RfLocked,READ_ONLY,STRING,Immediate,""
DeviceGSM.Bts,DeviceGSM.Bts.{i}.Trx.{i}.Ts.{i}.PhyChanConfig,READ_ONLY,STRING,Immediate,""
DeviceGSM.Bts,DeviceGSM.Bts.{i}.handover,READ_ONLY,STRING,Immediate,""
DeviceGSM.Bts,DeviceGSM.Bts.{i}.handover1.maximum.distance,READ_ONLY,U_INT,Immediate,""
DeviceGSM.Bts,DeviceGSM.Bts.{i}.handover1.power.budget.hysteresis,READ_ONLY,U_INT,Immediate,""
DeviceGSM.Bts,DeviceGSM.Bts.{i}.handover1.power.budget.interval,READ_ONLY,U_INT,Immediate,""
DeviceGSM.Bts,DeviceGSM.Bts.{i}.handover1.window.rxlev.averaging,READ_ONLY,U_INT,Immediate,""
DeviceGSM.Bts,DeviceGSM.Bts.{i}.handover1.window.rxlev.neighbor.averaging,READ_ONLY,U_INT,Immediate,""
DeviceGSM.Bts,DeviceGSM.Bts.{i}.handover1.window.rxqual.averaging,READ_ONLY,U_INT,Immediate,""
DeviceGSM.Bts,DeviceGSM.Bts.{i}.handover2.afs-bias.rxlev,READ_ONLY,U_INT,Immediate,""
DeviceGSM.Bts,DeviceGSM.Bts.{i}.handover2.afs-bias.rxqual,READ_ONLY,U_INT,Immediate,""
DeviceGSM.Bts,DeviceGSM.Bts.{i}.handover2.assignment,READ_ONLY,STRING,Immediate,""
DeviceGSM.Bts,DeviceGSM.Bts.{i}.handover2.max-handovers,READ_ONLY,U_INT,Immediate,""
DeviceGSM.Bts,DeviceGSM.Bts.{i}.handover2.maximum.distance,READ_ONLY,U_INT,Immediate,""
DeviceGSM.Bts,DeviceGSM.Bts.{i}.handover2.min-free-slots.tch-f,READ_ONLY,U_INT,Immediate,""
DeviceGSM.Bts,DeviceGSM.Bts.{i}.handover2.min-free-slots.tch-h,READ_ONLY,U_INT,Immediate,""
DeviceGSM.Bts,DeviceGSM.Bts.{i}.handover2.min.rxlev,READ_ONLY,U_INT,Immediate,""
DeviceGSM.Bts,DeviceGSM.Bts.{i}.handover2.min.rxqual,READ_ONLY,U_INT,Immediate,""
DeviceGSM.Bts,DeviceGSM.Bts.{i}.handover2.penalty-time.failed-assignment,READ_ONLY,U_INT,Immediate,""
DeviceGSM.Bts,DeviceGSM.Bts.{i}.handover2.penalty-time.failed-ho,READ_ONLY,U_INT,Immediate,""
DeviceGSM.Bts,DeviceGSM.Bts.{i}.handover2.penalty-time.low-rxqual-assignment,READ_ONLY,U_INT,Immediate,""
DeviceGSM.Bts,DeviceGSM.Bts.{i}.handover2.penalty-time.low-rxqual-ho,READ_ONLY,U_INT,Immediate,""
DeviceGSM.Bts,DeviceGSM.Bts.{i}.handover2.penalty-time.max-distance,READ_ONLY,U_INT,Immediate,""
DeviceGSM.Bts,DeviceGSM.Bts.{i}.handover2.power.budget.hysteresis,READ_ONLY,U_INT,Immediate,""
DeviceGSM.Bts,DeviceGSM.Bts.{i}.handover2.power.budget.interval,READ_ONLY,U_INT,Immediate,""
DeviceGSM.Bts,DeviceGSM.Bts.{i}.handover2.retries,READ_ONLY,U_INT,Immediate,""
DeviceGSM.Bts,DeviceGSM.Bts.{i}.handover2.tdma-measurement,READ_ONLY,STRING,Immediate,""
DeviceGSM.Bts,DeviceGSM.Bts.{i}.handover2.window.rxlev.averaging,READ_ONLY,U_INT,Immediate,""
DeviceGSM.Bts,DeviceGSM.Bts.{i}.handover2.window.rxlev.neighbor.averaging,READ_ONLY,U_INT,Immediate,""
DeviceGSM.Bts,DeviceGSM.Bts.{i}.handover2.window.rxqual.averaging,READ_ONLY,U_INT,Immediate,""
DeviceGSM.BtsNum,DeviceGSM.BtsNum,READ_ONLY,U_INT,Immediate,""
DeviceGSM.Cs7Instance,DeviceGSM.Cs7Instance.ForAs.Index,READ_ONLY,U_INT,Immediate,""
DeviceGSM.Cs7Instance,DeviceGSM.Cs7Instance.ForAsp.Index,READ_ONLY,U_INT,Immediate,""
DeviceGSM.Cs7Instance,DeviceGSM.Cs7Instance.ForSccpAddr.Index,READ_ONLY,U_INT,Immediate,""
DeviceGSM.Cs7Instance,DeviceGSM.Cs7Instance.{i}.As.{i}.Name,READ_ONLY,STRING,Immediate,""
DeviceGSM.Cs7Instance,DeviceGSM.Cs7Instance.{i}.As.{i}.RoutingKey,READ_ONLY,STRING,Immediate,""
DeviceGSM.Cs7Instance,DeviceGSM.Cs7Instance.{i}.As.{i}.TrafficMode,READ_ONLY,STRING,Immediate,""
DeviceGSM.Cs7Instance,DeviceGSM.Cs7Instance.{i}.As.{i}.addAspName,READ_ONLY,STRING,Immediate,""
DeviceGSM.Cs7Instance,DeviceGSM.Cs7Instance.{i}.As.{i}.delAspName,READ_ONLY,STRING,Immediate,""
DeviceGSM.Cs7Instance,DeviceGSM.Cs7Instance.{i}.Asp.{i}.AspRole,READ_ONLY,STRING,Immediate,""
DeviceGSM.Cs7Instance,DeviceGSM.Cs7Instance.{i}.Asp.{i}.LocalIp,READ_ONLY,STRING,Immediate,""
DeviceGSM.Cs7Instance,DeviceGSM.Cs7Instance.{i}.Asp.{i}.LocalPort,READ_ONLY,U_INT,Immediate,""
DeviceGSM.Cs7Instance,DeviceGSM.Cs7Instance.{i}.Asp.{i}.Name,READ_ONLY,STRING,Immediate,""
DeviceGSM.Cs7Instance,DeviceGSM.Cs7Instance.{i}.Asp.{i}.Protocol,READ_ONLY,STRING,Immediate,""
DeviceGSM.Cs7Instance,DeviceGSM.Cs7Instance.{i}.Asp.{i}.RemoteIp,READ_ONLY,STRING,Immediate,""
DeviceGSM.Cs7Instance,DeviceGSM.Cs7Instance.{i}.Asp.{i}.RemotePort,READ_ONLY,U_INT,Immediate,""
DeviceGSM.Cs7Instance,DeviceGSM.Cs7Instance.{i}.Asp.{i}.SctpRole,READ_ONLY,STRING,Immediate,""
DeviceGSM.Cs7Instance,DeviceGSM.Cs7Instance.{i}.NetworkIndicator,READ_ONLY,STRING,Immediate,""
DeviceGSM.Cs7Instance,DeviceGSM.Cs7Instance.{i}.PointCode,READ_ONLY,U_INT,Immediate,""
DeviceGSM.Cs7Instance,DeviceGSM.Cs7Instance.{i}.PointCodeFormat,READ_ONLY,STRING,Immediate,""
DeviceGSM.Cs7Instance,DeviceGSM.Cs7Instance.{i}.SccpAddr.{i}.Name,READ_ONLY,STRING,Immediate,""
DeviceGSM.Cs7Instance,DeviceGSM.Cs7Instance.{i}.SccpAddr.{i}.PointCode,READ_ONLY,U_INT,Immediate,""
DeviceGSM.Cs7Instance,DeviceGSM.Cs7Instance.{i}.SccpAddr.{i}.RoutingIndicator,READ_ONLY,STRING,Immediate,""
DeviceGSM.Cs7Instance,DeviceGSM.Cs7Instance.{i}.SccpAddr.{i}.SubsystemNumber,READ_ONLY,U_INT,Immediate,""
DeviceGSM.Cs7Instance,DeviceGSM.Cs7Instance.{i}.XuaRkmRoutingKeyAllocation,READ_ONLY,STRING,Immediate,""
DeviceGSM.Encryption,DeviceGSM.Encryption,READ_ONLY,U_INT,Immediate,""
DeviceGSM.HandoverAlgorithm,DeviceGSM.HandoverAlgorithm,READ_ONLY,STRING,Immediate,""
DeviceGSM.Hodec2CongestionCheck,DeviceGSM.Hodec2CongestionCheck,READ_ONLY,STRING,Immediate,""
DeviceGSM.IpaUnitId,DeviceGSM.IpaUnitId,READ_ONLY,STRING,Immediate,""
DeviceGSM.Mcc,DeviceGSM.Mcc,READ_ONLY,STRING,Immediate,""
DeviceGSM.Mgw,DeviceGSM.Mgw.{i}.MgwEndpointDomain,READ_ONLY,STRING,Immediate,""
DeviceGSM.Mgw,DeviceGSM.Mgw.{i}.MgwLocalPort,READ_ONLY,U_INT,Immediate,""
DeviceGSM.Mgw,DeviceGSM.Mgw.{i}.MgwRemoteIp,READ_ONLY,STRING,Immediate,""
DeviceGSM.Mgw,DeviceGSM.Mgw.{i}.MgwRemotePort,READ_ONLY,U_INT,Immediate,""
DeviceGSM.Mnc,DeviceGSM.Mnc,READ_ONLY,STRING,Immediate,""
DeviceGSM.Msc,DeviceGSM.Msc.{i}.AllowEmergency,READ_ONLY,STRING,Immediate,""
DeviceGSM.Msc,DeviceGSM.Msc.{i}.Amr10_2,READ_ONLY,STRING,Immediate,""
DeviceGSM.Msc,DeviceGSM.Msc.{i}.Amr12_2,READ_ONLY,STRING,Immediate,""
DeviceGSM.Msc,DeviceGSM.Msc.{i}.Amr4_75,READ_ONLY,STRING,Immediate,""
DeviceGSM.Msc,DeviceGSM.Msc.{i}.Amr5_15,READ_ONLY,STRING,Immediate,""
DeviceGSM.Msc,DeviceGSM.Msc.{i}.Amr5_90,READ_ONLY,STRING,Immediate,""
DeviceGSM.Msc,DeviceGSM.Msc.{i}.Amr6_70,READ_ONLY,STRING,Immediate,""
DeviceGSM.Msc,DeviceGSM.Msc.{i}.Amr7_40,READ_ONLY,STRING,Immediate,""
DeviceGSM.Msc,DeviceGSM.Msc.{i}.Amr7_95,READ_ONLY,STRING,Immediate,""
DeviceGSM.Msc,DeviceGSM.Msc.{i}.AmrPayload,READ_ONLY,STRING,Immediate,""
DeviceGSM.Msc,DeviceGSM.Msc.{i}.AspProtocol,READ_ONLY,STRING,Immediate,""
DeviceGSM.Msc,DeviceGSM.Msc.{i}.AttachProportion,READ_ONLY,U_INT,Immediate,""
DeviceGSM.Msc,DeviceGSM.Msc.{i}.LclsMismatch,READ_ONLY,STRING,Immediate,""
DeviceGSM.Msc,DeviceGSM.Msc.{i}.LclsMode,READ_ONLY,STRING,Immediate,""
DeviceGSM.Msc,DeviceGSM.Msc.{i}.MscAddr,READ_ONLY,STRING,Immediate,""
DeviceGSM.Msc,DeviceGSM.Msc.{i}.MscCodecList,READ_ONLY,STRING,Immediate,""
DeviceGSM.Msc,DeviceGSM.Msc.{i}.NriAdd,READ_ONLY,STRING,Immediate,""
DeviceGSM.Msc,DeviceGSM.Msc.{i}.NriDel,READ_ONLY,STRING,Immediate,""
DeviceGSM.NriBitLen,DeviceGSM.NriBitLen,READ_ONLY,U_INT,Immediate,""
DeviceGSM.NriNullAdd,DeviceGSM.NriNullAdd,READ_ONLY,STRING,Immediate,""
DeviceGSM.NriNullDel,DeviceGSM.NriNullDel,READ_ONLY,STRING,Immediate,""
DeviceGSM.OmlRemoteIp,DeviceGSM.OmlRemoteIp,READ_ONLY,STRING,Immediate,""
DeviceGSM.OmlRemoteIpBak,DeviceGSM.OmlRemoteIpBak,READ_ONLY,STRING,Immediate,""
DeviceGSM.TimerNetT3212,DeviceGSM.TimerNetT3212,READ_ONLY,U_INT,Immediate,""
DeviceGSM.handover,DeviceGSM.handover,READ_ONLY,STRING,Immediate,""
DeviceGSM.handover2,DeviceGSM.handover2.afs-bias.rxlev,READ_ONLY,U_INT,Immediate,""
DeviceGSM.handover2,DeviceGSM.handover2.afs-bias.rxqual,READ_ONLY,U_INT,Immediate,""
DeviceGSM.handover2,DeviceGSM.handover2.assignment,READ_ONLY,STRING,Immediate,""
DeviceGSM.handover2,DeviceGSM.handover2.max-handovers,READ_ONLY,U_INT,Immediate,""
DeviceGSM.handover2,DeviceGSM.handover2.maximum.distance,READ_ONLY,U_INT,Immediate,""
DeviceGSM.handover2,DeviceGSM.handover2.min-free-slots.tch-f,READ_ONLY,U_INT,Immediate,""
DeviceGSM.handover2,DeviceGSM.handover2.min-free-slots.tch-h,READ_ONLY,U_INT,Immediate,""
DeviceGSM.handover2,DeviceGSM.handover2.min.rxlev,READ_ONLY,U_INT,Immediate,""
DeviceGSM.handover2,DeviceGSM.handover2.min.rxqual,READ_ONLY,U_INT,Immediate,""
DeviceGSM.handover2,DeviceGSM.handover2.penalty-time.failed-assignment,READ_ONLY,U_INT,Immediate,""
DeviceGSM.handover2,DeviceGSM.handover2.penalty-time.failed-ho,READ_ONLY,U_INT,Immediate,""
DeviceGSM.handover2,DeviceGSM.handover2.penalty-time.low-rxqual-assignment,READ_ONLY,U_INT,Immediate,""
DeviceGSM.handover2,DeviceGSM.handover2.penalty-time.low-rxqual-ho,READ_ONLY,U_INT,Immediate,""
DeviceGSM.handover2,DeviceGSM.handover2.penalty-time.max-distance,READ_ONLY,U_INT,Immediate,""
DeviceGSM.handover2,DeviceGSM.handover2.power.budget.hysteresis,READ_ONLY,U_INT,Immediate,""
DeviceGSM.handover2,DeviceGSM.handover2.power.budget.interval,READ_ONLY,U_INT,Immediate,""
DeviceGSM.handover2,DeviceGSM.handover2.retries,READ_ONLY,U_INT,Immediate,""
DeviceGSM.handover2,DeviceGSM.handover2.tdma-measurement,READ_ONLY,STRING,Immediate,""
DeviceGSM.handover2,DeviceGSM.handover2.window.rxlev.averaging,READ_ONLY,U_INT,Immediate,""
DeviceGSM.handover2,DeviceGSM.handover2.window.rxlev.neighbor.averaging,READ_ONLY,U_INT,Immediate,""
DeviceGSM.handover2,DeviceGSM.handover2.window.rxqual.averaging,READ_ONLY,U_INT,Immediate,""
InternetGatewayDevice.Time,InternetGatewayDevice.Time.NTPServer3,READ_WRITE,STRING,Immediate,""
InternetGatewayDevice.Time,InternetGatewayDevice.Time.NTPServer5,READ_WRITE,STRING,Immediate,""
boardconf.HALOD,boardconf.HALOD.HALOD_ENB1_IP,READ_WRITE,STRING,Immediate,""
boardconf.HALOD,boardconf.HALOD.HALOD_ENB2_IP,READ_WRITE,STRING,Immediate,""
boardconf.HALOD,boardconf.HALOD.HALOD_IP,READ_WRITE,STRING,Immediate,""
boardconf.HALOD,boardconf.HALOD.HALOD_PORT,READ_WRITE,STRING,Immediate,""
boardconf.HALOD,boardconf.HALOD.HALOD_WCG_S1C_IFNAME,READ_WRITE,STRING,Immediate,""
boardconf.HALOD,boardconf.HALOD.HALOD_WCG_S1U_IFNAME,READ_WRITE,STRING,Immediate,""
boardconf.HaloD,boardconf.HaloD.baseStationForm,READ_ONLY,STRING,Immediate,""
