chapter_code,group_name,command_code,operation_type,path,status
SG,SCTP参数管理,ADD SCTP_ASSOC,ADD,Device.Services.FAPControl.Transport.SCTP.Assoc.,deleted_by_000006_replaced_by_SCTP参数管理
SG,SCTP参数管理,RMV SCTP_ASSOC,RMV,Device.Services.FAPControl.Transport.SCTP.Assoc.,deleted_by_000006_replaced_by_SCTP参数管理
SG,SCTP参数管理,LST SCTP_ASSOC,LST,Device.Services.FAPControl.Transport.SCTP.Assoc.{i},deleted_by_000006_replaced_by_SCTP参数管理
SG,SCTP参数管理,LST TRANSPORT_SCTP,LST,Device.Services.FAPControl.Transport.SCTP,deleted_by_000006_replaced_by_SCTP参数管理
SG,SCTP参数管理,MOD TRANSPORT_SCTP,MOD,Device.Services.FAPControl.Transport.SCTP,deleted_by_000006_replaced_by_SCTP参数管理
SI,邻区参数管理,LST INTER_RAT_CELL_GSM,LST,Device.Services.FAPService.{i}.CellConfig.LTE.RAN.NeighborList.InterRATCell.GSM.{i}.Enable,deleted_by_000005
SI,邻区参数管理,MOD INTER_RAT_CELL_GSM,MOD,Device.Services.FAPService.{i}.CellConfig.LTE.RAN.NeighborList.InterRATCell.GSM.{i}.Enable,deleted_by_000005
SI,邻区参数管理,ADD LTE_CELL,ADD,Device.Services.FAPService.{i}.CellConfig.LTE.RAN.NeighborList.LTECell.{i},deleted_by_000005
SI,邻区参数管理,LST LTE_CELL,LST,Device.Services.FAPService.{i}.CellConfig.LTE.RAN.NeighborList.LTECell.{i},deleted_by_000005
SI,邻区参数管理,MOD LTE_CELL,MOD,Device.Services.FAPService.{i}.CellConfig.LTE.RAN.NeighborList.LTECell.{i},deleted_by_000005
SI,邻区参数管理,RMV LTE_CELL,RMV,Device.Services.FAPService.{i}.CellConfig.LTE.RAN.NeighborList.LTECell.{i},deleted_by_000005
SI,邻区参数管理,LST LTE_CELL,LST,Device.Services.FAPService.{i}.CellConfig.LTE.RAN.NeighborList.LTECell.{i}.Enable,deleted_by_000005
SI,邻区参数管理,MOD LTE_CELL,MOD,Device.Services.FAPService.{i}.CellConfig.LTE.RAN.NeighborList.LTECell.{i}.Enable,deleted_by_000005
SI,邻区参数管理,LST LTE_CELL,LST,Device.Services.FAPService.{i}.CellConfig.LTE.RAN.NeighborList.LTECell.{i}.NeighCellAddReason,deleted_by_000005
SI,邻区参数管理,MOD LTE_CELL,MOD,Device.Services.FAPService.{i}.CellConfig.LTE.RAN.NeighborList.LTECell.{i}.NeighCellAddReason,deleted_by_000005
SI,邻区参数管理,LST LTE_CELL,LST,Device.Services.FAPService.{i}.CellConfig.LTE.RAN.NeighborList.LTECell.{i}.NeighCellTypeContainer,deleted_by_000005
SI,邻区参数管理,MOD LTE_CELL,MOD,Device.Services.FAPService.{i}.CellConfig.LTE.RAN.NeighborList.LTECell.{i}.NeighCellTypeContainer,deleted_by_000005
SI,邻区参数管理,LST LTE_CELL,LST,Device.Services.FAPService.{i}.CellConfig.LTE.RAN.NeighborList.LTECell.{i}.X2Flag,deleted_by_000005
SI,邻区参数管理,MOD LTE_CELL,MOD,Device.Services.FAPService.{i}.CellConfig.LTE.RAN.NeighborList.LTECell.{i}.X2Flag,deleted_by_000005
SI,邻区参数管理,LST LTE_CELL,LST,Device.Services.FAPService.{i}.CellConfig.LTE.RAN.NeighborList.LTECell.{i}.X2IP,deleted_by_000005
SI,邻区参数管理,MOD LTE_CELL,MOD,Device.Services.FAPService.{i}.CellConfig.LTE.RAN.NeighborList.LTECell.{i}.X2IP,deleted_by_000005
SI,邻区参数管理,LST LTE_CELL,LST,Device.Services.FAPService.{i}.CellConfig.LTE.RAN.NeighborList.LTECell.{i}.X2Status,deleted_by_000005
SI,邻区参数管理,MOD LTE_CELL,MOD,Device.Services.FAPService.{i}.CellConfig.LTE.RAN.NeighborList.LTECell.{i}.X2Status,deleted_by_000005
SI,邻区参数管理,LST LTE_CELL,LST,Device.Services.FAPService.{i}.CellConfig.LTE.RAN.NeighborList.LTECell.{i}.X_COM_TAC,deleted_by_000005
SI,邻区参数管理,MOD LTE_CELL,MOD,Device.Services.FAPService.{i}.CellConfig.LTE.RAN.NeighborList.LTECell.{i}.X_COM_TAC,deleted_by_000005
SI,邻区参数管理,ADD LTE_CELL,ADD,Device.Services.FAPService.{i}.CellConfig.{i}.LTE.RAN.NeighborList.LTECell.{i}.CID,deleted_by_000005
SI,邻区参数管理,LST LTE_CELL,LST,Device.Services.FAPService.{i}.CellConfig.{i}.LTE.RAN.NeighborList.LTECell.{i}.CID,deleted_by_000005
SI,邻区参数管理,MOD LTE_CELL,MOD,Device.Services.FAPService.{i}.CellConfig.{i}.LTE.RAN.NeighborList.LTECell.{i}.CID,deleted_by_000005
SI,邻区参数管理,RMV LTE_CELL,RMV,Device.Services.FAPService.{i}.CellConfig.{i}.LTE.RAN.NeighborList.LTECell.{i}.CID,deleted_by_000005
SI,邻区参数管理,ADD LTE_CELL,ADD,Device.Services.FAPService.{i}.CellConfig.{i}.LTE.RAN.NeighborList.LTECell.{i}.CIO,deleted_by_000005
SI,邻区参数管理,LST LTE_CELL,LST,Device.Services.FAPService.{i}.CellConfig.{i}.LTE.RAN.NeighborList.LTECell.{i}.CIO,deleted_by_000005
SI,邻区参数管理,MOD LTE_CELL,MOD,Device.Services.FAPService.{i}.CellConfig.{i}.LTE.RAN.NeighborList.LTECell.{i}.CIO,deleted_by_000005
SI,邻区参数管理,RMV LTE_CELL,RMV,Device.Services.FAPService.{i}.CellConfig.{i}.LTE.RAN.NeighborList.LTECell.{i}.CIO,deleted_by_000005
SI,邻区参数管理,ADD LTE_CELL,ADD,Device.Services.FAPService.{i}.CellConfig.{i}.LTE.RAN.NeighborList.LTECell.{i}.EUTRACarrierARFCN,deleted_by_000005
SI,邻区参数管理,LST LTE_CELL,LST,Device.Services.FAPService.{i}.CellConfig.{i}.LTE.RAN.NeighborList.LTECell.{i}.EUTRACarrierARFCN,deleted_by_000005
SI,邻区参数管理,MOD LTE_CELL,MOD,Device.Services.FAPService.{i}.CellConfig.{i}.LTE.RAN.NeighborList.LTECell.{i}.EUTRACarrierARFCN,deleted_by_000005
SI,邻区参数管理,RMV LTE_CELL,RMV,Device.Services.FAPService.{i}.CellConfig.{i}.LTE.RAN.NeighborList.LTECell.{i}.EUTRACarrierARFCN,deleted_by_000005
SI,邻区参数管理,ADD LTE_CELL,ADD,Device.Services.FAPService.{i}.CellConfig.{i}.LTE.RAN.NeighborList.LTECell.{i}.PLMNID,deleted_by_000005
SI,邻区参数管理,LST LTE_CELL,LST,Device.Services.FAPService.{i}.CellConfig.{i}.LTE.RAN.NeighborList.LTECell.{i}.PLMNID,deleted_by_000005
SI,邻区参数管理,MOD LTE_CELL,MOD,Device.Services.FAPService.{i}.CellConfig.{i}.LTE.RAN.NeighborList.LTECell.{i}.PLMNID,deleted_by_000005
SI,邻区参数管理,RMV LTE_CELL,RMV,Device.Services.FAPService.{i}.CellConfig.{i}.LTE.RAN.NeighborList.LTECell.{i}.PLMNID,deleted_by_000005
SI,邻区参数管理,ADD LTE_CELL,ADD,Device.Services.FAPService.{i}.CellConfig.{i}.LTE.RAN.NeighborList.LTECell.{i}.PhyCellID,deleted_by_000005
SI,邻区参数管理,LST LTE_CELL,LST,Device.Services.FAPService.{i}.CellConfig.{i}.LTE.RAN.NeighborList.LTECell.{i}.PhyCellID,deleted_by_000005
SI,邻区参数管理,MOD LTE_CELL,MOD,Device.Services.FAPService.{i}.CellConfig.{i}.LTE.RAN.NeighborList.LTECell.{i}.PhyCellID,deleted_by_000005
SI,邻区参数管理,RMV LTE_CELL,RMV,Device.Services.FAPService.{i}.CellConfig.{i}.LTE.RAN.NeighborList.LTECell.{i}.PhyCellID,deleted_by_000005
SI,邻区参数管理,ADD LTE_CELL,ADD,Device.Services.FAPService.{i}.CellConfig.{i}.LTE.RAN.NeighborList.LTECell.{i}.QOffset,deleted_by_000005
SI,邻区参数管理,LST LTE_CELL,LST,Device.Services.FAPService.{i}.CellConfig.{i}.LTE.RAN.NeighborList.LTECell.{i}.QOffset,deleted_by_000005
SI,邻区参数管理,MOD LTE_CELL,MOD,Device.Services.FAPService.{i}.CellConfig.{i}.LTE.RAN.NeighborList.LTECell.{i}.QOffset,deleted_by_000005
SI,邻区参数管理,RMV LTE_CELL,RMV,Device.Services.FAPService.{i}.CellConfig.{i}.LTE.RAN.NeighborList.LTECell.{i}.QOffset,deleted_by_000005
SI,邻区参数管理,ADD LTE_CELL,ADD,Device.Services.FAPService.{i}.CellConfig.{i}.LTE.RAN.NeighborList.LTECell.{i}.TAC,deleted_by_000005
SI,邻区参数管理,LST LTE_CELL,LST,Device.Services.FAPService.{i}.CellConfig.{i}.LTE.RAN.NeighborList.LTECell.{i}.TAC,deleted_by_000005
SI,邻区参数管理,MOD LTE_CELL,MOD,Device.Services.FAPService.{i}.CellConfig.{i}.LTE.RAN.NeighborList.LTECell.{i}.TAC,deleted_by_000005
SI,邻区参数管理,RMV LTE_CELL,RMV,Device.Services.FAPService.{i}.CellConfig.{i}.LTE.RAN.NeighborList.LTECell.{i}.TAC,deleted_by_000005
SJ,移动性参数管理,LST CONN_MODE_EUTRA,LST,Device.Services.FAPService.{i}.CellConfig.LTE.RAN.Mobility.ConnMode.EUTRA.A1ThresholdRSRP,deleted_by_000005
SJ,移动性参数管理,MOD CONN_MODE_EUTRA,MOD,Device.Services.FAPService.{i}.CellConfig.LTE.RAN.Mobility.ConnMode.EUTRA.A1ThresholdRSRP,deleted_by_000005
SJ,移动性参数管理,LST CONN_MODE_EUTRA,LST,Device.Services.FAPService.{i}.CellConfig.LTE.RAN.Mobility.ConnMode.EUTRA.A2ThresholdRSRP,deleted_by_000005
SJ,移动性参数管理,MOD CONN_MODE_EUTRA,MOD,Device.Services.FAPService.{i}.CellConfig.LTE.RAN.Mobility.ConnMode.EUTRA.A2ThresholdRSRP,deleted_by_000005
SJ,移动性参数管理,LST CONN_MODE_EUTRA,LST,Device.Services.FAPService.{i}.CellConfig.LTE.RAN.Mobility.ConnMode.EUTRA.Hysteresis,deleted_by_000005
SJ,移动性参数管理,MOD CONN_MODE_EUTRA,MOD,Device.Services.FAPService.{i}.CellConfig.LTE.RAN.Mobility.ConnMode.EUTRA.Hysteresis,deleted_by_000005
SJ,移动性参数管理,LST CONN_MODE_EUTRA,LST,Device.Services.FAPService.{i}.CellConfig.LTE.RAN.Mobility.ConnMode.EUTRA.TimeToTrigger,deleted_by_000005
SJ,移动性参数管理,MOD CONN_MODE_EUTRA,MOD,Device.Services.FAPService.{i}.CellConfig.LTE.RAN.Mobility.ConnMode.EUTRA.TimeToTrigger,deleted_by_000005
SJ,移动性参数管理,LST CONN_MODE_IRAT,LST,Device.Services.FAPService.{i}.CellConfig.LTE.RAN.Mobility.ConnMode.IRAT.X_COM_UTRANTDD.B2Threshold2UTRATDDRSCP,deleted_by_000005
SJ,移动性参数管理,MOD CONN_MODE_IRAT,MOD,Device.Services.FAPService.{i}.CellConfig.LTE.RAN.Mobility.ConnMode.IRAT.X_COM_UTRANTDD.B2Threshold2UTRATDDRSCP,deleted_by_000005
SJ,移动性参数管理,ADD CARRIER,ADD,Device.Services.FAPService.{i}.CellConfig.LTE.RAN.Mobility.IdleMode.InterFreq.Carrier.{i},deleted_by_000005
SJ,移动性参数管理,LST CARRIER,LST,Device.Services.FAPService.{i}.CellConfig.LTE.RAN.Mobility.IdleMode.InterFreq.Carrier.{i},deleted_by_000005
SJ,移动性参数管理,MOD CARRIER,MOD,Device.Services.FAPService.{i}.CellConfig.LTE.RAN.Mobility.IdleMode.InterFreq.Carrier.{i},deleted_by_000005
SJ,移动性参数管理,RMV CARRIER,RMV,Device.Services.FAPService.{i}.CellConfig.LTE.RAN.Mobility.IdleMode.InterFreq.Carrier.{i},deleted_by_000005
SJ,移动性参数管理,LST CARRIER,LST,Device.Services.FAPService.{i}.CellConfig.LTE.RAN.Mobility.IdleMode.InterFreq.Carrier.{i}.Enable,deleted_by_000005
SJ,移动性参数管理,MOD CARRIER,MOD,Device.Services.FAPService.{i}.CellConfig.LTE.RAN.Mobility.IdleMode.InterFreq.Carrier.{i}.Enable,deleted_by_000005
SJ,移动性参数管理,ADD CARRIER,ADD,Device.Services.FAPService.{i}.CellConfig.{i}.LTE.RAN.Mobility.IdleMode.InterFreq.Carrier.{i}.CellReselectionPriority,deleted_by_000005
SJ,移动性参数管理,LST CARRIER,LST,Device.Services.FAPService.{i}.CellConfig.{i}.LTE.RAN.Mobility.IdleMode.InterFreq.Carrier.{i}.CellReselectionPriority,deleted_by_000005
SJ,移动性参数管理,MOD CARRIER,MOD,Device.Services.FAPService.{i}.CellConfig.{i}.LTE.RAN.Mobility.IdleMode.InterFreq.Carrier.{i}.CellReselectionPriority,deleted_by_000005
SJ,移动性参数管理,RMV CARRIER,RMV,Device.Services.FAPService.{i}.CellConfig.{i}.LTE.RAN.Mobility.IdleMode.InterFreq.Carrier.{i}.CellReselectionPriority,deleted_by_000005
SJ,移动性参数管理,ADD CARRIER,ADD,Device.Services.FAPService.{i}.CellConfig.{i}.LTE.RAN.Mobility.IdleMode.InterFreq.Carrier.{i}.EUTRACarrierARFCN,deleted_by_000005
SJ,移动性参数管理,LST CARRIER,LST,Device.Services.FAPService.{i}.CellConfig.{i}.LTE.RAN.Mobility.IdleMode.InterFreq.Carrier.{i}.EUTRACarrierARFCN,deleted_by_000005
SJ,移动性参数管理,MOD CARRIER,MOD,Device.Services.FAPService.{i}.CellConfig.{i}.LTE.RAN.Mobility.IdleMode.InterFreq.Carrier.{i}.EUTRACarrierARFCN,deleted_by_000005
SJ,移动性参数管理,RMV CARRIER,RMV,Device.Services.FAPService.{i}.CellConfig.{i}.LTE.RAN.Mobility.IdleMode.InterFreq.Carrier.{i}.EUTRACarrierARFCN,deleted_by_000005
SJ,移动性参数管理,ADD CARRIER,ADD,Device.Services.FAPService.{i}.CellConfig.{i}.LTE.RAN.Mobility.IdleMode.InterFreq.Carrier.{i}.PMax,deleted_by_000005
SJ,移动性参数管理,LST CARRIER,LST,Device.Services.FAPService.{i}.CellConfig.{i}.LTE.RAN.Mobility.IdleMode.InterFreq.Carrier.{i}.PMax,deleted_by_000005
SJ,移动性参数管理,MOD CARRIER,MOD,Device.Services.FAPService.{i}.CellConfig.{i}.LTE.RAN.Mobility.IdleMode.InterFreq.Carrier.{i}.PMax,deleted_by_000005
SJ,移动性参数管理,RMV CARRIER,RMV,Device.Services.FAPService.{i}.CellConfig.{i}.LTE.RAN.Mobility.IdleMode.InterFreq.Carrier.{i}.PMax,deleted_by_000005
SJ,移动性参数管理,ADD CARRIER,ADD,Device.Services.FAPService.{i}.CellConfig.{i}.LTE.RAN.Mobility.IdleMode.InterFreq.Carrier.{i}.QOffsetFreq,deleted_by_000005
SJ,移动性参数管理,LST CARRIER,LST,Device.Services.FAPService.{i}.CellConfig.{i}.LTE.RAN.Mobility.IdleMode.InterFreq.Carrier.{i}.QOffsetFreq,deleted_by_000005
SJ,移动性参数管理,MOD CARRIER,MOD,Device.Services.FAPService.{i}.CellConfig.{i}.LTE.RAN.Mobility.IdleMode.InterFreq.Carrier.{i}.QOffsetFreq,deleted_by_000005
SJ,移动性参数管理,RMV CARRIER,RMV,Device.Services.FAPService.{i}.CellConfig.{i}.LTE.RAN.Mobility.IdleMode.InterFreq.Carrier.{i}.QOffsetFreq,deleted_by_000005
SJ,移动性参数管理,ADD CARRIER,ADD,Device.Services.FAPService.{i}.CellConfig.{i}.LTE.RAN.Mobility.IdleMode.InterFreq.Carrier.{i}.QRxLevMinSIB5,deleted_by_000005
SJ,移动性参数管理,LST CARRIER,LST,Device.Services.FAPService.{i}.CellConfig.{i}.LTE.RAN.Mobility.IdleMode.InterFreq.Carrier.{i}.QRxLevMinSIB5,deleted_by_000005
SJ,移动性参数管理,MOD CARRIER,MOD,Device.Services.FAPService.{i}.CellConfig.{i}.LTE.RAN.Mobility.IdleMode.InterFreq.Carrier.{i}.QRxLevMinSIB5,deleted_by_000005
SJ,移动性参数管理,RMV CARRIER,RMV,Device.Services.FAPService.{i}.CellConfig.{i}.LTE.RAN.Mobility.IdleMode.InterFreq.Carrier.{i}.QRxLevMinSIB5,deleted_by_000005
SJ,移动性参数管理,ADD CARRIER,ADD,Device.Services.FAPService.{i}.CellConfig.{i}.LTE.RAN.Mobility.IdleMode.InterFreq.Carrier.{i}.ThreshXHigh,deleted_by_000005
SJ,移动性参数管理,LST CARRIER,LST,Device.Services.FAPService.{i}.CellConfig.{i}.LTE.RAN.Mobility.IdleMode.InterFreq.Carrier.{i}.ThreshXHigh,deleted_by_000005
SJ,移动性参数管理,MOD CARRIER,MOD,Device.Services.FAPService.{i}.CellConfig.{i}.LTE.RAN.Mobility.IdleMode.InterFreq.Carrier.{i}.ThreshXHigh,deleted_by_000005
SJ,移动性参数管理,RMV CARRIER,RMV,Device.Services.FAPService.{i}.CellConfig.{i}.LTE.RAN.Mobility.IdleMode.InterFreq.Carrier.{i}.ThreshXHigh,deleted_by_000005
SJ,移动性参数管理,ADD CARRIER,ADD,Device.Services.FAPService.{i}.CellConfig.{i}.LTE.RAN.Mobility.IdleMode.InterFreq.Carrier.{i}.ThreshXLow,deleted_by_000005
SJ,移动性参数管理,LST CARRIER,LST,Device.Services.FAPService.{i}.CellConfig.{i}.LTE.RAN.Mobility.IdleMode.InterFreq.Carrier.{i}.ThreshXLow,deleted_by_000005
SJ,移动性参数管理,MOD CARRIER,MOD,Device.Services.FAPService.{i}.CellConfig.{i}.LTE.RAN.Mobility.IdleMode.InterFreq.Carrier.{i}.ThreshXLow,deleted_by_000005
SJ,移动性参数管理,RMV CARRIER,RMV,Device.Services.FAPService.{i}.CellConfig.{i}.LTE.RAN.Mobility.IdleMode.InterFreq.Carrier.{i}.ThreshXLow,deleted_by_000005
SL,WAN口配置参数管理,ADD ETHERNET_INTERFACE,ADD,Device.Ethernet.Interface.{i},deleted_by_000005
SL,WAN口配置参数管理,LST ETHERNET_INTERFACE,LST,Device.Ethernet.Interface.{i},deleted_by_000005
SL,WAN口配置参数管理,MOD ETHERNET_INTERFACE,MOD,Device.Ethernet.Interface.{i},deleted_by_000005
SL,WAN口配置参数管理,RMV ETHERNET_INTERFACE,RMV,Device.Ethernet.Interface.{i},deleted_by_000005
SL,WAN口配置参数管理,ADD INTERFACE_I_PV4_ADDRESS,ADD,Device.Ethernet.Interface.{i}.IPv4Address.{i},deleted_by_000005
SL,WAN口配置参数管理,LST INTERFACE_I_PV4_ADDRESS,LST,Device.Ethernet.Interface.{i}.IPv4Address.{i},deleted_by_000005
SL,WAN口配置参数管理,MOD INTERFACE_I_PV4_ADDRESS,MOD,Device.Ethernet.Interface.{i}.IPv4Address.{i},deleted_by_000005
SL,WAN口配置参数管理,RMV INTERFACE_I_PV4_ADDRESS,RMV,Device.Ethernet.Interface.{i}.IPv4Address.{i},deleted_by_000005
SL,WAN口配置参数管理,ADD INTERFACE_I_PV6_ADDRESS,ADD,Device.Ethernet.Interface.{i}.IPv6Address.{i},deleted_by_000005
SL,WAN口配置参数管理,LST INTERFACE_I_PV6_ADDRESS,LST,Device.Ethernet.Interface.{i}.IPv6Address.{i},deleted_by_000005
SL,WAN口配置参数管理,MOD INTERFACE_I_PV6_ADDRESS,MOD,Device.Ethernet.Interface.{i}.IPv6Address.{i},deleted_by_000005
SL,WAN口配置参数管理,RMV INTERFACE_I_PV6_ADDRESS,RMV,Device.Ethernet.Interface.{i}.IPv6Address.{i},deleted_by_000005
SL,WAN口配置参数管理,LST ETHERNET_INTERFACE,LST,Device.Ethernet.Interface.{i}.PortType,deleted_by_000005
SL,WAN口配置参数管理,ADD ETHERNET_INTERFACE,ADD,Device.Ethernet.Interface.{i}.PppoeAddress.{i},deleted_by_000005
SL,WAN口配置参数管理,LST ETHERNET_INTERFACE,LST,Device.Ethernet.Interface.{i}.PppoeAddress.{i},deleted_by_000005
SL,WAN口配置参数管理,MOD ETHERNET_INTERFACE,MOD,Device.Ethernet.Interface.{i}.PppoeAddress.{i},deleted_by_000005
SL,WAN口配置参数管理,RMV ETHERNET_INTERFACE,RMV,Device.Ethernet.Interface.{i}.PppoeAddress.{i},deleted_by_000005
SL,WAN口配置参数管理,ADD ETHERNET_INTERFACE,ADD,Device.Ethernet.Interface.{i}.PppoeAddress.{i}.Ipv4SubnetMask,deleted_by_000005
SL,WAN口配置参数管理,LST ETHERNET_INTERFACE,LST,Device.Ethernet.Interface.{i}.PppoeAddress.{i}.Ipv4SubnetMask,deleted_by_000005
SL,WAN口配置参数管理,MOD ETHERNET_INTERFACE,MOD,Device.Ethernet.Interface.{i}.PppoeAddress.{i}.Ipv4SubnetMask,deleted_by_000005
SL,WAN口配置参数管理,RMV ETHERNET_INTERFACE,RMV,Device.Ethernet.Interface.{i}.PppoeAddress.{i}.Ipv4SubnetMask,deleted_by_000005
SL,WAN口配置参数管理,ADD ETHERNET_INTERFACE,ADD,Device.Ethernet.Interface.{i}.PppoeAddress.{i}.PppoeAddressType,deleted_by_000005
SL,WAN口配置参数管理,LST ETHERNET_INTERFACE,LST,Device.Ethernet.Interface.{i}.PppoeAddress.{i}.PppoeAddressType,deleted_by_000005
SL,WAN口配置参数管理,MOD ETHERNET_INTERFACE,MOD,Device.Ethernet.Interface.{i}.PppoeAddress.{i}.PppoeAddressType,deleted_by_000005
SL,WAN口配置参数管理,RMV ETHERNET_INTERFACE,RMV,Device.Ethernet.Interface.{i}.PppoeAddress.{i}.PppoeAddressType,deleted_by_000005
SL,WAN口配置参数管理,ADD ETHERNET_INTERFACE,ADD,Device.Ethernet.Interface.{i}.PppoeAddress.{i}.PppoeConnectStatus,deleted_by_000005
SL,WAN口配置参数管理,LST ETHERNET_INTERFACE,LST,Device.Ethernet.Interface.{i}.PppoeAddress.{i}.PppoeConnectStatus,deleted_by_000005
SL,WAN口配置参数管理,MOD ETHERNET_INTERFACE,MOD,Device.Ethernet.Interface.{i}.PppoeAddress.{i}.PppoeConnectStatus,deleted_by_000005
SL,WAN口配置参数管理,RMV ETHERNET_INTERFACE,RMV,Device.Ethernet.Interface.{i}.PppoeAddress.{i}.PppoeConnectStatus,deleted_by_000005
SL,WAN口配置参数管理,ADD ETHERNET_INTERFACE,ADD,Device.Ethernet.Interface.{i}.PppoeAddress.{i}.PppoeDiallingMethod,deleted_by_000005
SL,WAN口配置参数管理,LST ETHERNET_INTERFACE,LST,Device.Ethernet.Interface.{i}.PppoeAddress.{i}.PppoeDiallingMethod,deleted_by_000005
SL,WAN口配置参数管理,MOD ETHERNET_INTERFACE,MOD,Device.Ethernet.Interface.{i}.PppoeAddress.{i}.PppoeDiallingMethod,deleted_by_000005
SL,WAN口配置参数管理,RMV ETHERNET_INTERFACE,RMV,Device.Ethernet.Interface.{i}.PppoeAddress.{i}.PppoeDiallingMethod,deleted_by_000005
SL,WAN口配置参数管理,ADD ETHERNET_INTERFACE,ADD,Device.Ethernet.Interface.{i}.PppoeAddress.{i}.PppoeIpAddress,deleted_by_000005
SL,WAN口配置参数管理,LST ETHERNET_INTERFACE,LST,Device.Ethernet.Interface.{i}.PppoeAddress.{i}.PppoeIpAddress,deleted_by_000005
SL,WAN口配置参数管理,MOD ETHERNET_INTERFACE,MOD,Device.Ethernet.Interface.{i}.PppoeAddress.{i}.PppoeIpAddress,deleted_by_000005
SL,WAN口配置参数管理,RMV ETHERNET_INTERFACE,RMV,Device.Ethernet.Interface.{i}.PppoeAddress.{i}.PppoeIpAddress,deleted_by_000005
SL,WAN口配置参数管理,ADD ETHERNET_INTERFACE,ADD,Device.Ethernet.Interface.{i}.PppoeAddress.{i}.PppoePassword,deleted_by_000005
SL,WAN口配置参数管理,LST ETHERNET_INTERFACE,LST,Device.Ethernet.Interface.{i}.PppoeAddress.{i}.PppoePassword,deleted_by_000005
SL,WAN口配置参数管理,MOD ETHERNET_INTERFACE,MOD,Device.Ethernet.Interface.{i}.PppoeAddress.{i}.PppoePassword,deleted_by_000005
SL,WAN口配置参数管理,RMV ETHERNET_INTERFACE,RMV,Device.Ethernet.Interface.{i}.PppoeAddress.{i}.PppoePassword,deleted_by_000005
SL,WAN口配置参数管理,ADD ETHERNET_INTERFACE,ADD,Device.Ethernet.Interface.{i}.PppoeAddress.{i}.PppoeUser,deleted_by_000005
SL,WAN口配置参数管理,LST ETHERNET_INTERFACE,LST,Device.Ethernet.Interface.{i}.PppoeAddress.{i}.PppoeUser,deleted_by_000005
SL,WAN口配置参数管理,MOD ETHERNET_INTERFACE,MOD,Device.Ethernet.Interface.{i}.PppoeAddress.{i}.PppoeUser,deleted_by_000005
SL,WAN口配置参数管理,RMV ETHERNET_INTERFACE,RMV,Device.Ethernet.Interface.{i}.PppoeAddress.{i}.PppoeUser,deleted_by_000005
SL,WAN口配置参数管理,ADD VLAN_INTERFACE,ADD,Device.Ethernet.Interface.{i}.VlanInterface.{i},deleted_by_000005
SL,WAN口配置参数管理,LST VLAN_INTERFACE,LST,Device.Ethernet.Interface.{i}.VlanInterface.{i},deleted_by_000005
SL,WAN口配置参数管理,MOD VLAN_INTERFACE,MOD,Device.Ethernet.Interface.{i}.VlanInterface.{i},deleted_by_000005
SL,WAN口配置参数管理,RMV VLAN_INTERFACE,RMV,Device.Ethernet.Interface.{i}.VlanInterface.{i},deleted_by_000005
SL,WAN口配置参数管理,ADD VLAN_INTERFACE_I_PV4_ADDRESS,ADD,Device.Ethernet.Interface.{i}.VlanInterface.{i}.IPv4Address.{i},deleted_by_000005
SL,WAN口配置参数管理,LST VLAN_INTERFACE_I_PV4_ADDRESS,LST,Device.Ethernet.Interface.{i}.VlanInterface.{i}.IPv4Address.{i},deleted_by_000005
SL,WAN口配置参数管理,MOD VLAN_INTERFACE_I_PV4_ADDRESS,MOD,Device.Ethernet.Interface.{i}.VlanInterface.{i}.IPv4Address.{i},deleted_by_000005
SL,WAN口配置参数管理,RMV VLAN_INTERFACE_I_PV4_ADDRESS,RMV,Device.Ethernet.Interface.{i}.VlanInterface.{i}.IPv4Address.{i},deleted_by_000005
SL,WAN口配置参数管理,ADD VLAN_INTERFACE_I_PV6_ADDRESS,ADD,Device.Ethernet.Interface.{i}.VlanInterface.{i}.IPv6Address.{i},deleted_by_000005
SL,WAN口配置参数管理,LST VLAN_INTERFACE_I_PV6_ADDRESS,LST,Device.Ethernet.Interface.{i}.VlanInterface.{i}.IPv6Address.{i},deleted_by_000005
SL,WAN口配置参数管理,MOD VLAN_INTERFACE_I_PV6_ADDRESS,MOD,Device.Ethernet.Interface.{i}.VlanInterface.{i}.IPv6Address.{i},deleted_by_000005
SL,WAN口配置参数管理,RMV VLAN_INTERFACE_I_PV6_ADDRESS,RMV,Device.Ethernet.Interface.{i}.VlanInterface.{i}.IPv6Address.{i},deleted_by_000005
SL,WAN口配置参数管理,ADD VLAN_INTERFACE,ADD,Device.Ethernet.Interface.{i}.VlanInterface.{i}.VlanPppoeAddress.{i},deleted_by_000005
SL,WAN口配置参数管理,LST VLAN_INTERFACE,LST,Device.Ethernet.Interface.{i}.VlanInterface.{i}.VlanPppoeAddress.{i},deleted_by_000005
SL,WAN口配置参数管理,MOD VLAN_INTERFACE,MOD,Device.Ethernet.Interface.{i}.VlanInterface.{i}.VlanPppoeAddress.{i},deleted_by_000005
SL,WAN口配置参数管理,RMV VLAN_INTERFACE,RMV,Device.Ethernet.Interface.{i}.VlanInterface.{i}.VlanPppoeAddress.{i},deleted_by_000005
SL,WAN口配置参数管理,ADD VLAN_INTERFACE,ADD,Device.Ethernet.Interface.{i}.VlanInterface.{i}.VlanPppoeAddress.{i}.Ipv4SubnetMask,deleted_by_000005
SL,WAN口配置参数管理,LST VLAN_INTERFACE,LST,Device.Ethernet.Interface.{i}.VlanInterface.{i}.VlanPppoeAddress.{i}.Ipv4SubnetMask,deleted_by_000005
SL,WAN口配置参数管理,MOD VLAN_INTERFACE,MOD,Device.Ethernet.Interface.{i}.VlanInterface.{i}.VlanPppoeAddress.{i}.Ipv4SubnetMask,deleted_by_000005
SL,WAN口配置参数管理,RMV VLAN_INTERFACE,RMV,Device.Ethernet.Interface.{i}.VlanInterface.{i}.VlanPppoeAddress.{i}.Ipv4SubnetMask,deleted_by_000005
SL,WAN口配置参数管理,ADD VLAN_INTERFACE,ADD,Device.Ethernet.Interface.{i}.VlanInterface.{i}.VlanPppoeAddress.{i}.PppoeAddressType,deleted_by_000005
SL,WAN口配置参数管理,LST VLAN_INTERFACE,LST,Device.Ethernet.Interface.{i}.VlanInterface.{i}.VlanPppoeAddress.{i}.PppoeAddressType,deleted_by_000005
SL,WAN口配置参数管理,MOD VLAN_INTERFACE,MOD,Device.Ethernet.Interface.{i}.VlanInterface.{i}.VlanPppoeAddress.{i}.PppoeAddressType,deleted_by_000005
SL,WAN口配置参数管理,RMV VLAN_INTERFACE,RMV,Device.Ethernet.Interface.{i}.VlanInterface.{i}.VlanPppoeAddress.{i}.PppoeAddressType,deleted_by_000005
SL,WAN口配置参数管理,ADD VLAN_INTERFACE,ADD,Device.Ethernet.Interface.{i}.VlanInterface.{i}.VlanPppoeAddress.{i}.PppoeConnectStatus,deleted_by_000005
SL,WAN口配置参数管理,LST VLAN_INTERFACE,LST,Device.Ethernet.Interface.{i}.VlanInterface.{i}.VlanPppoeAddress.{i}.PppoeConnectStatus,deleted_by_000005
SL,WAN口配置参数管理,MOD VLAN_INTERFACE,MOD,Device.Ethernet.Interface.{i}.VlanInterface.{i}.VlanPppoeAddress.{i}.PppoeConnectStatus,deleted_by_000005
SL,WAN口配置参数管理,RMV VLAN_INTERFACE,RMV,Device.Ethernet.Interface.{i}.VlanInterface.{i}.VlanPppoeAddress.{i}.PppoeConnectStatus,deleted_by_000005
SL,WAN口配置参数管理,ADD VLAN_INTERFACE,ADD,Device.Ethernet.Interface.{i}.VlanInterface.{i}.VlanPppoeAddress.{i}.PppoeDiallingMethod,deleted_by_000005
SL,WAN口配置参数管理,LST VLAN_INTERFACE,LST,Device.Ethernet.Interface.{i}.VlanInterface.{i}.VlanPppoeAddress.{i}.PppoeDiallingMethod,deleted_by_000005
SL,WAN口配置参数管理,MOD VLAN_INTERFACE,MOD,Device.Ethernet.Interface.{i}.VlanInterface.{i}.VlanPppoeAddress.{i}.PppoeDiallingMethod,deleted_by_000005
SL,WAN口配置参数管理,RMV VLAN_INTERFACE,RMV,Device.Ethernet.Interface.{i}.VlanInterface.{i}.VlanPppoeAddress.{i}.PppoeDiallingMethod,deleted_by_000005
SL,WAN口配置参数管理,ADD VLAN_INTERFACE,ADD,Device.Ethernet.Interface.{i}.VlanInterface.{i}.VlanPppoeAddress.{i}.PppoeIpAddress,deleted_by_000005
SL,WAN口配置参数管理,LST VLAN_INTERFACE,LST,Device.Ethernet.Interface.{i}.VlanInterface.{i}.VlanPppoeAddress.{i}.PppoeIpAddress,deleted_by_000005
SL,WAN口配置参数管理,MOD VLAN_INTERFACE,MOD,Device.Ethernet.Interface.{i}.VlanInterface.{i}.VlanPppoeAddress.{i}.PppoeIpAddress,deleted_by_000005
SL,WAN口配置参数管理,RMV VLAN_INTERFACE,RMV,Device.Ethernet.Interface.{i}.VlanInterface.{i}.VlanPppoeAddress.{i}.PppoeIpAddress,deleted_by_000005
SL,WAN口配置参数管理,ADD VLAN_INTERFACE,ADD,Device.Ethernet.Interface.{i}.VlanInterface.{i}.VlanPppoeAddress.{i}.PppoePassword,deleted_by_000005
SL,WAN口配置参数管理,LST VLAN_INTERFACE,LST,Device.Ethernet.Interface.{i}.VlanInterface.{i}.VlanPppoeAddress.{i}.PppoePassword,deleted_by_000005
SL,WAN口配置参数管理,MOD VLAN_INTERFACE,MOD,Device.Ethernet.Interface.{i}.VlanInterface.{i}.VlanPppoeAddress.{i}.PppoePassword,deleted_by_000005
SL,WAN口配置参数管理,RMV VLAN_INTERFACE,RMV,Device.Ethernet.Interface.{i}.VlanInterface.{i}.VlanPppoeAddress.{i}.PppoePassword,deleted_by_000005
SL,WAN口配置参数管理,ADD VLAN_INTERFACE,ADD,Device.Ethernet.Interface.{i}.VlanInterface.{i}.VlanPppoeAddress.{i}.PppoeUser,deleted_by_000005
SL,WAN口配置参数管理,LST VLAN_INTERFACE,LST,Device.Ethernet.Interface.{i}.VlanInterface.{i}.VlanPppoeAddress.{i}.PppoeUser,deleted_by_000005
SL,WAN口配置参数管理,MOD VLAN_INTERFACE,MOD,Device.Ethernet.Interface.{i}.VlanInterface.{i}.VlanPppoeAddress.{i}.PppoeUser,deleted_by_000005
SL,WAN口配置参数管理,RMV VLAN_INTERFACE,RMV,Device.Ethernet.Interface.{i}.VlanInterface.{i}.VlanPppoeAddress.{i}.PppoeUser,deleted_by_000005
SL,WAN口配置参数管理,LST ETHERNET_INTERFACE,LST,Device.Ethernet.Interface.{i}.interfaceType,deleted_by_000005
SL,WAN口配置参数管理,MOD ETHERNET_INTERFACE,MOD,Device.Ethernet.Interface.{i}.interfaceType,deleted_by_000005
SL,WAN口配置参数管理,ADD ETHERNET_IP_ROUTE,ADD,Device.Ethernet.IpRoute.{i},deleted_by_000005
SL,WAN口配置参数管理,LST ETHERNET_IP_ROUTE,LST,Device.Ethernet.IpRoute.{i},deleted_by_000005
SL,WAN口配置参数管理,MOD ETHERNET_IP_ROUTE,MOD,Device.Ethernet.IpRoute.{i},deleted_by_000005
SL,WAN口配置参数管理,RMV ETHERNET_IP_ROUTE,RMV,Device.Ethernet.IpRoute.{i},deleted_by_000005
SN,时间服务器参数管理,LST TIME,LST,Device.Time.LTE_X_COM_NTP_SYNC_INTERVAL,deleted_by_000005
SN,时间服务器参数管理,MOD TIME,MOD,Device.Time.LTE_X_COM_NTP_SYNC_INTERVAL,deleted_by_000005
SN,时间服务器参数管理,LST TIME,LST,Device.Time.NTPPort1,deleted_by_000005
SN,时间服务器参数管理,MOD TIME,MOD,Device.Time.NTPPort1,deleted_by_000005
SN,时间服务器参数管理,LST TIME,LST,Device.Time.NTPPort2,deleted_by_000005
SN,时间服务器参数管理,MOD TIME,MOD,Device.Time.NTPPort2,deleted_by_000005
SN,时间服务器参数管理,LST TIME,LST,Device.Time.NTPPort3,deleted_by_000005
SN,时间服务器参数管理,MOD TIME,MOD,Device.Time.NTPPort3,deleted_by_000005
SN,时间服务器参数管理,LST TIME,LST,Device.Time.NTPPort4,deleted_by_000005
SN,时间服务器参数管理,MOD TIME,MOD,Device.Time.NTPPort4,deleted_by_000005
SO,GPS信息参数管理,LST FAP_GPS,LST,Device.FAP.GPS.Height,deleted_by_000005
SO,GPS信息参数管理,LST FAP_GPS,LST,Device.FAP.GPS.LockedAltitude,deleted_by_000005
SO,GPS信息参数管理,LST FAP_GPS,LST,Device.FAP.GPS.SyncSource,deleted_by_000005
SP,MR参数管理,LST MR_MGMT_CONFIG,LST,Device.FAP.MRMgmt.Config.{i}.MrGnssReportEnable,deleted_by_000005
SP,MR参数管理,MOD MR_MGMT_CONFIG,MOD,Device.FAP.MRMgmt.Config.{i}.MrGnssReportEnable,deleted_by_000005
SP,MR参数管理,LST MR_MGMT_CONFIG,LST,Device.FAP.MRMgmt.Config.{i}.PeriodicReportInterval,deleted_by_000005
SP,MR参数管理,MOD MR_MGMT_CONFIG,MOD,Device.FAP.MRMgmt.Config.{i}.PeriodicReportInterval,deleted_by_000005
SP,MR参数管理,LST MR_MGMT_CONFIG,LST,Device.FAP.MRMgmt.Config.{i}.Vendor,deleted_by_000005
SP,MR参数管理,MOD MR_MGMT_CONFIG,MOD,Device.FAP.MRMgmt.Config.{i}.Vendor,deleted_by_000005
